window,model,target,segment_type,segment_value,wape_micro,mae,rmse,forecast_bias,n
1,baseline_moyenne_produit,margin_window_xof_7j,categorie,Alimentation & Epicerie,0.10405829353919974,473.1637333682324,1034.789360715886,-0.06757818578171658,39
1,baseline_moyenne_produit,margin_window_xof_7j,categorie,Bebe & Enfant,0.13949430353093287,3610.185643825249,6554.2504638328155,0.014354728342742411,42
1,baseline_moyenne_produit,margin_window_xof_7j,categorie,Electronique & High-Tech,0.13378856823470933,26345.915619357533,48899.90000113147,0.030171499473703633,42
1,baseline_moyenne_produit,margin_window_xof_7j,categorie,Mode & Vetements,0.11880638298518725,5575.843442457618,7978.899914738879,-0.004992690329565489,32
1,baseline_moyenne_produit,margin_window_xof_7j,categorie,Sport & Loisirs,0.17470729409838898,6312.801072277767,12136.467482899865,0.027063794388133135,29
1,baseline_moyenne_produit,margin_window_xof_7j,categorie,Telephonie & Accessoires,0.1996474075886327,24420.310909610507,44964.32872125227,0.0556399378879882,41
1,baseline_moyenne_produit,margin_window_xof_7j,classe_abc,A,0.14370775918981513,56337.979283773464,72510.74409848718,0.029156283266800555,33
1,baseline_moyenne_produit,margin_window_xof_7j,classe_abc,B,0.12135329768072016,9833.519087402221,12864.494301609666,0.023905332539374297,39
1,baseline_moyenne_produit,margin_window_xof_7j,classe_abc,C,0.3957077923846673,2592.680042029781,8675.935589872477,0.10006638756745861,153
1,baseline_moyenne_produit,margin_window_xof_7j,treatment_group,controle_0pct,0.12654138106079277,13964.560059599979,35982.33597339245,-0.07550760184110104,53
1,baseline_moyenne_produit,margin_window_xof_7j,treatment_group,traitement_10pct,0.14722573211901435,9569.108638321375,24953.18058091679,0.11977918375274889,59
1,baseline_moyenne_produit,margin_window_xof_7j,treatment_group,traitement_15pct,0.18207734458139543,9750.76567399182,22148.649234457018,0.003747086245293658,57
1,baseline_moyenne_produit,margin_window_xof_7j,treatment_group,traitement_5pct,0.1784868851751035,13907.997695829894,32226.563338728167,0.12006648946579396,56
1,baseline_mediane_produit,margin_window_xof_7j,categorie,Alimentation & Epicerie,0.0878694237525164,399.55128205128204,971.6549225221568,-0.07333213035068824,39
1,baseline_mediane_produit,margin_window_xof_7j,categorie,Bebe & Enfant,0.13420599421149568,3473.3214285714284,6367.256324445442,0.01177618396624783,42
1,baseline_mediane_produit,margin_window_xof_7j,categorie,Electronique & High-Tech,0.12452052268694704,24520.833333333332,47175.37027815417,0.029584226292132795,42
1,baseline_mediane_produit,margin_window_xof_7j,categorie,Mode & Vetements,0.11025415659562,5174.46875,8529.277817831355,-0.010772857114320529,32
1,baseline_mediane_produit,margin_window_xof_7j,categorie,Sport & Loisirs,0.1695179954841899,6125.293103448276,12302.401101845511,0.03427081881981994,29
1,baseline_mediane_produit,margin_window_xof_7j,categorie,Telephonie & Accessoires,0.17987579274596935,22001.90243902439,44922.58871034732,0.04820972262241015,41
1,baseline_mediane_produit,margin_window_xof_7j,classe_abc,A,0.14083969117515427,55213.606060606064,72529.87565907728,0.03650672232493332,33
1,baseline_mediane_produit,margin_window_xof_7j,classe_abc,B,0.1215196626600267,9847.0,13522.081405081135,0.029431811493633105,39
1,baseline_mediane_produit,margin_window_xof_7j,classe_abc,C,0.22998442825976576,1506.859477124183,5073.0973749269,-0.05917211411561793,153
1,baseline_mediane_produit,margin_window_xof_7j,treatment_group,controle_0pct,0.11151455217443562,12306.264150943396,33420.71780686967,-0.07289585595529789,53
1,baseline_mediane_produit,margin_window_xof_7j,treatment_group,traitement_10pct,0.1409940976965005,9164.07627118644,24689.589603391516,0.11938943468376494,59
1,baseline_mediane_produit,margin_window_xof_7j,treatment_group,traitement_15pct,0.17194024335351124,9207.894736842105,21763.535082753573,0.0032641946932921518,57
1,baseline_mediane_produit,margin_window_xof_7j,treatment_group,traitement_5pct,0.1647416568009911,12836.94642857143,33409.45979461292,0.10645877476788736,56
1,GLM_Poisson,margin_window_xof_7j,categorie,Alimentation & Epicerie,1.7683449386863321,8040.845804918413,14079.396982126429,1.695747615037634,39
1,GLM_Poisson,margin_window_xof_7j,categorie,Bebe & Enfant,0.432526433286692,11194.010654924645,17503.833997034628,0.05264394507061479,42
1,GLM_Poisson,margin_window_xof_7j,categorie,Electronique & High-Tech,0.3514825959843417,69214.66413506177,121174.1519103404,0.0048258592765773,42
1,GLM_Poisson,margin_window_xof_7j,categorie,Mode & Vetements,0.3850097243527263,18069.348572645467,37174.54127440528,-0.2685704013411017,32
1,GLM_Poisson,margin_window_xof_7j,categorie,Sport & Loisirs,0.29697404487033585,10730.737251533044,15961.985696150676,0.1032333080977398,29
1,GLM_Poisson,margin_window_xof_7j,categorie,Telephonie & Accessoires,0.2966027625371422,36279.61797896538,72711.74403929862,0.11516215825236066,41
1,GLM_Poisson,margin_window_xof_7j,classe_abc,A,0.3155084187195695,123689.26255541384,157801.64878566342,0.04463507686667042,33
1,GLM_Poisson,margin_window_xof_7j,classe_abc,B,0.3786738172966385,30684.755020691566,42318.680914535355,-0.07074443581060248,39
1,GLM_Poisson,margin_window_xof_7j,classe_abc,C,0.7872468237463695,5158.04633459029,9593.55254207164,0.32554703664564766,153
1,GLM_Poisson,margin_window_xof_7j,treatment_group,controle_0pct,0.30960427787481953,34166.59038212106,84365.11668393413,-0.05649162029515172,53
1,GLM_Poisson,margin_window_xof_7j,treatment_group,traitement_10pct,0.45564806228550203,29615.378684793624,64170.71436599907,0.22206401544897175,59
1,GLM_Poisson,margin_window_xof_7j,treatment_group,traitement_15pct,0.39697772148399263,21259.29916698225,42533.813437790544,-0.06511319363187791,57
1,GLM_Poisson,margin_window_xof_7j,treatment_group,traitement_5pct,0.2973946628081021,23173.491324191313,57066.57101995716,0.08200245846343225,56
1,GLM_Tweedie,margin_window_xof_7j,categorie,Alimentation & Epicerie,1.452659984913689,6605.393942170227,11314.83950754512,1.3764877350725944,39
1,GLM_Tweedie,margin_window_xof_7j,categorie,Bebe & Enfant,0.42487735215612443,10996.04842860401,17756.195258282478,0.026671061829491666,42
1,GLM_Tweedie,margin_window_xof_7j,categorie,Electronique & High-Tech,0.3820668708639639,75237.38144110376,135990.8607154685,0.004133850787495636,42
1,GLM_Tweedie,margin_window_xof_7j,categorie,Mode & Vetements,0.37183268244811574,17450.921171282927,37259.52749838173,-0.2765580104573763,32
1,GLM_Tweedie,margin_window_xof_7j,categorie,Sport & Loisirs,0.31620675781956725,11425.684142876593,16889.75123142302,0.1648710432378147,29
1,GLM_Tweedie,margin_window_xof_7j,categorie,Telephonie & Accessoires,0.3209879218769494,39262.34227201246,78698.7539175127,0.1425564770000321,41
1,GLM_Tweedie,margin_window_xof_7j,classe_abc,A,0.34802400368599234,136436.39856647994,175833.41897451648,0.05739333723969571,33
1,GLM_Tweedie,margin_window_xof_7j,classe_abc,B,0.357521419695087,28970.730684027625,41892.76493661279,-0.07513718327719066,39
1,GLM_Tweedie,margin_window_xof_7j,classe_abc,C,0.744855010916613,4880.294899859054,9172.997283759925,0.27390510507983584,153
1,GLM_Tweedie,margin_window_xof_7j,treatment_group,controle_0pct,0.3423429403470814,37779.48771682957,100108.57230246504,-0.043969632149177214,53
1,GLM_Tweedie,margin_window_xof_7j,treatment_group,traitement_10pct,0.47193507047237254,30673.971829417318,67624.00956990857,0.23560876092542354,59
1,GLM_Tweedie,margin_window_xof_7j,treatment_group,traitement_15pct,0.38228094212226327,20472.244346691197,42896.5653575838,-0.07156185394738912,57
1,GLM_Tweedie,margin_window_xof_7j,treatment_group,traitement_5pct,0.3208234400110466,24999.100970720774,59122.69514188933,0.0806062492579149,56
1,LightGBM_Poisson,margin_window_xof_7j,categorie,Alimentation & Epicerie,0.42905407749415975,1950.952895912354,2601.536014504294,0.28626489495091645,39
1,LightGBM_Poisson,margin_window_xof_7j,categorie,Bebe & Enfant,0.3076531453596505,7962.224553555324,11804.296592633847,0.09616972754296821,42
1,LightGBM_Poisson,margin_window_xof_7j,categorie,Electronique & High-Tech,0.15081287961444578,29698.377470218744,48854.396128217355,0.03895750269910899,42
1,LightGBM_Poisson,margin_window_xof_7j,categorie,Mode & Vetements,0.1390140671448147,6524.234264378034,9652.20678717358,-0.02587377362945997,32
1,LightGBM_Poisson,margin_window_xof_7j,categorie,Sport & Loisirs,0.19515605874076017,7051.688272307425,10651.30794710948,0.0677608735629088,29
1,LightGBM_Poisson,margin_window_xof_7j,categorie,Telephonie & Accessoires,0.17403398572720774,21287.348990045743,41304.97594233974,0.03887033740837844,41
1,LightGBM_Poisson,margin_window_xof_7j,classe_abc,A,0.14572620417039459,57129.27345008999,71110.58163363233,0.030293095778414564,33
1,LightGBM_Poisson,margin_window_xof_7j,classe_abc,B,0.16628606818034614,13474.518259261837,16427.36333510219,0.028875527596652142,39
1,LightGBM_Poisson,margin_window_xof_7j,classe_abc,C,0.5318093214210678,3484.418149828754,5821.58518208906,0.2208889185420819,153
1,LightGBM_Poisson,margin_window_xof_7j,treatment_group,controle_0pct,0.15325616022856792,16912.68766054754,38362.5149355025,-0.07769213755163562,53
1,LightGBM_Poisson,margin_window_xof_7j,treatment_group,traitement_10pct,0.18676705176903438,12139.142952212662,25421.11067834087,0.16711941753155982,59
1,LightGBM_Poisson,margin_window_xof_7j,treatment_group,traitement_15pct,0.20423809287959568,10937.537506109933,22683.588250506087,0.022374466443198522,57
1,LightGBM_Poisson,margin_window_xof_7j,treatment_group,traitement_5pct,0.16222028228210558,12640.47669375264,25747.875295054164,0.10308768459015855,56
1,LightGBM_Tweedie,margin_window_xof_7j,categorie,Alimentation & Epicerie,0.16662056851334073,757.6408143192386,1659.2804288960715,-0.03089297212429812,39
1,LightGBM_Tweedie,margin_window_xof_7j,categorie,Bebe & Enfant,0.2454635907866063,6352.726305723973,10177.85349913623,0.03879669140929256,42
1,LightGBM_Tweedie,margin_window_xof_7j,categorie,Electronique & High-Tech,0.15549279250637754,30619.95538815022,51677.97301942189,0.041274310757261276,42
1,LightGBM_Tweedie,margin_window_xof_7j,categorie,Mode & Vetements,0.13245278263356167,6216.2988294550605,9799.172940146958,-0.011665029622142671,32
1,LightGBM_Tweedie,margin_window_xof_7j,categorie,Sport & Loisirs,0.16480160956083714,5954.873166101816,9600.529592521516,0.04881390215044913,29
1,LightGBM_Tweedie,margin_window_xof_7j,categorie,Telephonie & Accessoires,0.1693625966685333,20715.95778306531,42920.34686729472,0.03752986975117241,41
1,LightGBM_Tweedie,margin_window_xof_7j,classe_abc,A,0.15263027318267236,59835.8865041123,74750.75861753902,0.03771955314646846,33
1,LightGBM_Tweedie,margin_window_xof_7j,classe_abc,B,0.15320525294087173,12414.551626343633,15227.272944685155,0.02911315873962945,39
1,LightGBM_Tweedie,margin_window_xof_7j,classe_abc,C,0.34377136206665343,2252.3922111323604,5400.140837339998,0.019872477663491542,153
1,LightGBM_Tweedie,margin_window_xof_7j,treatment_group,controle_0pct,0.14697656808338352,16219.699003982372,39046.73675427422,-0.08125063529282403,53
1,LightGBM_Tweedie,margin_window_xof_7j,treatment_group,traitement_10pct,0.16922352962748735,10998.88121362234,26272.852896265922,0.1483574507807771,59
1,LightGBM_Tweedie,margin_window_xof_7j,treatment_group,traitement_15pct,0.1904628572966917,10199.834006634273,23286.152131604355,0.007125030506171795,57
1,LightGBM_Tweedie,margin_window_xof_7j,treatment_group,traitement_5pct,0.16348815435403352,12739.2714138111,28491.27460424242,0.11102311825241717,56
1,LightGBM_L1,margin_window_xof_7j,categorie,Alimentation & Epicerie,0.22148486601993275,1007.1144021891491,2409.5305478603154,0.047238494722540776,39
1,LightGBM_L1,margin_window_xof_7j,categorie,Bebe & Enfant,0.24720347734968875,6397.7554813457,12091.066518443473,-0.03187393074788569,42
1,LightGBM_L1,margin_window_xof_7j,categorie,Electronique & High-Tech,0.1643049621393191,32355.265666421907,63397.39715764111,0.01107261732959634,42
1,LightGBM_L1,margin_window_xof_7j,categorie,Mode & Vetements,0.19710792182493417,9250.705944823152,19831.352261740216,-0.07167957542616162,32
1,LightGBM_L1,margin_window_xof_7j,categorie,Sport & Loisirs,0.14623582627863932,5284.024835375962,8948.980455628547,0.037708496014822304,29
1,LightGBM_L1,margin_window_xof_7j,categorie,Telephonie & Accessoires,0.22414102769468439,27416.30181936538,88080.2465650177,-0.07153416459332791,41
1,LightGBM_L1,margin_window_xof_7j,classe_abc,A,0.18287958917649622,71694.5735187599,121070.36113560047,-0.01915716332855627,33
1,LightGBM_L1,margin_window_xof_7j,classe_abc,B,0.17706345072595725,14347.832779756649,22476.101634526436,-0.03709174411922652,39
1,LightGBM_L1,margin_window_xof_7j,classe_abc,C,0.3139741958171317,2057.160983112774,5570.779931450308,0.003476157976146711,153
1,LightGBM_L1,margin_window_xof_7j,treatment_group,controle_0pct,0.22110810632166752,24400.535259765875,85611.66729035866,-0.16868941767147944,53
1,LightGBM_L1,margin_window_xof_7j,treatment_group,traitement_10pct,0.1793962069205811,11660.066271146856,28030.659583162836,0.11301443477095642,59
1,LightGBM_L1,margin_window_xof_7j,treatment_group,traitement_15pct,0.19302625175912816,10337.111155478304,23566.04775888312,-0.022600532295333004,57
1,LightGBM_L1,margin_window_xof_7j,treatment_group,traitement_5pct,0.15350679971196385,11961.50750568431,27286.931169022817,0.0597374639429579,56
1,LightGBM_Monotone,margin_window_xof_7j,categorie,Alimentation & Epicerie,0.1859024708413282,845.3176018356055,1838.0821201285326,-0.01650105828205502,39
1,LightGBM_Monotone,margin_window_xof_7j,categorie,Bebe & Enfant,0.24623298289705786,6372.638576557375,10152.993795049531,0.036226920582339686,42
1,LightGBM_Monotone,margin_window_xof_7j,categorie,Electronique & High-Tech,0.15741270168294436,30998.02778873024,52354.74906825946,0.038002918155028396,42
1,LightGBM_Monotone,margin_window_xof_7j,categorie,Mode & Vetements,0.13126287406575962,6160.453817443118,9159.115802934462,-0.009172048346879302,32
1,LightGBM_Monotone,margin_window_xof_7j,categorie,Sport & Loisirs,0.16862287742843632,6092.949278015354,10411.557273723152,0.04788291869065607,29
1,LightGBM_Monotone,margin_window_xof_7j,categorie,Telephonie & Accessoires,0.16808938650348781,20560.222286876193,42830.642339956554,0.03837503216513727,41
1,LightGBM_Monotone,margin_window_xof_7j,classe_abc,A,0.15396472051788948,60359.031995702964,75341.22155752992,0.03601793990109204,33
1,LightGBM_Monotone,margin_window_xof_7j,classe_abc,B,0.1542629948675009,12500.262732871774,15239.773541758577,0.029439545837993627,39
1,LightGBM_Monotone,margin_window_xof_7j,classe_abc,C,0.33914296209814504,2222.066904287714,5270.166028993204,0.02056226878718188,153
1,LightGBM_Monotone,margin_window_xof_7j,treatment_group,controle_0pct,0.1512685562031979,16693.344268257173,39934.11458675751,-0.08225134042239689,53
1,LightGBM_Monotone,margin_window_xof_7j,treatment_group,traitement_10pct,0.16642897987546712,10817.246184287536,25809.350318826724,0.14791746789002466,59
1,LightGBM_Monotone,margin_window_xof_7j,treatment_group,traitement_15pct,0.19085634598994325,10220.9064583008,24013.260769625103,0.010264102406099485,57
1,LightGBM_Monotone,margin_window_xof_7j,treatment_group,traitement_5pct,0.1635749861427883,12746.037492544232,28009.816184424413,0.10590517227383561,56
1,CatBoost_MAE,margin_window_xof_7j,categorie,Alimentation & Epicerie,0.19936146836026958,906.517043964234,2018.2475741970502,-0.026266134248183068,39
1,CatBoost_MAE,margin_window_xof_7j,categorie,Bebe & Enfant,0.3310989089662714,8569.013196808944,16597.318166676374,-0.036523109707650235,42
1,CatBoost_MAE,margin_window_xof_7j,categorie,Electronique & High-Tech,0.22758422292671887,44816.345765847305,85296.24702800477,0.008614354225444999,42
1,CatBoost_MAE,margin_window_xof_7j,categorie,Mode & Vetements,0.291912199725266,13700.078091043633,31694.801494603562,-0.16608034898202842,32
1,CatBoost_MAE,margin_window_xof_7j,categorie,Sport & Loisirs,0.17076537232660277,6170.365302116088,10276.904499713895,0.06200859929584382,29
1,CatBoost_MAE,margin_window_xof_7j,categorie,Telephonie & Accessoires,0.2882814381294967,35261.77691772235,110120.7239558158,-0.11837611907856543,41
1,CatBoost_MAE,margin_window_xof_7j,classe_abc,A,0.2457016570546822,96322.80778139454,155558.73833543534,-0.03937762339715149,33
1,CatBoost_MAE,margin_window_xof_7j,classe_abc,B,0.26292230793240606,21305.160905964563,34271.05571615816,-0.070154332176098,39
1,CatBoost_MAE,margin_window_xof_7j,classe_abc,C,0.33024983149293197,2163.7990544373206,5907.190483431496,-0.020030354819150675,153
1,CatBoost_MAE,margin_window_xof_7j,treatment_group,controle_0pct,0.27430589378750425,30271.213229904493,104941.66094406841,-0.20870530943663806,53
1,CatBoost_MAE,margin_window_xof_7j,treatment_group,traitement_10pct,0.29787566564941687,19360.777251950458,49897.04637417167,0.11827248423302132,59
1,CatBoost_MAE,margin_window_xof_7j,treatment_group,traitement_15pct,0.23762079639658448,12725.277327924978,27472.110959302237,-0.02370757223705281,57
1,CatBoost_MAE,margin_window_xof_7j,treatment_group,traitement_5pct,0.19905844575294904,15510.968226889445,36865.5598766933,0.02023338005705586,56
1,Hurdle_zero_positif,margin_window_xof_7j,categorie,Alimentation & Epicerie,0.1515966113006414,689.3253399544062,1503.1650116978767,-0.037401615927502484,39
1,Hurdle_zero_positif,margin_window_xof_7j,categorie,Bebe & Enfant,0.22893554572111066,5924.971841881531,9445.767749566285,0.02758373878255828,42
1,Hurdle_zero_positif,margin_window_xof_7j,categorie,Electronique & High-Tech,0.15451759615983413,30427.917749977238,49429.30761567654,0.05631530849659005,42
1,Hurdle_zero_positif,margin_window_xof_7j,categorie,Mode & Vetements,0.1194399173893698,5605.5765979024145,8406.111694050389,-0.005048350449008699,32
1,Hurdle_zero_positif,margin_window_xof_7j,categorie,Sport & Loisirs,0.168489169551509,6088.11793291786,10218.719199369343,0.041140349179085836,29
1,Hurdle_zero_positif,margin_window_xof_7j,categorie,Telephonie & Accessoires,0.1790423537070954,21899.958513484195,43522.21498987287,0.052814583965222955,41
1,Hurdle_zero_positif,margin_window_xof_7j,classe_abc,A,0.15423559769235345,60465.224401244835,73227.56910337902,0.05016121255131029,33
1,Hurdle_zero_positif,margin_window_xof_7j,classe_abc,B,0.14289634259141193,11579.198416919997,14446.90933295843,0.032359883938233754,39
1,Hurdle_zero_positif,margin_window_xof_7j,classe_abc,C,0.3597122648210125,2356.837110167828,5306.457353317814,0.038215246746606625,153
1,Hurdle_zero_positif,margin_window_xof_7j,treatment_group,controle_0pct,0.135103509373854,14909.439545373121,34986.41787453133,-0.06203158818014859,53
1,Hurdle_zero_positif,margin_window_xof_7j,treatment_group,traitement_10pct,0.1803820026378214,11724.139216668626,27092.08931627322,0.15478014935198312,59
1,Hurdle_zero_positif,margin_window_xof_7j,treatment_group,traitement_15pct,0.1919746681880747,10280.79582963952,23065.728863156513,0.015561860264709276,57
1,Hurdle_zero_positif,margin_window_xof_7j,treatment_group,traitement_5pct,0.16949421955722033,13207.274096052864,30147.8783594823,0.11716804822660998,56
1,S_learner,margin_window_xof_7j,categorie,Alimentation & Epicerie,0.16662056851334073,757.6408143192386,1659.2804288960715,-0.03089297212429812,39
1,S_learner,margin_window_xof_7j,categorie,Bebe & Enfant,0.2454635907866063,6352.726305723973,10177.85349913623,0.03879669140929256,42
1,S_learner,margin_window_xof_7j,categorie,Electronique & High-Tech,0.15549279250637754,30619.95538815022,51677.97301942189,0.041274310757261276,42
1,S_learner,margin_window_xof_7j,categorie,Mode & Vetements,0.13245278263356167,6216.2988294550605,9799.172940146958,-0.011665029622142671,32
1,S_learner,margin_window_xof_7j,categorie,Sport & Loisirs,0.16480160956083714,5954.873166101816,9600.529592521516,0.04881390215044913,29
1,S_learner,margin_window_xof_7j,categorie,Telephonie & Accessoires,0.1693625966685333,20715.95778306531,42920.34686729472,0.03752986975117241,41
1,S_learner,margin_window_xof_7j,classe_abc,A,0.15263027318267236,59835.8865041123,74750.75861753902,0.03771955314646846,33
1,S_learner,margin_window_xof_7j,classe_abc,B,0.15320525294087173,12414.551626343633,15227.272944685155,0.02911315873962945,39
1,S_learner,margin_window_xof_7j,classe_abc,C,0.34377136206665343,2252.3922111323604,5400.140837339998,0.019872477663491542,153
1,S_learner,margin_window_xof_7j,treatment_group,controle_0pct,0.14697656808338352,16219.699003982372,39046.73675427422,-0.08125063529282403,53
1,S_learner,margin_window_xof_7j,treatment_group,traitement_10pct,0.16922352962748735,10998.88121362234,26272.852896265922,0.1483574507807771,59
1,S_learner,margin_window_xof_7j,treatment_group,traitement_15pct,0.1904628572966917,10199.834006634273,23286.152131604355,0.007125030506171795,57
1,S_learner,margin_window_xof_7j,treatment_group,traitement_5pct,0.16348815435403352,12739.2714138111,28491.27460424242,0.11102311825241717,56
1,T_learner,margin_window_xof_7j,categorie,Alimentation & Epicerie,0.12397175628087596,563.7122908610693,986.8799657525025,-0.033398529767343955,39
1,T_learner,margin_window_xof_7j,categorie,Bebe & Enfant,0.18386573015339522,4758.541406990425,7789.576872884599,0.016164228054803748,42
1,T_learner,margin_window_xof_7j,categorie,Electronique & High-Tech,0.1334348158809579,26276.253989929417,45817.64405003967,0.039449836893673394,42
1,T_learner,margin_window_xof_7j,categorie,Mode & Vetements,0.11840702216296992,5557.10056546916,7845.175556040763,-0.01985004263440808,32
1,T_learner,margin_window_xof_7j,categorie,Sport & Loisirs,0.1668169275072431,6027.693830852581,11610.570158387709,0.015414530166579524,29
1,T_learner,margin_window_xof_7j,categorie,Telephonie & Accessoires,0.15059590622971938,18420.468846867658,39075.594495356854,0.03139138181715142,41
1,T_learner,margin_window_xof_7j,classe_abc,A,0.13384664675151897,52472.11183586559,67222.604287733,0.032508100951705414,33
1,T_learner,margin_window_xof_7j,classe_abc,B,0.12112080566687597,9814.679758768396,12540.60172839496,0.02269380636586602,39
1,T_learner,margin_window_xof_7j,classe_abc,C,0.31818177413095516,2084.729063725457,5100.722010028294,-0.010555709584350979,153
1,T_learner,margin_window_xof_7j,treatment_group,controle_0pct,0.12221035067147905,13486.6062591553,33177.01089697203,-0.0562904734103653,53
1,T_learner,margin_window_xof_7j,treatment_group,traitement_10pct,0.13566953943473395,8818.00037993716,21108.474345798946,0.11638230373290599,59
1,T_learner,margin_window_xof_7j,treatment_group,traitement_15pct,0.1779326611814577,9528.805952871162,21959.209721530315,0.0006500682836937551,57
1,T_learner,margin_window_xof_7j,treatment_group,traitement_5pct,0.1501328152445077,11698.6009725062,29008.901952854776,0.08310671646880619,56
1,Ensemble_contraint,margin_window_xof_7j,categorie,Alimentation & Epicerie,0.14997307588673134,681.9429579109045,1391.7565232669979,-0.029100401325633806,39
1,Ensemble_contraint,margin_window_xof_7j,categorie,Bebe & Enfant,0.2172707646771877,5623.0811983414005,9020.539923165112,0.02665829580656725,42
1,Ensemble_contraint,margin_window_xof_7j,categorie,Electronique & High-Tech,0.14812801934257797,29169.669351836743,48746.82118010128,0.04458935451509726,42
1,Ensemble_contraint,margin_window_xof_7j,categorie,Mode & Vetements,0.11938021459873531,5602.774615338083,8212.75825862682,-0.011356813810098692,32
1,Ensemble_contraint,margin_window_xof_7j,categorie,Sport & Loisirs,0.16638025748423194,6011.915376932139,10638.252882943892,0.034812599345440516,29
1,Ensemble_contraint,margin_window_xof_7j,categorie,Telephonie & Accessoires,0.16222468743400723,19842.86874646301,41144.22252892464,0.040860332649170564,41
1,Ensemble_contraint,margin_window_xof_7j,classe_abc,A,0.14592069222525114,57205.51890870144,71044.61648977727,0.03956241780136925,33
1,Ensemble_contraint,margin_window_xof_7j,classe_abc,B,0.13803278824546056,11185.094132919736,13876.589551564752,0.028164412047364484,39
1,Ensemble_contraint,margin_window_xof_7j,classe_abc,C,0.3302709797246409,2163.9376177897016,5158.176573684292,0.01607393531647917,153
1,Ensemble_contraint,margin_window_xof_7j,treatment_group,controle_0pct,0.13615246063211606,15025.197273973823,35687.165291860125,-0.06685780067097023,53
1,Ensemble_contraint,margin_window_xof_7j,treatment_group,traitement_10pct,0.15824082534600864,10285.04750466805,24443.68736771053,0.13969330699163787,59
1,Ensemble_contraint,margin_window_xof_7j,treatment_group,traitement_15pct,0.18483569736126831,9898.483401667274,22863.38540593737,0.008825343651500858,57
1,Ensemble_contraint,margin_window_xof_7j,treatment_group,traitement_5pct,0.15760249153609354,12280.650687531774,28534.252367846137,0.10205997898975057,56
2,baseline_moyenne_produit,margin_window_xof_7j,categorie,Alimentation & Epicerie,0.12521149828192782,493.7120680130985,1004.9879847224444,0.050287417656214396,40
2,baseline_moyenne_produit,margin_window_xof_7j,categorie,Bebe & Enfant,0.11137719439772535,2874.7806311413456,4789.85483325563,0.01744679187166809,42
2,baseline_moyenne_produit,margin_window_xof_7j,categorie,Electronique & High-Tech,0.18274084801015109,37957.1755067222,71059.69367680818,-0.023998052870846057,42
2,baseline_moyenne_produit,margin_window_xof_7j,categorie,Sport & Loisirs,0.22895615206761313,7877.3966811926775,18421.902653177105,0.1258074802502891,30
2,baseline_moyenne_produit,margin_window_xof_7j,categorie,Telephonie & Accessoires,0.13483191195553687,16540.113457742493,38100.32406182301,0.03466366613341081,41
2,baseline_moyenne_produit,margin_window_xof_7j,classe_abc,A,0.15695607080733343,63318.980272865956,90335.48529989916,-0.000497832328190012,33
2,baseline_moyenne_produit,margin_window_xof_7j,classe_abc,B,0.12416650542170879,8630.705646842127,11627.404790134577,0.021770684738948914,31
2,baseline_moyenne_produit,margin_window_xof_7j,classe_abc,C,0.5217904160463144,2229.610447765901,8422.336842028693,0.14542577814636354,131
2,baseline_moyenne_produit,margin_window_xof_7j,treatment_group,controle_0pct,0.17511566073363694,18396.66264284134,44520.33895909883,0.03537127032250148,48
2,baseline_moyenne_produit,margin_window_xof_7j,treatment_group,traitement_10pct,0.15890786956471073,12903.643180708425,46282.75531572034,-0.02363910680571167,50
2,baseline_moyenne_produit,margin_window_xof_7j,treatment_group,traitement_15pct,0.17373370270288488,9341.930658852598,19075.772700219855,0.01538461319055311,49
2,baseline_moyenne_produit,margin_window_xof_7j,treatment_group,traitement_5pct,0.1545933599229324,13816.263011217343,36143.87452757781,-0.00028771437865282134,48
2,baseline_mediane_produit,margin_window_xof_7j,categorie,Alimentation & Epicerie,0.12664134769624844,499.35,1039.3609815651153,0.042733687967994115,40
2,baseline_mediane_produit,margin_window_xof_7j,categorie,Bebe & Enfant,0.11979335301839086,3092.0119047619046,5660.061627314671,0.021596832679778355,42
2,baseline_mediane_produit,margin_window_xof_7j,categorie,Electronique & High-Tech,0.18592896680669296,38619.380952380954,72576.31463870092,-0.025959792692137645,42
2,baseline_mediane_produit,margin_window_xof_7j,categorie,Sport & Loisirs,0.13916589402337404,4788.1,9154.211644556473,0.057287988133749156,30
2,baseline_mediane_produit,margin_window_xof_7j,categorie,Telephonie & Accessoires,0.12105044660005775,14849.512195121952,40319.07859780044,0.03603896646145306,41
2,baseline_mediane_produit,margin_window_xof_7j,classe_abc,A,0.15804691120807704,63759.045454545456,92960.09244135112,0.0035758416142046647,33
2,baseline_mediane_produit,margin_window_xof_7j,classe_abc,B,0.11272480802011153,7835.403225806452,11136.643646886701,0.03404171092866428,31
2,baseline_mediane_produit,margin_window_xof_7j,classe_abc,C,0.3168832166470453,1354.0419847328244,4593.478735668445,-0.13734830633678896,131
2,baseline_mediane_produit,margin_window_xof_7j,treatment_group,controle_0pct,0.17289631220663748,18163.510416666668,46531.56292871046,0.02399938206591072,48
2,baseline_mediane_produit,margin_window_xof_7j,treatment_group,traitement_10pct,0.1554774978559652,12625.09,47186.36673431215,-0.028258772809156025,50
2,baseline_mediane_produit,margin_window_xof_7j,treatment_group,traitement_15pct,0.1689443169629946,9084.397959183674,20581.937375960486,0.015991120408865016,49
2,baseline_mediane_produit,margin_window_xof_7j,treatment_group,traitement_5pct,0.13429105381344147,12001.8125,34085.4256840442,-0.0010128585245273774,48
2,GLM_Poisson,margin_window_xof_7j,categorie,Alimentation & Epicerie,2.100174243799719,8281.039547658387,14711.651878855133,2.0514481781637137,40
2,GLM_Poisson,margin_window_xof_7j,categorie,Bebe & Enfant,0.331199854207628,8548.670408350416,13607.393729962147,0.04456458981880957,42
2,GLM_Poisson,margin_window_xof_7j,categorie,Electronique & High-Tech,0.29026325100579226,60290.697353919466,133238.98529219202,-0.029867062461738963,42
2,GLM_Poisson,margin_window_xof_7j,categorie,Sport & Loisirs,0.4184605323965221,14397.42753947502,22365.594554599284,0.13067806261742596,30
2,GLM_Poisson,margin_window_xof_7j,categorie,Telephonie & Accessoires,0.30749252263714844,37720.752736214774,74982.10605131836,0.1320571760523952,41
2,GLM_Poisson,margin_window_xof_7j,classe_abc,A,0.2869931964768383,115778.36048450961,171137.3590894063,0.03417198888449098,33
2,GLM_Poisson,margin_window_xof_7j,classe_abc,B,0.3442018757870783,23925.172597229284,31570.26817173393,0.04228120391594141,31
2,GLM_Poisson,margin_window_xof_7j,classe_abc,C,1.1408443748297084,4874.828013647344,8808.81984484003,0.6509028051888452,131
2,GLM_Poisson,margin_window_xof_7j,treatment_group,controle_0pct,0.30298081845752145,31829.454207942996,78382.78985482772,0.06640586813630342,48
2,GLM_Poisson,margin_window_xof_7j,treatment_group,traitement_10pct,0.4712252523756164,38264.451792414904,109151.44911786252,0.10019405625991225,50
2,GLM_Poisson,margin_window_xof_7j,treatment_group,traitement_15pct,0.39134131796482147,21043.02964533917,41510.26061074584,-0.001329330825435715,49
2,GLM_Poisson,margin_window_xof_7j,treatment_group,traitement_5pct,0.16989539049533064,15183.830668064556,26031.506660132472,0.04014811138804789,48
2,GLM_Tweedie,margin_window_xof_7j,categorie,Alimentation & Epicerie,1.7364808715374007,6846.98748849376,11968.02009690479,1.6834169504110243,40
2,GLM_Tweedie,margin_window_xof_7j,categorie,Bebe & Enfant,0.3268720418016511,8436.964314951372,13726.561608500868,0.019342917875451754,42
2,GLM_Tweedie,margin_window_xof_7j,categorie,Electronique & High-Tech,0.31996105414116904,66459.24006370794,145794.89652304805,-0.03419391234902579,42
2,GLM_Tweedie,margin_window_xof_7j,categorie,Sport & Loisirs,0.44043258536022006,15153.391402128123,24259.50830671511,0.19181094154626857,30
2,GLM_Tweedie,margin_window_xof_7j,categorie,Telephonie & Accessoires,0.29987844239565414,36786.71754199309,71234.25480077665,0.15222282067436818,41
2,GLM_Tweedie,margin_window_xof_7j,classe_abc,A,0.30677566034115067,123758.97208322043,182101.43847399726,0.04159073513175293,33
2,GLM_Tweedie,margin_window_xof_7j,classe_abc,B,0.3220334330678808,22384.26345181637,30330.01515964286,0.03627314179707624,31
2,GLM_Tweedie,margin_window_xof_7j,classe_abc,C,1.079776617919406,4613.885488369621,8414.847583528197,0.5715307585012103,131
2,GLM_Tweedie,margin_window_xof_7j,treatment_group,controle_0pct,0.32839597513476465,34499.42707871543,90031.03219556816,0.07852402515760214,48
2,GLM_Tweedie,margin_window_xof_7j,treatment_group,traitement_10pct,0.4885042625756121,39667.542669835355,112380.31070513978,0.10825496416026273,50
2,GLM_Tweedie,margin_window_xof_7j,treatment_group,traitement_15pct,0.38542546938295,20724.92529149006,40469.60350537082,-0.020621313188529066,49
2,GLM_Tweedie,margin_window_xof_7j,treatment_group,traitement_5pct,0.1695882461266916,15156.380670330846,25543.08479105993,0.03977144202503817,48
2,LightGBM_Poisson,margin_window_xof_7j,categorie,Alimentation & Epicerie,0.5434578839361229,2142.8680228072312,2819.628236044707,0.46195852900487977,40
2,LightGBM_Poisson,margin_window_xof_7j,categorie,Bebe & Enfant,0.22505270279820203,5808.883537503563,8023.849208255226,0.08848849071373789,42
2,LightGBM_Poisson,margin_window_xof_7j,categorie,Electronique & High-Tech,0.18648203553862952,38734.25908255264,73775.82818860984,-0.021024692918567258,42
2,LightGBM_Poisson,margin_window_xof_7j,categorie,Sport & Loisirs,0.2214828030271834,7620.270876112364,12097.745562593234,0.08593355294938095,30
2,LightGBM_Poisson,margin_window_xof_7j,categorie,Telephonie & Accessoires,0.16957954426022018,20802.67839783551,40870.520612378605,0.026304464313418367,41
2,LightGBM_Poisson,margin_window_xof_7j,classe_abc,A,0.1682562074804651,67877.66428812152,94483.87086369861,-0.006068396963564949,33
2,LightGBM_Poisson,margin_window_xof_7j,classe_abc,B,0.16865139018501296,11722.811241839767,14419.416281662781,0.03925529627725021,31
2,LightGBM_Poisson,margin_window_xof_7j,classe_abc,C,0.7765332498650922,3318.126576673539,5136.751821578381,0.36188715951405487,131
2,LightGBM_Poisson,margin_window_xof_7j,treatment_group,controle_0pct,0.17025344437162462,17885.865643111534,40685.01513317774,0.011336052053244935,48
2,LightGBM_Poisson,margin_window_xof_7j,treatment_group,traitement_10pct,0.2194271109974707,17817.929044301054,52808.60602559043,0.009227739702681448,50
2,LightGBM_Poisson,margin_window_xof_7j,treatment_group,traitement_15pct,0.20154842286372235,10837.571303099447,21200.12123919834,0.03611897401595118,49
2,LightGBM_Poisson,margin_window_xof_7j,treatment_group,traitement_5pct,0.17660002033013297,15783.03447110411,36396.6931642078,0.0038637672386215073,48
2,LightGBM_Tweedie,margin_window_xof_7j,categorie,Alimentation & Epicerie,0.22038031754877402,868.9651016027547,1876.972212271043,0.09658985931991317,40
2,LightGBM_Tweedie,margin_window_xof_7j,categorie,Bebe & Enfant,0.17545211165254754,4528.632050744973,7093.19209053003,0.02343957614512109,42
2,LightGBM_Tweedie,margin_window_xof_7j,categorie,Electronique & High-Tech,0.19021244767938122,39509.104498236906,73373.77196021081,-0.015865117473875784,42
2,LightGBM_Tweedie,margin_window_xof_7j,categorie,Sport & Loisirs,0.1924518235858078,6621.439706746228,12108.448297844638,0.06269006404754457,30
2,LightGBM_Tweedie,margin_window_xof_7j,categorie,Telephonie & Accessoires,0.14737604992276582,18078.92917427674,39967.31396596274,0.030850262919744593,41
2,LightGBM_Tweedie,margin_window_xof_7j,classe_abc,A,0.16855536124570764,67998.34844683239,93679.371806613,0.006607462631356728,33
2,LightGBM_Tweedie,margin_window_xof_7j,classe_abc,B,0.15290987442272988,10628.63219155591,14011.825319730038,0.022172652729477917,31
2,LightGBM_Tweedie,margin_window_xof_7j,classe_abc,C,0.4480284152139043,1914.425418209013,4431.587969459,-0.02435216969872641,131
2,LightGBM_Tweedie,margin_window_xof_7j,treatment_group,controle_0pct,0.1617012178452472,16987.41700869592,41780.45643525634,0.004626856370629978,48
2,LightGBM_Tweedie,margin_window_xof_7j,treatment_group,traitement_10pct,0.19994953666201243,16236.3102740102,51351.479200136084,-0.004773246951890367,50
2,LightGBM_Tweedie,margin_window_xof_7j,treatment_group,traitement_15pct,0.18376660607172868,9881.415434233208,21786.753509823728,0.023395680445047078,49
2,LightGBM_Tweedie,margin_window_xof_7j,treatment_group,traitement_5pct,0.16616519642665875,14850.457084869611,35167.71888887035,0.013174170149880171,48
2,LightGBM_L1,margin_window_xof_7j,categorie,Alimentation & Epicerie,0.1916355507088894,755.6237673339186,1411.570313880385,0.11444273069253465,40
2,LightGBM_L1,margin_window_xof_7j,categorie,Bebe & Enfant,0.18502222057011997,4775.64818275406,9031.610699459794,-0.05477434798721779,42
2,LightGBM_L1,margin_window_xof_7j,categorie,Electronique & High-Tech,0.20843402133141595,43293.9149368999,94736.99976324264,-0.049838330596154924,42
2,LightGBM_L1,margin_window_xof_7j,categorie,Sport & Loisirs,0.16894640419243545,5812.719298723677,11188.343913588193,0.06403109544197341,30
2,LightGBM_L1,margin_window_xof_7j,categorie,Telephonie & Accessoires,0.1626325014471209,19950.470084106724,39930.250253696315,-0.06089468790108824,41
2,LightGBM_L1,margin_window_xof_7j,classe_abc,A,0.1887704711185764,76153.49744279076,115498.77697121065,-0.04744422993086872,33
2,LightGBM_L1,margin_window_xof_7j,classe_abc,B,0.14107466380634004,9805.977009697315,14220.40478912431,-0.009447775881338457,31
2,LightGBM_L1,margin_window_xof_7j,classe_abc,C,0.4009674651882974,1713.3339787495947,4863.677024873302,-0.1149040045644042,131
2,LightGBM_L1,margin_window_xof_7j,treatment_group,controle_0pct,0.17095179277193784,17959.230183289765,44417.451805856006,-0.07978050905491602,48
2,LightGBM_L1,margin_window_xof_7j,treatment_group,traitement_10pct,0.22643754575949532,18387.190648264368,71599.76576358914,-0.044590052622727895,50
2,LightGBM_L1,margin_window_xof_7j,treatment_group,traitement_15pct,0.21426714063770352,11521.476484797246,28910.29682980772,-0.010105738276197379,49
2,LightGBM_L1,margin_window_xof_7j,treatment_group,traitement_5pct,0.16213720961619227,14490.469274223264,34642.86050836645,-0.024785126240582205,48
2,LightGBM_Monotone,margin_window_xof_7j,categorie,Alimentation & Epicerie,0.22955433571900424,905.1384845984267,1949.2257980627949,0.10110842542727509,40
2,LightGBM_Monotone,margin_window_xof_7j,categorie,Bebe & Enfant,0.17610803616743656,4545.562258954027,7232.425812805467,0.021157770364239,42
2,LightGBM_Monotone,margin_window_xof_7j,categorie,Electronique & High-Tech,0.19041244816947353,39550.64668098656,74071.08723657203,-0.01751315759304915,42
2,LightGBM_Monotone,margin_window_xof_7j,categorie,Sport & Loisirs,0.17921468563265935,6166.006709471588,11259.628788123817,0.05073908835432069,30
2,LightGBM_Monotone,margin_window_xof_7j,categorie,Telephonie & Accessoires,0.15146041960169435,18579.96737000535,41308.59846865881,0.033730870537372754,41
2,LightGBM_Monotone,margin_window_xof_7j,classe_abc,A,0.16933057243757493,68311.08297129309,95050.47402122327,0.005783054637197621,33
2,LightGBM_Monotone,margin_window_xof_7j,classe_abc,B,0.15177887788362193,10550.017607184016,13527.805851814384,0.024615434880761514,31
2,LightGBM_Monotone,margin_window_xof_7j,classe_abc,C,0.4532076868968335,1936.5564461101694,4568.554328246345,-0.0391333391360197,131
2,LightGBM_Monotone,margin_window_xof_7j,treatment_group,controle_0pct,0.1663902689129287,17480.02224026572,43093.29514969166,0.00338351346792075,48
2,LightGBM_Monotone,margin_window_xof_7j,treatment_group,traitement_10pct,0.20377046635829812,16546.577560045178,51713.46649597918,0.0007584003960744443,50
2,LightGBM_Monotone,margin_window_xof_7j,treatment_group,traitement_15pct,0.17881132016259005,9614.96202514925,21452.6667084416,0.017409003256963894,49
2,LightGBM_Monotone,margin_window_xof_7j,treatment_group,traitement_5pct,0.16259400260673693,14531.29361559337,35691.53007221667,0.009817144243217049,48
2,CatBoost_MAE,margin_window_xof_7j,categorie,Alimentation & Epicerie,0.22401834039291185,883.3099166277613,2047.9581806563938,0.13384263330573523,40
2,CatBoost_MAE,margin_window_xof_7j,categorie,Bebe & Enfant,0.27403021085686613,7073.052493186041,13895.182104418367,-0.05156514833097291,42
2,CatBoost_MAE,margin_window_xof_7j,categorie,Electronique & High-Tech,0.2549281805011618,52951.23555711223,125201.32777540231,-0.060634547212737804,42
2,CatBoost_MAE,margin_window_xof_7j,categorie,Sport & Loisirs,0.23330467871384092,8027.010784424797,13732.117687991618,0.06199506915365426,30
2,CatBoost_MAE,margin_window_xof_7j,categorie,Telephonie & Accessoires,0.28760929960125414,35281.636060128905,80555.3786444117,-0.1265145670437028,41
2,CatBoost_MAE,margin_window_xof_7j,classe_abc,A,0.2642097304455271,106587.08913856113,167074.70532798275,-0.07980972334897059,33
2,CatBoost_MAE,margin_window_xof_7j,classe_abc,B,0.22491676597904353,15633.768507955529,20868.435865570405,-0.012716222316148381,31
2,CatBoost_MAE,margin_window_xof_7j,classe_abc,C,0.43177046617323567,1844.9552019582359,5310.827491942815,-0.08251098924297619,131
2,CatBoost_MAE,margin_window_xof_7j,treatment_group,controle_0pct,0.2506415974141438,26330.99114364455,75541.01714930219,-0.1425068728657439,48
2,CatBoost_MAE,margin_window_xof_7j,treatment_group,traitement_10pct,0.3347658128468587,27183.66692542313,100130.42897247945,-0.05186852011763622,50
2,CatBoost_MAE,margin_window_xof_7j,treatment_group,traitement_15pct,0.254840036010854,13703.14399840029,33658.5699568467,-0.008648839721880467,49
2,CatBoost_MAE,margin_window_xof_7j,treatment_group,traitement_5pct,0.2212635298639315,19774.685826832458,47352.64120082034,-0.04291374219557481,48
2,Hurdle_zero_positif,margin_window_xof_7j,categorie,Alimentation & Epicerie,0.1879428819780671,741.063482211568,1493.9377133382732,0.09197240370880477,40
2,Hurdle_zero_positif,margin_window_xof_7j,categorie,Bebe & Enfant,0.1468471463683291,3790.303162158593,5888.861535955881,0.0235204852565017,42
2,Hurdle_zero_positif,margin_window_xof_7j,categorie,Electronique & High-Tech,0.1767189985010808,36706.37470777793,69333.73474920132,-0.009057455460304065,42
2,Hurdle_zero_positif,margin_window_xof_7j,categorie,Sport & Loisirs,0.1645242362609957,5660.571515524939,10947.884945798689,0.05278264283669548,30
2,Hurdle_zero_positif,margin_window_xof_7j,categorie,Telephonie & Accessoires,0.14407610691153583,17674.118243257475,40443.46595826729,0.03949577696629746,41
2,Hurdle_zero_positif,margin_window_xof_7j,classe_abc,A,0.15545885113377278,62714.974180672776,89877.0494435902,0.010864637026665631,33
2,Hurdle_zero_positif,margin_window_xof_7j,classe_abc,B,0.1326869190727049,9222.952178717429,12588.586510352628,0.02680451320943126,31
2,Hurdle_zero_positif,margin_window_xof_7j,classe_abc,C,0.48137039740507986,2056.895708111906,4474.081562341609,0.02093433792583719,131
2,Hurdle_zero_positif,margin_window_xof_7j,treatment_group,controle_0pct,0.14807933326214456,15556.378721285198,40449.53404392019,0.026382335517855245,48
2,Hurdle_zero_positif,margin_window_xof_7j,treatment_group,traitement_10pct,0.18722106924417858,15202.73275360856,49536.09614179481,-0.004058884957153046,50
2,Hurdle_zero_positif,margin_window_xof_7j,treatment_group,traitement_15pct,0.18329123923700438,9855.85422222642,21486.32455940298,0.026750006294830233,49
2,Hurdle_zero_positif,margin_window_xof_7j,treatment_group,traitement_5pct,0.14806600669020198,13232.902709872695,32357.541581433983,0.006312039441479458,48
2,S_learner,margin_window_xof_7j,categorie,Alimentation & Epicerie,0.22038031754877402,868.9651016027547,1876.972212271043,0.09658985931991317,40
2,S_learner,margin_window_xof_7j,categorie,Bebe & Enfant,0.17545211165254754,4528.632050744973,7093.19209053003,0.02343957614512109,42
2,S_learner,margin_window_xof_7j,categorie,Electronique & High-Tech,0.19021244767938122,39509.104498236906,73373.77196021081,-0.015865117473875784,42
2,S_learner,margin_window_xof_7j,categorie,Sport & Loisirs,0.1924518235858078,6621.439706746228,12108.448297844638,0.06269006404754457,30
2,S_learner,margin_window_xof_7j,categorie,Telephonie & Accessoires,0.14737604992276582,18078.92917427674,39967.31396596274,0.030850262919744593,41
2,S_learner,margin_window_xof_7j,classe_abc,A,0.16855536124570764,67998.34844683239,93679.371806613,0.006607462631356728,33
2,S_learner,margin_window_xof_7j,classe_abc,B,0.15290987442272988,10628.63219155591,14011.825319730038,0.022172652729477917,31
2,S_learner,margin_window_xof_7j,classe_abc,C,0.4480284152139043,1914.425418209013,4431.587969459,-0.02435216969872641,131
2,S_learner,margin_window_xof_7j,treatment_group,controle_0pct,0.1617012178452472,16987.41700869592,41780.45643525634,0.004626856370629978,48
2,S_learner,margin_window_xof_7j,treatment_group,traitement_10pct,0.19994953666201243,16236.3102740102,51351.479200136084,-0.004773246951890367,50
2,S_learner,margin_window_xof_7j,treatment_group,traitement_15pct,0.18376660607172868,9881.415434233208,21786.753509823728,0.023395680445047078,49
2,S_learner,margin_window_xof_7j,treatment_group,traitement_5pct,0.16616519642665875,14850.457084869611,35167.71888887035,0.013174170149880171,48
2,T_learner,margin_window_xof_7j,categorie,Alimentation & Epicerie,0.139534619220811,550.1884919531383,1139.2121062488948,0.08941165721319877,40
2,T_learner,margin_window_xof_7j,categorie,Bebe & Enfant,0.13384230792311944,3454.6324902981905,5318.802767205194,0.005091728118006619,42
2,T_learner,margin_window_xof_7j,categorie,Electronique & High-Tech,0.16903088610901945,35109.47377096786,71514.12803327572,-0.017106959483532982,42
2,T_learner,margin_window_xof_7j,categorie,Sport & Loisirs,0.16056518333463007,5524.3575282562815,11929.646035979826,0.028213570873810205,30
2,T_learner,margin_window_xof_7j,categorie,Telephonie & Accessoires,0.16007711909291414,19636.995970645876,51050.239867672644,0.0402131896397082,41
2,T_learner,margin_window_xof_7j,classe_abc,A,0.1598384991694794,64481.805155407186,98444.07701688973,0.007283644023757003,33
2,T_learner,margin_window_xof_7j,classe_abc,B,0.12324398518505617,8566.58206867777,12780.840116499185,0.011791893353990678,31
2,T_learner,margin_window_xof_7j,classe_abc,C,0.39138697812828155,1672.396557542147,4176.9045321368385,-0.03682890215857126,131
2,T_learner,margin_window_xof_7j,treatment_group,controle_0pct,0.15262972773885264,16034.417474239332,49444.79448960998,0.06335969702385003,48
2,T_learner,margin_window_xof_7j,treatment_group,traitement_10pct,0.1686822965187007,13697.346589203395,49762.23462730158,-0.037296102341026025,50
2,T_learner,margin_window_xof_7j,treatment_group,traitement_15pct,0.1740250737856721,9357.598133896563,19885.143548006672,0.007530701916450204,49
2,T_learner,margin_window_xof_7j,treatment_group,traitement_5pct,0.1630611047432968,14573.039302309991,37254.977964467194,-0.020083470210069218,48
2,Ensemble_contraint,margin_window_xof_7j,categorie,Alimentation & Epicerie,0.17523276171570443,690.9471602640654,1474.189314789962,0.09416416211642627,40
2,Ensemble_contraint,margin_window_xof_7j,categorie,Bebe & Enfant,0.1476647145969702,3811.40559090124,5887.365657510125,0.01658999457958244,42
2,Ensemble_contraint,margin_window_xof_7j,categorie,Electronique & High-Tech,0.17872077759319127,37122.16505324412,71181.03743504675,-0.014559190845628723,42
2,Ensemble_contraint,margin_window_xof_7j,categorie,Sport & Loisirs,0.16584414592039634,5705.98393129338,11249.41033075809,0.04391176735494213,30
2,Ensemble_contraint,margin_window_xof_7j,categorie,Telephonie & Accessoires,0.15137290979052093,18569.232357911544,43710.095996824835,0.037813279047792844,41
2,Ensemble_contraint,margin_window_xof_7j,classe_abc,A,0.16125765093879496,65054.31721195451,93586.045380673,0.007977111895873435,33
2,Ensemble_contraint,margin_window_xof_7j,classe_abc,B,0.13328971878750726,9264.852261874234,12663.227467103252,0.021070613814727822,31
2,Ensemble_contraint,margin_window_xof_7j,classe_abc,C,0.4383337411819673,1873.0000760705461,4350.2828240869,-0.018342634456251262,131
2,Ensemble_contraint,margin_window_xof_7j,treatment_group,controle_0pct,0.15487732905959326,16270.537779413886,43620.08918309883,0.03104184866987536,48
2,Ensemble_contraint,margin_window_xof_7j,treatment_group,traitement_10pct,0.18592704426821322,15097.65528574922,50179.31013177936,-0.013532195634034877,50
2,Ensemble_contraint,margin_window_xof_7j,treatment_group,traitement_15pct,0.17825848107590436,9585.235009993456,20722.01708298241,0.017229903822748104,49
2,Ensemble_contraint,margin_window_xof_7j,treatment_group,traitement_5pct,0.1570736815271705,14037.933435184073,34822.971020225974,-0.0013180955084575291,48
3,baseline_moyenne_produit,margin_window_xof_7j,categorie,Alimentation & Epicerie,0.11803412098620387,461.94718845068144,926.4504888255375,0.057071478114125045,40
3,baseline_moyenne_produit,margin_window_xof_7j,categorie,Beaute & Soins,0.11996298309205082,2136.9067697665523,3746.0165545810514,0.01812854114105649,39
3,baseline_moyenne_produit,margin_window_xof_7j,categorie,Bebe & Enfant,0.16954227919977574,4215.74950672109,9303.755153987608,0.055495575161552076,42
3,baseline_moyenne_produit,margin_window_xof_7j,categorie,Electronique & High-Tech,0.12347076809566115,25272.09970612667,47165.411568332616,-0.009085521769892189,42
3,baseline_moyenne_produit,margin_window_xof_7j,categorie,Sport & Loisirs,0.13088865699395347,4968.358901281148,10185.435969367598,-0.056117184673060434,30
3,baseline_moyenne_produit,margin_window_xof_7j,categorie,Telephonie & Accessoires,0.1110612799448244,14925.150579965139,31116.42718811923,-0.03195765380830631,40
3,baseline_moyenne_produit,margin_window_xof_7j,classe_abc,A,0.10765647495925307,44641.86153659213,62622.62620655092,-0.027665905494169536,33
3,baseline_moyenne_produit,margin_window_xof_7j,classe_abc,B,0.15167611830121538,10550.228451638823,15021.208212246504,0.027551653702656977,36
3,baseline_moyenne_produit,margin_window_xof_7j,classe_abc,C,0.28520874709172195,1423.012522981897,3452.9838255374225,0.09200156781410235,164
3,baseline_moyenne_produit,margin_window_xof_7j,treatment_group,controle_0pct,0.12667069516632104,10999.930734016933,29527.798301182815,0.05015563897016158,59
3,baseline_moyenne_produit,margin_window_xof_7j,treatment_group,traitement_10pct,0.08516564404259312,6203.38612036041,16382.188913157093,-0.03338589606499934,59
3,baseline_moyenne_produit,margin_window_xof_7j,treatment_group,traitement_15pct,0.19382813181994138,9491.903973524883,24653.57282795411,5.794400462472665e-06,58
3,baseline_moyenne_produit,margin_window_xof_7j,treatment_group,traitement_5pct,0.10976255315720795,9137.501471278285,25465.082486064937,-0.07330101379826233,57
3,baseline_mediane_produit,margin_window_xof_7j,categorie,Alimentation & Epicerie,0.11287664407494236,441.7625,972.9996691931606,0.04973266814439114,40
3,baseline_mediane_produit,margin_window_xof_7j,categorie,Beaute & Soins,0.08369835427495541,1490.923076923077,3270.2636587033617,0.010908164425680393,39
3,baseline_mediane_produit,margin_window_xof_7j,categorie,Bebe & Enfant,0.16345478048546944,4064.3809523809523,9202.091393368399,0.05157466366639536,42
3,baseline_mediane_produit,margin_window_xof_7j,categorie,Electronique & High-Tech,0.11279593839188655,23087.166666666668,45675.25284132588,-0.013641098597758763,42
3,baseline_mediane_produit,margin_window_xof_7j,categorie,Sport & Loisirs,0.13297973234044047,5047.733333333334,11949.58429960362,-0.05997576311075205,30
3,baseline_mediane_produit,margin_window_xof_7j,categorie,Telephonie & Accessoires,0.09277643887552053,12467.9125,29156.88588577748,-0.025774793436474798,40
3,baseline_mediane_produit,margin_window_xof_7j,classe_abc,A,0.0978597050078942,40579.43939393939,59885.59206729111,-0.023537435248732197,33
3,baseline_mediane_produit,margin_window_xof_7j,classe_abc,B,0.15688134615830043,10912.291666666666,16620.963639708138,0.036317816486254,36
3,baseline_mediane_produit,margin_window_xof_7j,classe_abc,C,0.16421002203464194,819.3048780487804,3151.8392472085093,-0.02901900014298686,164
3,baseline_mediane_produit,margin_window_xof_7j,treatment_group,controle_0pct,0.11802845678013557,10249.449152542373,27444.969403736523,0.056659924516281775,59
3,baseline_mediane_produit,margin_window_xof_7j,treatment_group,traitement_10pct,0.08435906415466649,6144.635593220339,18308.718092732557,-0.041567025518294914,59
3,baseline_mediane_produit,margin_window_xof_7j,treatment_group,traitement_15pct,0.16264573274250413,7964.879310344828,23548.84294580536,-0.004727314208137022,58
3,baseline_mediane_produit,margin_window_xof_7j,treatment_group,traitement_5pct,0.0921188671332503,7668.701754385965,24257.507428249486,-0.07441861445313405,57
3,GLM_Poisson,margin_window_xof_7j,categorie,Alimentation & Epicerie,2.0928478000402864,8190.726113822668,14306.28641666392,2.039054375987873,40
3,GLM_Poisson,margin_window_xof_7j,categorie,Beaute & Soins,0.3130966200168321,5577.206148596753,11148.490259018452,-0.16491274209058646,39
3,GLM_Poisson,margin_window_xof_7j,categorie,Bebe & Enfant,0.3215180011901692,7994.698203403648,13840.265932889315,0.07054282222807497,42
3,GLM_Poisson,margin_window_xof_7j,categorie,Electronique & High-Tech,0.3159155779736806,64661.86376263459,139804.66775023882,-0.019637160219715843,42
3,GLM_Poisson,margin_window_xof_7j,categorie,Sport & Loisirs,0.2968942463323239,11269.709731779907,21537.712139095827,0.0014271562092514347,30
3,GLM_Poisson,margin_window_xof_7j,categorie,Telephonie & Accessoires,0.2864981227065424,38501.5157793681,76345.23065611233,0.0761621644437249,40
3,GLM_Poisson,margin_window_xof_7j,classe_abc,A,0.2862991357307629,118719.53247750466,176949.5302777315,0.008242393410157643,33
3,GLM_Poisson,margin_window_xof_7j,classe_abc,B,0.32410657140487587,22544.07885233592,35142.341048734044,0.014680709606921522,36
3,GLM_Poisson,margin_window_xof_7j,classe_abc,C,0.9111271881672393,4545.952436635126,8306.922215356783,0.4533797111467028,164
3,GLM_Poisson,margin_window_xof_7j,treatment_group,controle_0pct,0.27717509824425446,24069.55198183656,82167.66486368363,0.0903895779392059,59
3,GLM_Poisson,margin_window_xof_7j,treatment_group,traitement_10pct,0.37946809973054896,27640.102642924285,76863.22740313777,0.07505893744270113,59
3,GLM_Poisson,margin_window_xof_7j,treatment_group,traitement_15pct,0.43240310892758776,21175.093363676646,55897.03159751761,-0.03274057088866706,58
3,GLM_Poisson,margin_window_xof_7j,treatment_group,traitement_5pct,0.2520147123673687,20979.69424729425,53132.511376107585,-0.03627943982159717,57
3,GLM_Tweedie,margin_window_xof_7j,categorie,Alimentation & Epicerie,1.7304561401043737,6772.442934122984,11554.383205187018,1.674194661050508,40
3,GLM_Tweedie,margin_window_xof_7j,categorie,Beaute & Soins,0.33434403327873274,5955.687410641926,12160.944495899626,-0.20696620328141774,39
3,GLM_Tweedie,margin_window_xof_7j,categorie,Bebe & Enfant,0.31584598977509337,7853.660938609971,13499.839092825792,0.04836841594103191,42
3,GLM_Tweedie,margin_window_xof_7j,categorie,Electronique & High-Tech,0.35074367146290575,71790.50696142044,160289.9580728529,-0.019132494509037784,42
3,GLM_Tweedie,margin_window_xof_7j,categorie,Sport & Loisirs,0.3235098833436521,12280.00382521391,22664.623179091373,0.05913013396076997,30
3,GLM_Tweedie,margin_window_xof_7j,categorie,Telephonie & Accessoires,0.3043387933529318,40899.063295272936,78160.08826967062,0.09018251817983106,40
3,GLM_Tweedie,margin_window_xof_7j,classe_abc,A,0.3173267648369185,131585.74533548643,198724.0644587904,0.01681474709864187,33
3,GLM_Tweedie,margin_window_xof_7j,classe_abc,B,0.3215792324890033,22368.283194879677,34912.87458391726,0.005280447203981625,36
3,GLM_Tweedie,margin_window_xof_7j,classe_abc,C,0.8615868042214674,4298.777034523447,8017.179770555485,0.3826901453066671,164
3,GLM_Tweedie,margin_window_xof_7j,treatment_group,controle_0pct,0.32048305156667006,27830.362532004525,101196.95916482472,0.10085466765846844,59
3,GLM_Tweedie,margin_window_xof_7j,treatment_group,traitement_10pct,0.40914673676331537,29801.86689786494,80932.22234750501,0.08227176498706316,59
3,GLM_Tweedie,margin_window_xof_7j,treatment_group,traitement_15pct,0.43971900132010855,21533.35791185357,57275.56308527677,-0.050365231344027414,58
3,GLM_Tweedie,margin_window_xof_7j,treatment_group,traitement_5pct,0.2535970414928063,21111.41981576772,55678.382980882656,-0.03599111445667314,57
3,LightGBM_Poisson,margin_window_xof_7j,categorie,Alimentation & Epicerie,0.5569699235369896,2179.799265498628,2636.6883644201303,0.46827016359983287,40
3,LightGBM_Poisson,margin_window_xof_7j,categorie,Beaute & Soins,0.22638384740650055,4032.5870832800665,6177.405689356507,0.024129403480443266,39
3,LightGBM_Poisson,margin_window_xof_7j,categorie,Bebe & Enfant,0.2400182292038046,5968.16756354746,8740.075063448634,0.13055919847491243,42
3,LightGBM_Poisson,margin_window_xof_7j,categorie,Electronique & High-Tech,0.15442846222170048,31608.546337922842,52298.977445400116,-0.0008296601871286679,42
3,LightGBM_Poisson,margin_window_xof_7j,categorie,Sport & Loisirs,0.19080928862967972,7242.866183997802,14224.059030405506,-0.025909357569388874,30
3,LightGBM_Poisson,margin_window_xof_7j,categorie,Telephonie & Accessoires,0.15491368599675184,20818.327427413242,43335.98358865926,-0.04264816672782778,40
3,LightGBM_Poisson,margin_window_xof_7j,classe_abc,A,0.13880248109249135,57557.161742586526,75009.78035846181,-0.030881007322218823,33
3,LightGBM_Poisson,margin_window_xof_7j,classe_abc,B,0.18787772601516298,13068.32580260259,18377.181151270917,0.03400791976424166,36
3,LightGBM_Poisson,margin_window_xof_7j,classe_abc,C,0.6145475895067628,3066.206505774605,4424.854087132639,0.36412578444957766,164
3,LightGBM_Poisson,margin_window_xof_7j,treatment_group,controle_0pct,0.15799469173628108,13720.068901173341,31676.175712610948,0.0431460143601966,59
3,LightGBM_Poisson,margin_window_xof_7j,treatment_group,traitement_10pct,0.13600695952119768,9906.620145375333,24213.94176035409,0.0017123118643519696,59
3,LightGBM_Poisson,margin_window_xof_7j,treatment_group,traitement_15pct,0.2728825717142896,13363.25714146966,31715.25096843332,0.01523051467082653,58
3,LightGBM_Poisson,margin_window_xof_7j,treatment_group,traitement_5pct,0.14829106165573383,12344.918691131092,29293.029744488995,-0.06557204507744899,57
3,LightGBM_Tweedie,margin_window_xof_7j,categorie,Alimentation & Epicerie,0.1897960921696146,742.8002210219164,1487.8452740134248,0.10392073363591461,40
3,LightGBM_Tweedie,margin_window_xof_7j,categorie,Beaute & Soins,0.15787369325326853,2812.2121940073057,5191.798731739264,-0.0031082015943097816,39
3,LightGBM_Tweedie,margin_window_xof_7j,categorie,Bebe & Enfant,0.1914079981232983,4759.451020001586,7955.555217171059,0.07005900405214195,42
3,LightGBM_Tweedie,margin_window_xof_7j,categorie,Electronique & High-Tech,0.13760096648871423,28164.2804883821,49867.66568347985,0.001148277533146699,42
3,LightGBM_Tweedie,margin_window_xof_7j,categorie,Sport & Loisirs,0.15030110907402947,5705.229698971393,13089.302558330415,-0.04093339742884672,30
3,LightGBM_Tweedie,margin_window_xof_7j,categorie,Telephonie & Accessoires,0.13518916324307567,18167.615384810993,39419.32174656346,-0.04053748546453681,40
3,LightGBM_Tweedie,margin_window_xof_7j,classe_abc,A,0.12455425222902362,51648.85515624003,70175.28997020451,-0.022012862797449878,33
3,LightGBM_Tweedie,margin_window_xof_7j,classe_abc,B,0.17796439095332964,12378.777897557444,17342.620402198874,0.029585448416031817,36
3,LightGBM_Tweedie,margin_window_xof_7j,classe_abc,C,0.3299675892205858,1646.3310344687127,3662.346565153145,0.07304231418207176,164
3,LightGBM_Tweedie,margin_window_xof_7j,treatment_group,controle_0pct,0.13789552822683027,11974.6817291416,31825.601172817234,0.036973403910762086,59
3,LightGBM_Tweedie,margin_window_xof_7j,treatment_group,traitement_10pct,0.1060085586290551,7721.564589002669,21970.865679904447,-0.01230315835209643,59
3,LightGBM_Tweedie,margin_window_xof_7j,treatment_group,traitement_15pct,0.23425510029441743,11471.641894421284,28816.246267985865,0.0006054539221269367,58
3,LightGBM_Tweedie,margin_window_xof_7j,treatment_group,traitement_5pct,0.12488862296162843,10396.714938138806,26203.204095530702,-0.0644142909448233,57
3,LightGBM_L1,margin_window_xof_7j,categorie,Alimentation & Epicerie,0.24976330808622482,977.4924147743559,2901.40525766657,0.21533760605951396,40
3,LightGBM_L1,margin_window_xof_7j,categorie,Beaute & Soins,0.1588961743937793,2830.425702998154,5374.073549201828,-0.02228235452085549,39
3,LightGBM_L1,margin_window_xof_7j,categorie,Bebe & Enfant,0.18011992357874748,4478.767671177737,9513.684592313108,-0.021580068607682454,42
3,LightGBM_L1,margin_window_xof_7j,categorie,Electronique & High-Tech,0.1691350006477181,34618.692878408816,72768.77135939425,-0.0439296657073156,42
3,LightGBM_L1,margin_window_xof_7j,categorie,Sport & Loisirs,0.15935572983310672,6048.931030158287,16301.968545079066,-0.05440740971382469,30
3,LightGBM_L1,margin_window_xof_7j,categorie,Telephonie & Accessoires,0.2671711369441177,35904.227391332795,116791.38054611984,-0.1951015044553639,40
3,LightGBM_L1,margin_window_xof_7j,classe_abc,A,0.19927571755216578,82633.57121748498,152157.6113154989,-0.10827631109764912,33
3,LightGBM_L1,margin_window_xof_7j,classe_abc,B,0.1790778905016311,12456.230266110593,20369.946922027288,-0.011568711602726232,36
3,LightGBM_L1,margin_window_xof_7j,classe_abc,C,0.28583260380493286,1426.1251761683716,3742.4012056688116,0.021951491380040825,164
3,LightGBM_L1,margin_window_xof_7j,treatment_group,controle_0pct,0.24764227037487657,21504.956749164507,90398.64322229062,-0.1284254750848873,59
3,LightGBM_L1,margin_window_xof_7j,treatment_group,traitement_10pct,0.16270049747227092,11850.952565924943,49603.97583490076,-0.059820129426974455,59
3,LightGBM_L1,margin_window_xof_7j,treatment_group,traitement_15pct,0.24235272444314995,11868.188412781512,38497.29632422777,-0.03894815257717728,58
3,LightGBM_L1,margin_window_xof_7j,treatment_group,traitement_5pct,0.15866016128472615,13208.124405561275,34533.085175925924,-0.09841288771308401,57
3,LightGBM_Monotone,margin_window_xof_7j,categorie,Alimentation & Epicerie,0.18973885200925966,742.5762016373393,1476.0077492580199,0.09776292546786115,40
3,LightGBM_Monotone,margin_window_xof_7j,categorie,Beaute & Soins,0.1610734290662594,2869.2092521331283,5189.596283963644,0.0030803642321981534,39
3,LightGBM_Monotone,margin_window_xof_7j,categorie,Bebe & Enfant,0.19811209975251207,4926.151699441332,8427.54787196861,0.07408239822637981,42
3,LightGBM_Monotone,margin_window_xof_7j,categorie,Electronique & High-Tech,0.13566410890744637,27767.842864600214,48626.34171101247,0.0005059555472585613,42
3,LightGBM_Monotone,margin_window_xof_7j,categorie,Sport & Loisirs,0.14343261003344793,5444.510633389639,12739.575071377081,-0.0412933635117466,30
3,LightGBM_Monotone,margin_window_xof_7j,categorie,Telephonie & Accessoires,0.13726457954614255,18446.523577250126,40141.35973257358,-0.03983149536485849,40
3,LightGBM_Monotone,margin_window_xof_7j,classe_abc,A,0.12460994325199375,51671.94852742095,69584.43149313875,-0.021841336354677592,33
3,LightGBM_Monotone,margin_window_xof_7j,classe_abc,B,0.17627344359663005,12261.159638910773,17294.12014166167,0.02929165283415988,36
3,LightGBM_Monotone,margin_window_xof_7j,classe_abc,C,0.32919998762545954,1642.5011846002783,3662.206838076705,0.07767280014143299,164
3,LightGBM_Monotone,margin_window_xof_7j,treatment_group,controle_0pct,0.14115909674626684,12258.086092024303,31970.75927591562,0.037902762238354294,59
3,LightGBM_Monotone,margin_window_xof_7j,treatment_group,traitement_10pct,0.11039924818501662,8041.378323243218,22064.01542153969,-0.012702725781581188,59
3,LightGBM_Monotone,margin_window_xof_7j,treatment_group,traitement_15pct,0.2255423096017849,11044.970224940842,28348.043471516834,-0.0011763355447618417,58
3,LightGBM_Monotone,margin_window_xof_7j,treatment_group,traitement_5pct,0.12173946111756101,10134.553844434602,25517.412009523443,-0.06285125013168845,57
3,CatBoost_MAE,margin_window_xof_7j,categorie,Alimentation & Epicerie,0.20323358927930163,795.3902175226708,1769.6458335955879,0.1456446155357698,40
3,CatBoost_MAE,margin_window_xof_7j,categorie,Beaute & Soins,0.22367063253232655,3984.256447587181,7815.687667601504,-0.06549231339731094,39
3,CatBoost_MAE,margin_window_xof_7j,categorie,Bebe & Enfant,0.20901650366151237,5197.294895211915,10717.719748999727,-0.01603802616978098,42
3,CatBoost_MAE,margin_window_xof_7j,categorie,Electronique & High-Tech,0.24475838169032274,50097.34952969333,101368.45894194824,-0.03513142705252535,42
3,CatBoost_MAE,margin_window_xof_7j,categorie,Sport & Loisirs,0.20770659499715877,7884.265403965484,18468.970051377997,-0.0110025687806845,30
3,CatBoost_MAE,margin_window_xof_7j,categorie,Telephonie & Accessoires,0.30705790889201606,41264.476055555526,118127.47166363723,-0.17643809868476953,40
3,CatBoost_MAE,margin_window_xof_7j,classe_abc,A,0.2644943711309984,109677.76065217695,172910.4606567707,-0.09013081565115312,33
3,CatBoost_MAE,margin_window_xof_7j,classe_abc,B,0.2118656384163918,14736.867684774663,22227.660601583244,-0.023328669617786554,36
3,CatBoost_MAE,margin_window_xof_7j,classe_abc,C,0.30160492628878915,1504.819159574913,4191.666168839996,-0.013013741674719208,164
3,CatBoost_MAE,margin_window_xof_7j,treatment_group,controle_0pct,0.2521018876070723,21892.224542950364,84825.87597343918,-0.10927978118481617,59
3,CatBoost_MAE,margin_window_xof_7j,treatment_group,traitement_10pct,0.29002727132016326,21125.316078555225,75388.0889807982,-0.0545247858716448,59
3,CatBoost_MAE,margin_window_xof_7j,treatment_group,traitement_15pct,0.33266967737206876,16291.074999642096,48622.423243592675,-0.03012495624840565,58
3,CatBoost_MAE,margin_window_xof_7j,treatment_group,traitement_5pct,0.19256931500210575,16030.99006484109,43996.40223879831,-0.08906935612965118,57
3,Hurdle_zero_positif,margin_window_xof_7j,categorie,Alimentation & Epicerie,0.15043921364733837,588.770189471247,1198.2694816244402,0.08890864596244184,40
3,Hurdle_zero_positif,margin_window_xof_7j,categorie,Beaute & Soins,0.16275064415740711,2899.085570562773,4966.221434013334,0.009559153659133759,39
3,Hurdle_zero_positif,margin_window_xof_7j,categorie,Bebe & Enfant,0.18038945034247558,4485.469582503913,8282.432017466173,0.057078824581892826,42
3,Hurdle_zero_positif,margin_window_xof_7j,categorie,Electronique & High-Tech,0.14498212848488984,29675.062876727654,52382.55337749996,0.012768583671519219,42
3,Hurdle_zero_positif,margin_window_xof_7j,categorie,Sport & Loisirs,0.14967600215677623,5681.50147386835,12802.89259065771,-0.04951035987203486,30
3,Hurdle_zero_positif,margin_window_xof_7j,categorie,Telephonie & Accessoires,0.14347875157641224,19281.62518356747,40356.49840288766,-0.042807118016755394,40
3,Hurdle_zero_positif,margin_window_xof_7j,classe_abc,A,0.13170827589646783,54615.41089859018,73115.83801387715,-0.01859069599054979,33
3,Hurdle_zero_positif,margin_window_xof_7j,classe_abc,B,0.17648868657883024,12276.131426561049,17322.5226185565,0.028819174694814223,36
3,Hurdle_zero_positif,margin_window_xof_7j,classe_abc,C,0.32852547386407815,1639.1357845585305,3484.133586490943,0.10470884675214856,164
3,Hurdle_zero_positif,margin_window_xof_7j,treatment_group,controle_0pct,0.16148183010435357,14022.887800669905,37587.03566128341,0.052538894460431224,59
3,Hurdle_zero_positif,margin_window_xof_7j,treatment_group,traitement_10pct,0.10683092764638286,7781.465181609637,18470.059088988874,-0.0057482056323491055,59
3,Hurdle_zero_positif,margin_window_xof_7j,treatment_group,traitement_15pct,0.22612832795625903,11073.66796811756,27957.203542250252,-0.004633180789021095,58
3,Hurdle_zero_positif,margin_window_xof_7j,treatment_group,traitement_5pct,0.12314478034784325,10251.543711788798,26620.79864983608,-0.06909665908244898,57
3,S_learner,margin_window_xof_7j,categorie,Alimentation & Epicerie,0.1897960921696146,742.8002210219164,1487.8452740134248,0.10392073363591461,40
3,S_learner,margin_window_xof_7j,categorie,Beaute & Soins,0.15787369325326853,2812.2121940073057,5191.798731739264,-0.0031082015943097816,39
3,S_learner,margin_window_xof_7j,categorie,Bebe & Enfant,0.1914079981232983,4759.451020001586,7955.555217171059,0.07005900405214195,42
3,S_learner,margin_window_xof_7j,categorie,Electronique & High-Tech,0.13760096648871423,28164.2804883821,49867.66568347985,0.001148277533146699,42
3,S_learner,margin_window_xof_7j,categorie,Sport & Loisirs,0.15030110907402947,5705.229698971393,13089.302558330415,-0.04093339742884672,30
3,S_learner,margin_window_xof_7j,categorie,Telephonie & Accessoires,0.13518916324307567,18167.615384810993,39419.32174656346,-0.04053748546453681,40
3,S_learner,margin_window_xof_7j,classe_abc,A,0.12455425222902362,51648.85515624003,70175.28997020451,-0.022012862797449878,33
3,S_learner,margin_window_xof_7j,classe_abc,B,0.17796439095332964,12378.777897557444,17342.620402198874,0.029585448416031817,36
3,S_learner,margin_window_xof_7j,classe_abc,C,0.3299675892205858,1646.3310344687127,3662.346565153145,0.07304231418207176,164
3,S_learner,margin_window_xof_7j,treatment_group,controle_0pct,0.13789552822683027,11974.6817291416,31825.601172817234,0.036973403910762086,59
3,S_learner,margin_window_xof_7j,treatment_group,traitement_10pct,0.1060085586290551,7721.564589002669,21970.865679904447,-0.01230315835209643,59
3,S_learner,margin_window_xof_7j,treatment_group,traitement_15pct,0.23425510029441743,11471.641894421284,28816.246267985865,0.0006054539221269367,58
3,S_learner,margin_window_xof_7j,treatment_group,traitement_5pct,0.12488862296162843,10396.714938138806,26203.204095530702,-0.0644142909448233,57
3,T_learner,margin_window_xof_7j,categorie,Alimentation & Epicerie,0.12552175105373312,491.251339055219,930.0203703368866,0.09756842949405818,40
3,T_learner,margin_window_xof_7j,categorie,Beaute & Soins,0.13172015149670385,2346.3378134903496,3777.345301537361,0.004193969994134968,39
3,T_learner,margin_window_xof_7j,categorie,Bebe & Enfant,0.17189955869877346,4274.364383977716,8701.046006487697,0.048280286863460434,42
3,T_learner,margin_window_xof_7j,categorie,Electronique & High-Tech,0.1405515006266533,28768.19827451392,53799.30244074739,0.00731360261883345,42
3,T_learner,margin_window_xof_7j,categorie,Sport & Loisirs,0.139942710085183,5312.038684553433,11935.062563816662,-0.06116461513487814,30
3,T_learner,margin_window_xof_7j,categorie,Telephonie & Accessoires,0.13047537813767285,17534.14571352064,37572.077943169235,-0.044999959924207286,40
3,T_learner,margin_window_xof_7j,classe_abc,A,0.12510468470765013,51877.1027419555,72639.90581496798,-0.021531572020147376,33
3,T_learner,margin_window_xof_7j,classe_abc,B,0.1641886373902827,11420.569388456519,16744.616122858555,0.023631174719064323,36
3,T_learner,margin_window_xof_7j,classe_abc,C,0.28913527235751557,1442.6034180088027,3362.131841970966,0.06770436554550328,164
3,T_learner,margin_window_xof_7j,treatment_group,controle_0pct,0.1529410058929785,13281.212904095091,36876.908535330884,0.07431092959630603,59
3,T_learner,margin_window_xof_7j,treatment_group,traitement_10pct,0.08564063165763389,6237.9837754549135,16632.257496608694,-0.027113827138854008,59
3,T_learner,margin_window_xof_7j,treatment_group,traitement_15pct,0.20995278861026997,10281.54009302288,25852.214524601455,-0.00688298380502506,58
3,T_learner,margin_window_xof_7j,treatment_group,traitement_5pct,0.12891320565161177,10731.752974274255,29840.111415441508,-0.08950776180676039,57
3,Ensemble_contraint,margin_window_xof_7j,categorie,Alimentation & Epicerie,0.1389656364337467,543.8663371698437,1100.9208498072137,0.09474666697478709,40
3,Ensemble_contraint,margin_window_xof_7j,categorie,Beaute & Soins,0.15122836816497312,2693.838677423598,4573.548188579358,0.005611162628488938,39
3,Ensemble_contraint,margin_window_xof_7j,categorie,Bebe & Enfant,0.17744422474304855,4412.23514548578,8329.143168046441,0.05981383655724433,42
3,Ensemble_contraint,margin_window_xof_7j,categorie,Electronique & High-Tech,0.1403442576303502,28725.779605328098,51138.749127680974,0.006862713945870376,42
3,Ensemble_contraint,margin_window_xof_7j,categorie,Sport & Loisirs,0.14078601932975035,5344.049579064884,12425.930394939653,-0.050656112839553194,30
3,Ensemble_contraint,margin_window_xof_7j,categorie,Telephonie & Accessoires,0.13429913029963864,18048.006861403675,38831.35885775883,-0.04254619110194039,40
3,Ensemble_contraint,margin_window_xof_7j,classe_abc,A,0.12597583516778102,52238.3423072805,70977.76459179839,-0.02065453478845827,33
3,Ensemble_contraint,margin_window_xof_7j,classe_abc,B,0.17001666140622992,11825.952816503994,16972.335343145904,0.027247334082679462,36
3,Ensemble_contraint,margin_window_xof_7j,classe_abc,C,0.3070589628126492,1532.0313764279874,3442.2978393310555,0.08336200414636159,164
3,Ensemble_contraint,margin_window_xof_7j,treatment_group,controle_0pct,0.15133639600037985,13141.870511993053,35237.07627951182,0.054917528765030484,59
3,Ensemble_contraint,margin_window_xof_7j,treatment_group,traitement_10pct,0.09568746959950272,6969.786085444253,18712.12512874479,-0.015188252850928119,59
3,Ensemble_contraint,margin_window_xof_7j,treatment_group,traitement_15pct,0.22052400279469112,10799.220106651152,27248.90077846436,-0.00423083337960266,58
3,Ensemble_contraint,margin_window_xof_7j,treatment_group,traitement_5pct,0.12389760403487844,10314.214698842505,27009.168558901532,-0.07381855700696593,57
4,baseline_moyenne_produit,margin_window_xof_7j,categorie,Alimentation & Epicerie,0.12764163848676854,519.0068572920118,1393.1820331529616,0.016268936611153684,40
4,baseline_moyenne_produit,margin_window_xof_7j,categorie,Beaute & Soins,0.18749088185441112,3053.2024767459216,6513.165934620485,0.11320929570986225,39
4,baseline_moyenne_produit,margin_window_xof_7j,categorie,Bebe & Enfant,0.11910518865961997,3197.801329403457,6821.731281120834,-0.023710851021707786,42
4,baseline_moyenne_produit,margin_window_xof_7j,categorie,Electronique & High-Tech,0.12332406535513751,24802.95364194888,47448.42473337169,0.008621358903630727,42
4,baseline_moyenne_produit,margin_window_xof_7j,categorie,Maison & Cuisine,0.23749542751927188,7934.670281294104,18318.95771507239,0.10341505959940063,32
4,baseline_moyenne_produit,margin_window_xof_7j,categorie,Mode & Vetements,0.13669581440775544,6737.555771227431,14797.542890061002,-0.055177510775963064,34
4,baseline_moyenne_produit,margin_window_xof_7j,categorie,Sport & Loisirs,0.09763575843193058,3558.751795287686,6564.487981052213,-0.01566671993696248,30
4,baseline_moyenne_produit,margin_window_xof_7j,categorie,Telephonie & Accessoires,0.12737650998128128,15663.317474109685,33871.99754097913,0.05804515588515176,40
4,baseline_moyenne_produit,margin_window_xof_7j,classe_abc,A,0.10834096725354675,40594.1987739773,61703.58540993467,0.033296371733528625,36
4,baseline_moyenne_produit,margin_window_xof_7j,classe_abc,B,0.14746355279001466,12164.796389167297,17459.327601855573,-0.025434203948565496,50
4,baseline_moyenne_produit,margin_window_xof_7j,classe_abc,C,0.30507339452127624,2171.4436732684676,7285.873172051867,0.041478709675723244,213
4,baseline_moyenne_produit,margin_window_xof_7j,treatment_group,controle_0pct,0.13020167763679757,10827.126085484171,32829.93802702094,-0.03034702442275812,76
4,baseline_moyenne_produit,margin_window_xof_7j,treatment_group,traitement_10pct,0.10448121737584694,6354.114593648045,13555.694377635473,0.035402257410655405,76
4,baseline_moyenne_produit,margin_window_xof_7j,treatment_group,traitement_15pct,0.15606772298708121,6876.570493696231,13875.409857466564,0.023115517609004023,73
4,baseline_moyenne_produit,margin_window_xof_7j,treatment_group,traitement_5pct,0.14571658526570674,9788.980271268352,26933.12452288198,0.07260154704095406,74
4,baseline_mediane_produit,margin_window_xof_7j,categorie,Alimentation & Epicerie,0.12038488733130437,489.5,1492.262878986139,0.011165421623781856,40
4,baseline_mediane_produit,margin_window_xof_7j,categorie,Beaute & Soins,0.18844522962634055,3068.74358974359,7077.822906979526,0.11233717054245257,39
4,baseline_mediane_produit,margin_window_xof_7j,categorie,Bebe & Enfant,0.12001136888667384,3222.1309523809523,7091.173680895077,-0.03847020189972145,42
4,baseline_mediane_produit,margin_window_xof_7j,categorie,Electronique & High-Tech,0.1281976563167763,25783.130952380954,52227.52987974145,0.003056275531114664,42
4,baseline_mediane_produit,margin_window_xof_7j,categorie,Maison & Cuisine,0.1601617415558505,5350.96875,10152.678493567597,0.010557349877889428,32
4,baseline_mediane_produit,margin_window_xof_7j,categorie,Mode & Vetements,0.12146985198246824,5987.088235294118,14974.495589069396,-0.06144532660228008,34
4,baseline_mediane_produit,margin_window_xof_7j,categorie,Sport & Loisirs,0.10225903036000725,3727.266666666667,8534.826590700794,-0.02104843444495454,30
4,baseline_mediane_produit,margin_window_xof_7j,categorie,Telephonie & Accessoires,0.12275608457928099,15095.15,36042.007521779364,0.059378955530535626,40
4,baseline_mediane_produit,margin_window_xof_7j,classe_abc,A,0.1100574891165376,41237.36111111111,66830.9048958223,0.03368650498109026,36
4,baseline_mediane_produit,margin_window_xof_7j,classe_abc,B,0.15287844217695487,12611.49,18772.939233508427,-0.026143246541124775,50
4,baseline_mediane_produit,margin_window_xof_7j,classe_abc,C,0.21949843214698903,1562.3403755868544,5024.412981969165,-0.07492417976288944,213
4,baseline_mediane_produit,margin_window_xof_7j,treatment_group,controle_0pct,0.12074977452174876,10041.138157894737,34079.951219473754,-0.0391810788145382,76
4,baseline_mediane_produit,margin_window_xof_7j,treatment_group,traitement_10pct,0.09356545481885026,5690.263157894737,14214.591486623136,0.025787942678556167,76
4,baseline_mediane_produit,margin_window_xof_7j,treatment_group,traitement_15pct,0.16332093470949352,7196.157534246576,16223.905556202408,0.013744657990117166,73
4,baseline_mediane_produit,margin_window_xof_7j,treatment_group,traitement_5pct,0.1462410997129861,9824.216216216217,28698.5912282552,0.06380486917815219,74
4,GLM_Poisson,margin_window_xof_7j,categorie,Alimentation & Epicerie,1.989066921286309,8087.794735315294,14303.096717845741,1.931620332550242,40
4,GLM_Poisson,margin_window_xof_7j,categorie,Beaute & Soins,0.2756797712894433,4489.3178386310665,8029.064760443196,-0.0882476957156962,39
4,GLM_Poisson,margin_window_xof_7j,categorie,Bebe & Enfant,0.39364047160678894,10568.674946719235,18773.94257361099,-0.006516505326360227,42
4,GLM_Poisson,margin_window_xof_7j,categorie,Electronique & High-Tech,0.3107495025864336,62497.98435296961,108538.09790421835,0.0034301754343021144,42
4,GLM_Poisson,margin_window_xof_7j,categorie,Maison & Cuisine,0.31395285039355714,10489.09605446272,20481.87729009116,0.17467488885912186,32
4,GLM_Poisson,margin_window_xof_7j,categorie,Mode & Vetements,0.41023417182091554,20219.899372060812,47800.29079498234,-0.3172765656769131,34
4,GLM_Poisson,margin_window_xof_7j,categorie,Sport & Loisirs,0.3340887917843377,12177.2914620918,19279.203131522994,0.030731652427217863,30
4,GLM_Poisson,margin_window_xof_7j,categorie,Telephonie & Accessoires,0.2985371152194159,36710.70603342603,65205.17667676007,0.170354463330235,40
4,GLM_Poisson,margin_window_xof_7j,classe_abc,A,0.2792793337257935,104642.97185197654,133624.82727546286,0.0715336678165502,36
4,GLM_Poisson,margin_window_xof_7j,classe_abc,B,0.3852452677660662,31780.261316081407,51111.762569493796,-0.10496519222363124,50
4,GLM_Poisson,margin_window_xof_7j,classe_abc,C,0.7045177257910161,5014.598407622529,9491.635419431177,0.18097759491062507,213
4,GLM_Poisson,margin_window_xof_7j,treatment_group,controle_0pct,0.2583617996550231,21484.48338999711,50509.68110527199,-0.0057331634304702474,76
4,GLM_Poisson,margin_window_xof_7j,treatment_group,traitement_10pct,0.4317457418447794,26256.986546516837,65711.48793437284,0.13514431435653468,76
4,GLM_Poisson,margin_window_xof_7j,treatment_group,traitement_15pct,0.38923922056876525,17150.44525493624,34145.72726014214,-0.03042048310189648,73
4,GLM_Poisson,margin_window_xof_7j,treatment_group,traitement_5pct,0.31057672622991117,20863.990466397565,50059.04554268309,0.06352135438739528,74
4,GLM_Tweedie,margin_window_xof_7j,categorie,Alimentation & Epicerie,1.6279714967782037,6619.535602337273,11499.511218939584,1.5690802775458899,40
4,GLM_Tweedie,margin_window_xof_7j,categorie,Beaute & Soins,0.2825201056401292,4600.709526454593,8732.415477359016,-0.13658064299199263,39
4,GLM_Tweedie,margin_window_xof_7j,categorie,Bebe & Enfant,0.38662193031319914,10380.237306582037,18670.210855975663,-0.029914734412145233,42
4,GLM_Tweedie,margin_window_xof_7j,categorie,Electronique & High-Tech,0.3386150999772907,68102.31728101842,120417.64589601645,-0.000343146640933628,42
4,GLM_Tweedie,margin_window_xof_7j,categorie,Maison & Cuisine,0.32122303611318076,10731.991369002219,21005.555708980308,0.18771733068396362,32
4,GLM_Tweedie,margin_window_xof_7j,categorie,Mode & Vetements,0.4036090134058904,19893.35408237624,48019.25031183731,-0.32852087551317183,34
4,GLM_Tweedie,margin_window_xof_7j,categorie,Sport & Loisirs,0.34254138346370067,12485.38223023735,20722.444560179196,0.08904036961809059,30
4,GLM_Tweedie,margin_window_xof_7j,categorie,Telephonie & Accessoires,0.3204433941758849,39404.49158322643,70088.89174060359,0.1867887699419498,40
4,GLM_Tweedie,margin_window_xof_7j,classe_abc,A,0.30885434765141107,115724.4124600339,147987.95827446156,0.07994166910581585,36
4,GLM_Tweedie,margin_window_xof_7j,classe_abc,B,0.3665734848855477,30239.95910128472,50510.57576419894,-0.11578250382098221,50
4,GLM_Tweedie,margin_window_xof_7j,classe_abc,C,0.6813191847454722,4849.476420300582,9151.395467033799,0.13017592205729786,213
4,GLM_Tweedie,margin_window_xof_7j,treatment_group,controle_0pct,0.28834421042915553,23977.718098568686,61270.83938898362,-0.003493046847549724,76
4,GLM_Tweedie,margin_window_xof_7j,treatment_group,traitement_10pct,0.44527334487704895,27079.679294584796,68618.2409775818,0.13964025017920614,76
4,GLM_Tweedie,margin_window_xof_7j,treatment_group,traitement_15pct,0.3849512333001961,16961.51030949061,34494.250568182644,-0.04182780391052085,73
4,GLM_Tweedie,margin_window_xof_7j,treatment_group,traitement_5pct,0.32033848381453284,21519.767928067566,52479.68155714785,0.06221990683906037,74
4,LightGBM_Poisson,margin_window_xof_7j,categorie,Alimentation & Epicerie,0.5109562244169834,2077.6118780075067,2644.5616323436316,0.40942500680450766,40
4,LightGBM_Poisson,margin_window_xof_7j,categorie,Beaute & Soins,0.23192753843008962,3776.832919854734,5504.898376217165,0.1075412917493788,39
4,LightGBM_Poisson,margin_window_xof_7j,categorie,Bebe & Enfant,0.27558046876952824,7398.935338638144,11703.146237992825,0.0465954418782268,42
4,LightGBM_Poisson,margin_window_xof_7j,categorie,Electronique & High-Tech,0.14868940092572275,29904.43355552435,54686.24230127695,0.01920633382162763,42
4,LightGBM_Poisson,margin_window_xof_7j,categorie,Maison & Cuisine,0.2384357182879646,7966.085190187521,14685.755927121021,0.10995396769715524,32
4,LightGBM_Poisson,margin_window_xof_7j,categorie,Mode & Vetements,0.19447099639853432,9585.218024400288,19265.880975940927,-0.08271543863645829,34
4,LightGBM_Poisson,margin_window_xof_7j,categorie,Sport & Loisirs,0.17346240199785676,6322.577347060414,10701.893943739318,0.017146187278611714,30
4,LightGBM_Poisson,margin_window_xof_7j,categorie,Telephonie & Accessoires,0.16046350692148426,19731.980820400575,37347.647402830626,0.054933097827864964,40
4,LightGBM_Poisson,margin_window_xof_7j,classe_abc,A,0.13313422009441972,49883.96477468583,70329.4589557902,0.03521380621703948,36
4,LightGBM_Poisson,margin_window_xof_7j,classe_abc,B,0.2029179241336983,16739.426007957172,23370.80638893409,-0.023529172022846927,50
4,LightGBM_Poisson,margin_window_xof_7j,classe_abc,C,0.47762271560212066,3399.6108563678717,5393.323584444541,0.15804900345395267,213
4,LightGBM_Poisson,margin_window_xof_7j,treatment_group,controle_0pct,0.15874620536039746,13200.791358647051,35937.211353319806,-0.04252369770372327,76
4,LightGBM_Poisson,margin_window_xof_7j,treatment_group,traitement_10pct,0.1715166233281774,10430.930139552009,21263.13593976054,0.0653003508962072,76
4,LightGBM_Poisson,margin_window_xof_7j,treatment_group,traitement_15pct,0.1970147271630124,8680.754954981494,15318.334871780062,0.040556870168971214,73
4,LightGBM_Poisson,margin_window_xof_7j,treatment_group,traitement_5pct,0.18651581857618896,12529.79998805578,28928.237864255883,0.09133318749674668,74
4,LightGBM_Tweedie,margin_window_xof_7j,categorie,Alimentation & Epicerie,0.1961037734445051,797.3824557970383,1798.159661270727,0.05618767762034548,40
4,LightGBM_Tweedie,margin_window_xof_7j,categorie,Beaute & Soins,0.20002221930620395,3257.2695234541593,6029.527778210223,0.0808536393299515,39
4,LightGBM_Tweedie,margin_window_xof_7j,categorie,Bebe & Enfant,0.22631523459246713,6076.235352871787,10786.932536491493,-0.009692965619072026,42
4,LightGBM_Tweedie,margin_window_xof_7j,categorie,Electronique & High-Tech,0.14675047487432263,29514.476471077323,53412.1101670784,0.019291101525320126,42
4,LightGBM_Tweedie,margin_window_xof_7j,categorie,Maison & Cuisine,0.18415203948806516,6152.479356037619,11999.953781872755,0.038547523589558035,32
4,LightGBM_Tweedie,margin_window_xof_7j,categorie,Mode & Vetements,0.18110170521579025,8926.263356652928,18957.83639728734,-0.07115995047942396,34
4,LightGBM_Tweedie,margin_window_xof_7j,categorie,Sport & Loisirs,0.12674979084153873,4619.936926327469,9119.379551091646,-0.011175248067062288,30
4,LightGBM_Tweedie,margin_window_xof_7j,categorie,Telephonie & Accessoires,0.14900145703663933,18322.50801982854,36987.0847062818,0.057151650411534624,40
4,LightGBM_Tweedie,margin_window_xof_7j,classe_abc,A,0.13070409942669953,48973.424616784905,68687.58479955352,0.03977218248171946,36
4,LightGBM_Tweedie,margin_window_xof_7j,classe_abc,B,0.19732981655877518,16278.443008676646,22551.51295406398,-0.026265979012702688,50
4,LightGBM_Tweedie,margin_window_xof_7j,classe_abc,C,0.2959225213587727,2106.3098202663678,4855.8157744529235,-0.016340976155990058,213
4,LightGBM_Tweedie,margin_window_xof_7j,treatment_group,controle_0pct,0.14298834838049165,11890.421880656173,33840.827361655436,-0.05272612692718144,76
4,LightGBM_Tweedie,margin_window_xof_7j,treatment_group,traitement_10pct,0.14914865560507506,9070.603051972828,20250.719982505438,0.05083105487682937,76
4,LightGBM_Tweedie,margin_window_xof_7j,treatment_group,traitement_15pct,0.17273895980061973,7611.129395250085,15266.637535275106,0.019571615126335033,73
4,LightGBM_Tweedie,margin_window_xof_7j,treatment_group,traitement_5pct,0.17640835301778265,11850.798481375201,29656.108673595263,0.08824794965816538,74
4,LightGBM_L1,margin_window_xof_7j,categorie,Alimentation & Epicerie,0.1506852490653756,612.7050583559503,1450.5300499703987,0.032194689456882905,40
4,LightGBM_L1,margin_window_xof_7j,categorie,Beaute & Soins,0.1934604887166149,3150.4147692937427,5817.207995971707,0.08749126233961052,39
4,LightGBM_L1,margin_window_xof_7j,categorie,Bebe & Enfant,0.2477138262346631,6650.75645955784,14202.80084776403,-0.09100379029159666,42
4,LightGBM_L1,margin_window_xof_7j,categorie,Electronique & High-Tech,0.18410350129261976,37026.92248047187,65069.36539041333,-0.006401751708988865,42
4,LightGBM_L1,margin_window_xof_7j,categorie,Maison & Cuisine,0.14785999947791212,4939.970238182158,12081.562181108677,0.029109572440061834,32
4,LightGBM_L1,margin_window_xof_7j,categorie,Mode & Vetements,0.2419783574340499,11926.792972451245,32279.758178938384,-0.14428776839981852,34
4,LightGBM_L1,margin_window_xof_7j,categorie,Sport & Loisirs,0.18579484174272418,6772.085731971685,13580.610275743315,-0.01995319109923303,30
4,LightGBM_L1,margin_window_xof_7j,categorie,Telephonie & Accessoires,0.248309093735336,30534.234039357725,97968.09978507385,-0.09092317599104281,40
4,LightGBM_L1,margin_window_xof_7j,classe_abc,A,0.19446584875699469,72864.2684232009,124537.98793184171,-0.028104010287287314,36
4,LightGBM_L1,margin_window_xof_7j,classe_abc,B,0.22464232043251964,18531.549231985693,32645.238093583273,-0.07915171940153204,50
4,LightGBM_L1,margin_window_xof_7j,classe_abc,C,0.27720571999349347,1973.0878460190402,5132.571891756352,-0.04620643979589371,213
4,LightGBM_L1,margin_window_xof_7j,treatment_group,controle_0pct,0.23393869536368295,19453.54158985447,75522.65495596424,-0.16065892171681026,76
4,LightGBM_L1,margin_window_xof_7j,treatment_group,traitement_10pct,0.182059571342001,11072.1085400077,28895.825415112286,0.012235120577631608,76
4,LightGBM_L1,margin_window_xof_7j,treatment_group,traitement_15pct,0.22238101400892937,9798.430386651029,23300.887137435166,-0.009431051777643768,73
4,LightGBM_L1,margin_window_xof_7j,treatment_group,traitement_5pct,0.1880282958402543,12631.405512723271,33018.34820383279,0.042950344695800065,74
4,LightGBM_Monotone,margin_window_xof_7j,categorie,Alimentation & Epicerie,0.19699748029940217,801.0163795824067,1839.8703992815413,0.059789456103483775,40
4,LightGBM_Monotone,margin_window_xof_7j,categorie,Beaute & Soins,0.1946605764009148,3169.9576433459433,5989.248087720752,0.08064167703564745,39
4,LightGBM_Monotone,margin_window_xof_7j,categorie,Bebe & Enfant,0.22083823255468826,5929.18580285086,10762.189251083624,-0.01347204641808435,42
4,LightGBM_Monotone,margin_window_xof_7j,categorie,Electronique & High-Tech,0.14467559964087987,29097.177267716565,53682.80586253143,0.018819037552149618,42
4,LightGBM_Monotone,margin_window_xof_7j,categorie,Maison & Cuisine,0.18893512419047867,6312.2811696454755,12320.082041389938,0.03997748289669158,32
4,LightGBM_Monotone,margin_window_xof_7j,categorie,Mode & Vetements,0.1812070720322965,8931.456747582439,19003.026725431817,-0.07141049679232817,34
4,LightGBM_Monotone,margin_window_xof_7j,categorie,Sport & Loisirs,0.14163116072432225,5162.351945550347,9472.86121715362,-0.0031730807427788285,30
4,LightGBM_Monotone,margin_window_xof_7j,categorie,Telephonie & Accessoires,0.1439750345892538,17704.41563714384,36932.719583869475,0.054470199669060096,40
4,LightGBM_Monotone,margin_window_xof_7j,classe_abc,A,0.12831485297450393,48078.19958917862,68922.31862639556,0.03914225317707129,36
4,LightGBM_Monotone,margin_window_xof_7j,classe_abc,B,0.1995157486192073,16458.768369978465,22743.433070422045,-0.026014514028464077,50
4,LightGBM_Monotone,margin_window_xof_7j,classe_abc,C,0.291363655641559,2073.860841441261,4821.246775171964,-0.018760539319554525,213
4,LightGBM_Monotone,margin_window_xof_7j,treatment_group,controle_0pct,0.13834071199860687,11503.94033894731,33491.3115445293,-0.05426916108217333,76
4,LightGBM_Monotone,margin_window_xof_7j,treatment_group,traitement_10pct,0.14658958625125795,8914.971060542704,19425.710319463178,0.047748929506147196,76
4,LightGBM_Monotone,margin_window_xof_7j,treatment_group,traitement_15pct,0.17308122516149044,7626.210104038107,16177.299734006201,0.020171025993545044,73
4,LightGBM_Monotone,margin_window_xof_7j,treatment_group,traitement_5pct,0.1784151713796218,11985.612959193502,30490.159960682216,0.0904489066618442,74
4,CatBoost_MAE,margin_window_xof_7j,categorie,Alimentation & Epicerie,0.18483076328869005,751.5449873772249,1946.3112351942652,0.05779030150659219,40
4,CatBoost_MAE,margin_window_xof_7j,categorie,Beaute & Soins,0.1825133839860216,2972.1462212659067,6085.07736838364,0.028619039993827592,39
4,CatBoost_MAE,margin_window_xof_7j,categorie,Bebe & Enfant,0.306813529812891,8237.49766534949,18110.172975736332,-0.10367551442424985,42
4,CatBoost_MAE,margin_window_xof_7j,categorie,Electronique & High-Tech,0.2389326868724676,48054.17611703167,99752.88615215124,-0.010953415864960275,42
4,CatBoost_MAE,margin_window_xof_7j,categorie,Maison & Cuisine,0.280498451194123,9371.39189535945,24602.18930769468,0.20054413808616675,32
4,CatBoost_MAE,margin_window_xof_7j,categorie,Mode & Vetements,0.2836532597290633,13980.893748613536,38997.447418006734,-0.18815891356783382,34
4,CatBoost_MAE,margin_window_xof_7j,categorie,Sport & Loisirs,0.1732071961934532,6313.275282640828,12356.2336002856,0.004511142361695718,30
4,CatBoost_MAE,margin_window_xof_7j,categorie,Telephonie & Accessoires,0.26810303635149496,32968.26844104426,105761.771632684,-0.08562325238898011,40
4,CatBoost_MAE,margin_window_xof_7j,classe_abc,A,0.23936564413067415,89687.74032413488,155525.00850030445,-0.02434658431896912,36
4,CatBoost_MAE,margin_window_xof_7j,classe_abc,B,0.2682324173686382,22127.45238079314,39379.519521860755,-0.0743894503395744,50
4,CatBoost_MAE,margin_window_xof_7j,classe_abc,C,0.30239607416816316,2152.387110334807,6155.025569912629,-0.042055411040394106,213
4,CatBoost_MAE,margin_window_xof_7j,treatment_group,controle_0pct,0.2854045910790054,23733.269410002715,85669.02061377106,-0.13530886334224376,76
4,CatBoost_MAE,margin_window_xof_7j,treatment_group,traitement_10pct,0.27714548580484094,16854.839751544787,58118.20905477386,0.004186134749236948,76
4,CatBoost_MAE,margin_window_xof_7j,treatment_group,traitement_15pct,0.25197930245853906,11102.573954077485,28448.09013029988,-0.0013476016857400088,73
4,CatBoost_MAE,margin_window_xof_7j,treatment_group,traitement_5pct,0.18072250139897336,12140.61527411567,33452.73069634387,0.028388771596868805,74
4,Hurdle_zero_positif,margin_window_xof_7j,categorie,Alimentation & Epicerie,0.14847583595158448,603.7213084586365,1542.754034100975,0.05090051933929648,40
4,Hurdle_zero_positif,margin_window_xof_7j,categorie,Beaute & Soins,0.19090882964021866,3108.8621789234344,5560.985384248418,0.09566868683296653,39
4,Hurdle_zero_positif,margin_window_xof_7j,categorie,Bebe & Enfant,0.200294474404054,5377.615733869358,9519.960542037506,-0.019172140915401335,42
4,Hurdle_zero_positif,margin_window_xof_7j,categorie,Electronique & High-Tech,0.14135016948581045,28428.36627986755,50432.88383668935,0.024658305667516065,42
4,Hurdle_zero_positif,margin_window_xof_7j,categorie,Maison & Cuisine,0.23363646484251963,7805.743182411897,14556.204476848327,0.10948794864563738,32
4,Hurdle_zero_positif,margin_window_xof_7j,categorie,Mode & Vetements,0.1595145662419722,7862.261847846784,16450.217741507076,-0.06458485535923973,34
4,Hurdle_zero_positif,margin_window_xof_7j,categorie,Sport & Loisirs,0.1336819267555421,4872.608196826555,9251.24877145521,-0.00953986669878367,30
4,Hurdle_zero_positif,margin_window_xof_7j,categorie,Telephonie & Accessoires,0.14596802902980724,17949.491472956208,40355.76800823796,0.05273631969573717,40
4,Hurdle_zero_positif,margin_window_xof_7j,classe_abc,A,0.1268132504159284,47515.56521099669,68459.49963535048,0.04084372341263151,36
4,Hurdle_zero_positif,margin_window_xof_7j,classe_abc,B,0.1802300141475945,14867.819090485717,20475.550633053623,-0.022535904028722246,50
4,Hurdle_zero_positif,margin_window_xof_7j,classe_abc,C,0.32488461027946913,2312.4554425359593,5281.754003339104,0.03661786230123642,213
4,Hurdle_zero_positif,margin_window_xof_7j,treatment_group,controle_0pct,0.13609209198330044,11316.952791121848,32259.59393903889,-0.04517290433334293,76
4,Hurdle_zero_positif,margin_window_xof_7j,treatment_group,traitement_10pct,0.13771700731408756,8375.377584088807,18764.23442495762,0.04736848830135405,76
4,Hurdle_zero_positif,margin_window_xof_7j,treatment_group,traitement_15pct,0.17128358852198883,7547.0036234347635,14307.21447523029,0.027785862632417738,73
4,Hurdle_zero_positif,margin_window_xof_7j,treatment_group,traitement_5pct,0.18083322102354174,12148.053220994303,31800.010382093576,0.09870354061079104,74
4,S_learner,margin_window_xof_7j,categorie,Alimentation & Epicerie,0.1961037734445051,797.3824557970383,1798.159661270727,0.05618767762034548,40
4,S_learner,margin_window_xof_7j,categorie,Beaute & Soins,0.20002221930620395,3257.2695234541593,6029.527778210223,0.0808536393299515,39
4,S_learner,margin_window_xof_7j,categorie,Bebe & Enfant,0.22631523459246713,6076.235352871787,10786.932536491493,-0.009692965619072026,42
4,S_learner,margin_window_xof_7j,categorie,Electronique & High-Tech,0.14675047487432263,29514.476471077323,53412.1101670784,0.019291101525320126,42
4,S_learner,margin_window_xof_7j,categorie,Maison & Cuisine,0.18415203948806516,6152.479356037619,11999.953781872755,0.038547523589558035,32
4,S_learner,margin_window_xof_7j,categorie,Mode & Vetements,0.18110170521579025,8926.263356652928,18957.83639728734,-0.07115995047942396,34
4,S_learner,margin_window_xof_7j,categorie,Sport & Loisirs,0.12674979084153873,4619.936926327469,9119.379551091646,-0.011175248067062288,30
4,S_learner,margin_window_xof_7j,categorie,Telephonie & Accessoires,0.14900145703663933,18322.50801982854,36987.0847062818,0.057151650411534624,40
4,S_learner,margin_window_xof_7j,classe_abc,A,0.13070409942669953,48973.424616784905,68687.58479955352,0.03977218248171946,36
4,S_learner,margin_window_xof_7j,classe_abc,B,0.19732981655877518,16278.443008676646,22551.51295406398,-0.026265979012702688,50
4,S_learner,margin_window_xof_7j,classe_abc,C,0.2959225213587727,2106.3098202663678,4855.8157744529235,-0.016340976155990058,213
4,S_learner,margin_window_xof_7j,treatment_group,controle_0pct,0.14298834838049165,11890.421880656173,33840.827361655436,-0.05272612692718144,76
4,S_learner,margin_window_xof_7j,treatment_group,traitement_10pct,0.14914865560507506,9070.603051972828,20250.719982505438,0.05083105487682937,76
4,S_learner,margin_window_xof_7j,treatment_group,traitement_15pct,0.17273895980061973,7611.129395250085,15266.637535275106,0.019571615126335033,73
4,S_learner,margin_window_xof_7j,treatment_group,traitement_5pct,0.17640835301778265,11850.798481375201,29656.108673595263,0.08824794965816538,74
4,T_learner,margin_window_xof_7j,categorie,Alimentation & Epicerie,0.12852859541711364,522.6133350404112,1422.2164386256193,0.0655130693592532,40
4,T_learner,margin_window_xof_7j,categorie,Beaute & Soins,0.1892014020768113,3081.0575090968364,6246.899366677581,0.09223203254829616,39
4,T_learner,margin_window_xof_7j,categorie,Bebe & Enfant,0.1691701399746507,4541.97255883036,8532.996137719681,-0.0322602785382139,42
4,T_learner,margin_window_xof_7j,categorie,Electronique & High-Tech,0.1412663475331105,28411.507996765973,49982.962695893286,0.011594955186661478,42
4,T_learner,margin_window_xof_7j,categorie,Maison & Cuisine,0.13016114780111818,4348.655475284277,9713.090115636936,0.06505776723551196,32
4,T_learner,margin_window_xof_7j,categorie,Mode & Vetements,0.14676408311171782,7233.807409995982,15837.234398945373,-0.07341296550566069,34
4,T_learner,margin_window_xof_7j,categorie,Sport & Loisirs,0.11973024769963836,4364.079726470171,8186.070647019076,-0.026344074381562173,30
4,T_learner,margin_window_xof_7j,categorie,Telephonie & Accessoires,0.1359225849767199,16714.21677909753,36107.23493995153,0.04302513252005551,40
4,T_learner,margin_window_xof_7j,classe_abc,A,0.12163332389736099,45574.70228481271,65071.92053042293,0.029549413646715164,36
4,T_learner,margin_window_xof_7j,classe_abc,B,0.16455345461824325,13574.603572826418,19287.18300540751,-0.020880995509039248,50
4,T_learner,margin_window_xof_7j,classe_abc,C,0.25743261846875926,1832.3473652761845,4471.779984717729,-0.03450445439408832,213
4,T_learner,margin_window_xof_7j,treatment_group,controle_0pct,0.12547724563898152,10434.258483076306,30799.222177908527,-0.047367845575148955,76
4,T_learner,margin_window_xof_7j,treatment_group,traitement_10pct,0.11927158621333214,7253.603524157265,16986.240896477633,0.023072068421137154,76
4,T_learner,margin_window_xof_7j,treatment_group,traitement_15pct,0.1499084308812462,6605.1831398835075,13579.595131711261,0.01570935843310447,73
4,T_learner,margin_window_xof_7j,treatment_group,traitement_5pct,0.1776745453877742,11935.859026177815,30271.923844463952,0.08093423961200857,74
4,Ensemble_contraint,margin_window_xof_7j,categorie,Alimentation & Epicerie,0.14627596654274258,594.7763644586091,1547.198635293389,0.05873434826734447,40
4,Ensemble_contraint,margin_window_xof_7j,categorie,Beaute & Soins,0.191348863035388,3116.027919671431,5865.198266845803,0.08951413213897003,39
4,Ensemble_contraint,margin_window_xof_7j,categorie,Bebe & Enfant,0.19516113314987868,5239.792976761811,9495.459006583149,-0.02163482195723321,42
4,Ensemble_contraint,margin_window_xof_7j,categorie,Electronique & High-Tech,0.14243070555326695,28645.683848116703,51002.943907950685,0.018357432802109042,42
4,Ensemble_contraint,margin_window_xof_7j,categorie,Maison & Cuisine,0.17684221792374105,5908.259816597018,11521.686608090129,0.07150773292594698,32
4,Ensemble_contraint,margin_window_xof_7j,categorie,Mode & Vetements,0.1578100215786036,7778.247097404342,17005.66179027659,-0.0698027725524095,34
4,Ensemble_contraint,margin_window_xof_7j,categorie,Sport & Loisirs,0.12990870183554337,4735.076915524211,8858.797192739523,-0.013019007274374888,30
4,Ensemble_contraint,margin_window_xof_7j,categorie,Telephonie & Accessoires,0.14016730136744804,17236.183823298237,37385.98385907371,0.05007721729495092,40
4,Ensemble_contraint,margin_window_xof_7j,classe_abc,A,0.12493517266201595,46811.869613772724,66838.27819646051,0.03651179674547264,36
4,Ensemble_contraint,margin_window_xof_7j,classe_abc,B,0.1787306586207638,14744.131885384668,20686.358851061515,-0.02314380452207519,50
4,Ensemble_contraint,margin_window_xof_7j,classe_abc,C,0.28434841134730104,2023.9279134548556,4647.751065203731,-0.0055490438041354805,213
4,Ensemble_contraint,margin_window_xof_7j,treatment_group,controle_0pct,0.1314783933826263,10933.293399195523,31873.196082178347,-0.04893663699688841,76
4,Ensemble_contraint,margin_window_xof_7j,treatment_group,traitement_10pct,0.13233725034084026,8048.203062652834,18108.37239826168,0.03939649540954614,76
4,Ensemble_contraint,margin_window_xof_7j,treatment_group,traitement_15pct,0.16335185129892568,7197.519764069538,14457.773569081628,0.021222082353022417,73
4,Ensemble_contraint,margin_window_xof_7j,treatment_group,traitement_5pct,0.17813003090073917,11966.457730451131,30631.500370207745,0.09002889562821459,74
5,baseline_moyenne_produit,margin_window_xof_7j,categorie,Alimentation & Epicerie,0.11146265073481673,460.3713997637452,984.4113968730611,9.102497250272608e-05,40
5,baseline_moyenne_produit,margin_window_xof_7j,categorie,Beaute & Soins,0.1366467205018509,2429.8309613915276,4432.938205711552,0.017247179691990997,39
5,baseline_moyenne_produit,margin_window_xof_7j,categorie,Bebe & Enfant,0.09703513039941049,2655.407929864325,4508.524959679951,-0.04133424586697345,42
5,baseline_moyenne_produit,margin_window_xof_7j,categorie,Electronique & High-Tech,0.13775495697255422,28346.014609758586,52389.33308690633,-0.014308840813328833,42
5,baseline_moyenne_produit,margin_window_xof_7j,categorie,Maison & Cuisine,0.13292706831447706,4847.56771140881,11037.007568232608,-0.06343202564262,32
5,baseline_moyenne_produit,margin_window_xof_7j,categorie,Mode & Vetements,0.17469858269714517,7386.430775017994,18075.81223654163,0.1029572597217202,34
5,baseline_moyenne_produit,margin_window_xof_7j,categorie,Sport & Loisirs,0.09841039454375566,3534.9505772089756,6946.791328694706,-0.0009322615659276213,30
5,baseline_moyenne_produit,margin_window_xof_7j,categorie,Telephonie & Accessoires,0.17613302896812474,22094.612593573114,49305.11210962517,0.010395357694042477,41
5,baseline_moyenne_produit,margin_window_xof_7j,classe_abc,A,0.13417362685634682,51786.22325938976,76368.64759528964,0.0024110610645538553,36
5,baseline_moyenne_produit,margin_window_xof_7j,classe_abc,B,0.12454076305180019,9932.340063493513,17115.281900857175,0.008669107131040509,50
5,baseline_moyenne_produit,margin_window_xof_7j,classe_abc,C,0.2965316650797867,2207.9692355361462,6285.51726365776,-0.06327225770294514,214
5,baseline_moyenne_produit,margin_window_xof_7j,treatment_group,controle_0pct,0.11253595186355425,9141.551537240623,33402.418284182444,-0.020418880831074886,76
5,baseline_moyenne_produit,margin_window_xof_7j,treatment_group,traitement_10pct,0.17682900509581434,11251.909764878115,32849.273812791136,-0.023787362034110523,77
5,baseline_moyenne_produit,margin_window_xof_7j,treatment_group,traitement_15pct,0.15022708860201459,6724.965010996943,12934.180020045571,0.006242109330300299,73
5,baseline_moyenne_produit,margin_window_xof_7j,treatment_group,traitement_5pct,0.15217374771062578,10558.770843091397,26752.984952727365,0.03689865392699285,74
5,baseline_mediane_produit,margin_window_xof_7j,categorie,Alimentation & Epicerie,0.1111517998196246,459.0875,1052.5755347004795,-0.005317442543172065,40
5,baseline_mediane_produit,margin_window_xof_7j,categorie,Beaute & Soins,0.13809748346051576,2455.628205128205,4806.969316150276,0.016929539201605788,39
5,baseline_mediane_produit,margin_window_xof_7j,categorie,Bebe & Enfant,0.08021678377654114,2195.1666666666665,4369.691381986779,-0.0444913115957917,42
5,baseline_mediane_produit,margin_window_xof_7j,categorie,Electronique & High-Tech,0.13198634545011487,27159.0,50103.09874981121,-0.0188681515792962,42
5,baseline_mediane_produit,margin_window_xof_7j,categorie,Maison & Cuisine,0.12199135883294543,4448.765625,13171.528858737793,-0.08802396287143137,32
5,baseline_mediane_produit,margin_window_xof_7j,categorie,Mode & Vetements,0.16102629883816538,6808.35294117647,18430.756182820827,0.09411124729923188,34
5,baseline_mediane_produit,margin_window_xof_7j,categorie,Sport & Loisirs,0.08924755130542912,3205.8166666666666,7909.892901192363,0.0057260709993828965,30
5,baseline_mediane_produit,margin_window_xof_7j,categorie,Telephonie & Accessoires,0.17393377175440825,21818.731707317074,50052.56802115347,0.01790224790123879,41
5,baseline_mediane_produit,margin_window_xof_7j,classe_abc,A,0.13315215650729886,51391.97222222222,75276.505234037,0.005246815821240784,36
5,baseline_mediane_produit,margin_window_xof_7j,classe_abc,B,0.1166888939824746,9306.14,17647.30740169729,0.015212712653720822,50
5,baseline_mediane_produit,margin_window_xof_7j,classe_abc,C,0.24863000803293503,1851.2943925233644,6594.919495303389,-0.12933778491816447,214
5,baseline_mediane_produit,margin_window_xof_7j,treatment_group,controle_0pct,0.09200104055086997,7473.453947368421,30078.34686035743,-0.01515010642807427,76
5,baseline_mediane_produit,margin_window_xof_7j,treatment_group,traitement_10pct,0.16013059756324557,10189.363636363636,31610.878326581216,-0.03145481130011397,77
5,baseline_mediane_produit,margin_window_xof_7j,treatment_group,traitement_15pct,0.15677127816323114,7017.917808219178,15148.787587456067,-0.0022779370898894664,73
5,baseline_mediane_produit,margin_window_xof_7j,treatment_group,traitement_5pct,0.16490592715867008,11442.20945945946,29959.993872065283,0.03555603812187353,74
5,GLM_Poisson,margin_window_xof_7j,categorie,Alimentation & Epicerie,1.9534586278957367,8068.321334332063,13843.772000055977,1.876484946266002,40
5,GLM_Poisson,margin_window_xof_7j,categorie,Beaute & Soins,0.33098708713817965,5885.561462400781,11040.813083433804,-0.17660347554782097,39
5,GLM_Poisson,margin_window_xof_7j,categorie,Bebe & Enfant,0.3185773900035204,8718.00681061348,16999.804627268582,-0.0289337256812499,42
5,GLM_Poisson,margin_window_xof_7j,categorie,Electronique & High-Tech,0.3617125770407289,74430.06203669841,142855.66188937024,-0.020019085732617924,42
5,GLM_Poisson,margin_window_xof_7j,categorie,Maison & Cuisine,0.263900592866305,9623.893833074302,20857.366891076344,0.09052564703399898,32
5,GLM_Poisson,margin_window_xof_7j,categorie,Mode & Vetements,0.36936240980688934,15617.012049045088,28564.409546148945,-0.21154017342325604,34
5,GLM_Poisson,margin_window_xof_7j,categorie,Sport & Loisirs,0.2845354220458525,10220.654627598045,17163.211812594196,0.04416441533598469,30
5,GLM_Poisson,margin_window_xof_7j,categorie,Telephonie & Accessoires,0.2903694384202526,36424.7426419375,76445.88637706771,0.09435864228681592,41
5,GLM_Poisson,margin_window_xof_7j,classe_abc,A,0.31197133676751476,120409.78301697125,173726.4475512144,0.0312598849859246,36
5,GLM_Poisson,margin_window_xof_7j,classe_abc,B,0.29545660135865714,23563.17214370724,35186.65027533396,-0.07884007935666965,50
5,GLM_Poisson,margin_window_xof_7j,classe_abc,C,0.7346087368655079,5469.882923696145,10449.892186242756,0.1228431699390101,214
5,GLM_Poisson,margin_window_xof_7j,treatment_group,controle_0pct,0.3522225830349324,28611.842189754734,93762.97491816642,0.003525732342069706,76
5,GLM_Poisson,margin_window_xof_7j,treatment_group,traitement_10pct,0.4043478544551176,25729.29463402126,63274.01177248066,0.07720284257895174,77
5,GLM_Poisson,margin_window_xof_7j,treatment_group,traitement_15pct,0.36395819551547537,16292.708279739192,31328.40675310534,-0.05034948666943213,73
5,GLM_Poisson,margin_window_xof_7j,treatment_group,traitement_5pct,0.2606719615714501,18087.05870007222,40886.68561438572,0.01562192756178793,74
5,GLM_Tweedie,margin_window_xof_7j,categorie,Alimentation & Epicerie,1.6080998784708913,6641.89472555136,11129.315135423272,1.5271470401928198,40
5,GLM_Tweedie,margin_window_xof_7j,categorie,Beaute & Soins,0.3411432019319823,6066.15593318498,11801.833847980904,-0.21644433985723796,39
5,GLM_Tweedie,margin_window_xof_7j,categorie,Bebe & Enfant,0.3141688437928606,8597.365054181826,16949.60011670894,-0.05009721584039125,42
5,GLM_Tweedie,margin_window_xof_7j,categorie,Electronique & High-Tech,0.3867094787066598,79573.70663137057,159379.720652545,-0.022204305533303888,42
5,GLM_Tweedie,margin_window_xof_7j,categorie,Maison & Cuisine,0.2500979184417093,9120.53962749245,19897.69825207229,0.09606308613874577,32
5,GLM_Tweedie,margin_window_xof_7j,categorie,Mode & Vetements,0.36027119026951104,15232.626195785197,28193.31172620237,-0.22261073828025446,34
5,GLM_Tweedie,margin_window_xof_7j,categorie,Sport & Loisirs,0.3005605757243366,10796.286160306034,18687.08787599534,0.10456876974946927,30
5,GLM_Tweedie,margin_window_xof_7j,categorie,Telephonie & Accessoires,0.3233745441872373,40564.994074639566,85610.27268650082,0.11265868664362719,41
5,GLM_Tweedie,margin_window_xof_7j,classe_abc,A,0.3402259455270193,131315.05189587685,194287.3631013532,0.04087939857053097,36
5,GLM_Tweedie,margin_window_xof_7j,classe_abc,B,0.2848054406974598,22713.723760980418,34293.034438825794,-0.0878350463177562,50
5,GLM_Tweedie,margin_window_xof_7j,classe_abc,C,0.7149517556448566,5323.517408947384,10204.359607316695,0.07478008681254454,214
5,GLM_Tweedie,margin_window_xof_7j,treatment_group,controle_0pct,0.3834740538221092,31150.4703000135,107110.08642827623,0.010541561222678637,76
5,GLM_Tweedie,margin_window_xof_7j,treatment_group,traitement_10pct,0.40949405437072994,26056.755488371018,66079.00861619588,0.07761682631483191,77
5,GLM_Tweedie,margin_window_xof_7j,treatment_group,traitement_15pct,0.3578404022024967,16018.843250754391,31909.272025507064,-0.06077869195477936,73
5,GLM_Tweedie,margin_window_xof_7j,treatment_group,traitement_5pct,0.28416694028916895,19717.287960873815,46139.836916777334,0.017559017438914613,74
5,LightGBM_Poisson,margin_window_xof_7j,categorie,Alimentation & Epicerie,0.521345690355391,2153.3010712326127,2725.3622658357717,0.3803385011923803,40
5,LightGBM_Poisson,margin_window_xof_7j,categorie,Beaute & Soins,0.21691685553141427,3857.1821532356807,5474.726189360361,0.018087963936369213,39
5,LightGBM_Poisson,margin_window_xof_7j,categorie,Bebe & Enfant,0.21477200400366658,5877.327934704908,9623.799393801259,0.0255339096046421,42
5,LightGBM_Poisson,margin_window_xof_7j,categorie,Electronique & High-Tech,0.1408782262081635,28988.693736001787,53789.26425359689,-0.006500686194738532,42
5,LightGBM_Poisson,margin_window_xof_7j,categorie,Maison & Cuisine,0.19801715895767585,7221.265000723653,12317.820660222402,0.001974171313044592,32
5,LightGBM_Poisson,margin_window_xof_7j,categorie,Mode & Vetements,0.20249820308761732,8561.826524747548,16499.38000056502,0.06488025074794639,34
5,LightGBM_Poisson,margin_window_xof_7j,categorie,Sport & Loisirs,0.13717182620844484,4927.280583320443,7381.1495000712475,0.0350594920110258,30
5,LightGBM_Poisson,margin_window_xof_7j,categorie,Telephonie & Accessoires,0.16699882629534196,20948.793035545536,49450.103304790726,-0.0025476002720382016,41
5,LightGBM_Poisson,margin_window_xof_7j,classe_abc,A,0.13527294132616294,52210.51934424649,78014.10995403267,-0.0029654648961077224,36
5,LightGBM_Poisson,margin_window_xof_7j,classe_abc,B,0.13920939485248446,11102.188679644782,16757.965975786978,0.011393024543969123,50
5,LightGBM_Poisson,margin_window_xof_7j,classe_abc,C,0.4990137315754705,3715.6469179514847,6743.846430146252,0.10327972222500446,214
5,LightGBM_Poisson,margin_window_xof_7j,treatment_group,controle_0pct,0.14814197743122076,12033.910044660372,35757.662568833555,-0.02122915037526012,76
5,LightGBM_Poisson,margin_window_xof_7j,treatment_group,traitement_10pct,0.1994406424278034,12690.724074543159,34074.247915687556,0.0017775087858535245,77
5,LightGBM_Poisson,margin_window_xof_7j,treatment_group,traitement_15pct,0.1834859569917617,8213.809188886456,14002.579273920896,0.020661228731528872,73
5,LightGBM_Poisson,margin_window_xof_7j,treatment_group,traitement_5pct,0.14382186347952325,9979.264633702809,23820.407257073006,0.04355376378207029,74
5,LightGBM_Tweedie,margin_window_xof_7j,categorie,Alimentation & Epicerie,0.20474745107612732,845.6632784934518,1812.8218005743734,0.04101604232715148,40
5,LightGBM_Tweedie,margin_window_xof_7j,categorie,Beaute & Soins,0.17271480380710685,3071.1880697896963,5564.068335424534,-0.0007466707338090518,39
5,LightGBM_Tweedie,margin_window_xof_7j,categorie,Bebe & Enfant,0.15951226683067482,4365.121544221487,7593.462771135566,-0.025976269722454357,42
5,LightGBM_Tweedie,margin_window_xof_7j,categorie,Electronique & High-Tech,0.1400130208405381,28810.659315098605,54750.45531768684,-0.007183909264913022,42
5,LightGBM_Tweedie,margin_window_xof_7j,categorie,Maison & Cuisine,0.15572699470270773,5679.032576944008,11958.713083908657,-0.05354164852350648,32
5,LightGBM_Tweedie,margin_window_xof_7j,categorie,Mode & Vetements,0.1910399792713555,8077.361363572181,17179.66061137755,0.07938032737973727,34
5,LightGBM_Tweedie,margin_window_xof_7j,categorie,Sport & Loisirs,0.10687644946515831,3839.055503013219,6334.3764161841655,0.007725293201596104,30
5,LightGBM_Tweedie,margin_window_xof_7j,categorie,Telephonie & Accessoires,0.1592553784983452,19977.433602192672,49532.57141312554,-0.0033432940901007065,41
5,LightGBM_Tweedie,margin_window_xof_7j,classe_abc,A,0.13443207656426703,51885.9756070699,78741.05811551507,0.002079748076720383,36
5,LightGBM_Tweedie,margin_window_xof_7j,classe_abc,B,0.13574176878295147,10825.639536282686,16758.929153981815,0.006925632007070588,50
5,LightGBM_Tweedie,margin_window_xof_7j,classe_abc,C,0.3316185955469219,2469.225863963959,6419.5379193349945,-0.06240322282216998,214
5,LightGBM_Tweedie,margin_window_xof_7j,treatment_group,controle_0pct,0.13645200122436835,11084.306667300334,36581.94783717984,-0.030613299165855024,76
5,LightGBM_Tweedie,margin_window_xof_7j,treatment_group,traitement_10pct,0.1744198934881196,11098.614176246523,33734.13199713484,-0.01836975359317964,77
5,LightGBM_Tweedie,margin_window_xof_7j,treatment_group,traitement_15pct,0.16087927750829417,7201.813749476052,13790.5780293402,0.0012079363354842942,73
5,LightGBM_Tweedie,margin_window_xof_7j,treatment_group,traitement_5pct,0.13922418882137091,9660.24907512674,24064.389879410563,0.045209458128525164,74
5,LightGBM_L1,margin_window_xof_7j,categorie,Alimentation & Epicerie,0.1706748050559584,704.9338804524986,1329.4346778609624,0.03438396354189783,40
5,LightGBM_L1,margin_window_xof_7j,categorie,Beaute & Soins,0.18699531027814534,3325.1218388567067,6156.954137797912,-0.005935976900723424,39
5,LightGBM_L1,margin_window_xof_7j,categorie,Bebe & Enfant,0.19355162848129928,5296.623264088676,12428.164794977232,-0.1199651692671292,42
5,LightGBM_L1,margin_window_xof_7j,categorie,Electronique & High-Tech,0.18018298039969766,37076.483540677735,72826.61931261353,-0.057647754136980894,42
5,LightGBM_L1,margin_window_xof_7j,categorie,Maison & Cuisine,0.1893792508564214,6906.258847825618,15947.536801883218,-0.050298340693505236,32
5,LightGBM_L1,margin_window_xof_7j,categorie,Mode & Vetements,0.20871909210279044,8824.851933198082,18997.813721682964,-0.046390027813593145,34
5,LightGBM_L1,margin_window_xof_7j,categorie,Sport & Loisirs,0.11111612497544375,3991.346767180427,8332.832245280668,0.0035740042893075375,30
5,LightGBM_L1,margin_window_xof_7j,categorie,Telephonie & Accessoires,0.2720845310111875,34131.033461555664,123271.54433259257,-0.1414002846833368,41
5,LightGBM_L1,margin_window_xof_7j,classe_abc,A,0.20437681106945924,78882.14260181553,153239.65189119006,-0.07866505952195851,36
5,LightGBM_L1,margin_window_xof_7j,classe_abc,B,0.14902805240698921,11885.243507707528,20087.01031742857,-0.06792220203710839,50
5,LightGBM_L1,margin_window_xof_7j,classe_abc,C,0.3412028739590532,2540.5902218752976,7095.95925457852,-0.0749542193148499,214
5,LightGBM_L1,margin_window_xof_7j,treatment_group,controle_0pct,0.2645284925474015,21488.251600009775,95537.42923573327,-0.1583612493011931,76
5,LightGBM_L1,margin_window_xof_7j,treatment_group,traitement_10pct,0.2082965506116345,13254.239543719272,37533.6765697645,-0.07196851833305337,77
5,LightGBM_L1,margin_window_xof_7j,treatment_group,traitement_15pct,0.18647161610048824,8347.463200475157,19424.03859634028,-0.04112105968062636,73
5,LightGBM_L1,margin_window_xof_7j,treatment_group,traitement_5pct,0.13918500451939875,9657.53022203023,25098.529782348913,-0.0036311025946960626,74
5,LightGBM_Monotone,margin_window_xof_7j,categorie,Alimentation & Epicerie,0.21018436000488144,868.1192075191617,1844.2934741278161,0.03866278826106248,40
5,LightGBM_Monotone,margin_window_xof_7j,categorie,Beaute & Soins,0.16642374988508538,2959.32151680276,5502.396785319105,-0.00670897679020549,39
5,LightGBM_Monotone,margin_window_xof_7j,categorie,Bebe & Enfant,0.1620045532839266,4433.3240311374875,8238.258087885324,-0.03445623054845972,42
5,LightGBM_Monotone,margin_window_xof_7j,categorie,Electronique & High-Tech,0.1378298393752875,28361.423258046394,55195.63310831927,-0.009404216327802022,42
5,LightGBM_Monotone,margin_window_xof_7j,categorie,Maison & Cuisine,0.1562649420607283,5698.650373952882,12434.657093477781,-0.05618025802047542,32
5,LightGBM_Monotone,margin_window_xof_7j,categorie,Mode & Vetements,0.1853608621785741,7837.242613772291,16812.778141116236,0.07900038173836303,34
5,LightGBM_Monotone,margin_window_xof_7j,categorie,Sport & Loisirs,0.10247841778324977,3681.0760059832237,6045.779518323204,0.012763304815130124,30
5,LightGBM_Monotone,margin_window_xof_7j,categorie,Telephonie & Accessoires,0.16713439837899777,20965.799571369207,51262.113055967755,0.0009644744111639371,41
5,LightGBM_Monotone,margin_window_xof_7j,classe_abc,A,0.13584988923370597,52433.20061067041,80433.6847587807,0.0011150877620337318,36
5,LightGBM_Monotone,margin_window_xof_7j,classe_abc,B,0.13494393754830727,10762.011123050088,16687.74367742764,0.006614500994754743,50
5,LightGBM_Monotone,margin_window_xof_7j,classe_abc,C,0.3267616219660249,2433.0609294651526,6372.058357834145,-0.059174532681398335,214
5,LightGBM_Monotone,margin_window_xof_7j,treatment_group,controle_0pct,0.13865189868455963,11263.009345652994,37780.90780043057,-0.029495076037845652,76
5,LightGBM_Monotone,margin_window_xof_7j,treatment_group,traitement_10pct,0.16897837765753357,10752.361902323852,33253.78049124004,-0.018203389018600927,77
5,LightGBM_Monotone,margin_window_xof_7j,treatment_group,traitement_15pct,0.16094498030662682,7204.754956844333,14532.328533844036,0.002060684696391049,73
5,LightGBM_Monotone,margin_window_xof_7j,treatment_group,traitement_5pct,0.14343966035112501,9952.744978972718,25059.73808531085,0.04131334333801909,74
5,CatBoost_MAE,margin_window_xof_7j,categorie,Alimentation & Epicerie,0.19416480538968017,801.9540415808613,1771.1290503661494,0.014635552047408117,40
5,CatBoost_MAE,margin_window_xof_7j,categorie,Beaute & Soins,0.2199646005817863,3911.376686837542,7361.848894753413,-0.07134876559465168,39
5,CatBoost_MAE,margin_window_xof_7j,categorie,Bebe & Enfant,0.2297142059652274,6286.227695183862,14932.581625178656,-0.11325484900335911,42
5,CatBoost_MAE,margin_window_xof_7j,categorie,Electronique & High-Tech,0.23080344542560155,47492.721712513005,93706.17537764093,-0.04555962375411544,42
5,CatBoost_MAE,margin_window_xof_7j,categorie,Maison & Cuisine,0.25435889495745306,9275.928386446529,21781.155744167598,0.037148064269287434,32
5,CatBoost_MAE,margin_window_xof_7j,categorie,Mode & Vetements,0.2564671073299486,10843.685765017557,20152.028985992885,-0.046767076918631655,34
5,CatBoost_MAE,margin_window_xof_7j,categorie,Sport & Loisirs,0.17359045007677543,6235.455761982812,13223.535736955393,-0.0031137292581789526,30
5,CatBoost_MAE,margin_window_xof_7j,categorie,Telephonie & Accessoires,0.32437304473524037,40690.24873534599,124727.26887783316,-0.15562943711926797,41
5,CatBoost_MAE,margin_window_xof_7j,classe_abc,A,0.25836892092264524,99721.16678721807,167736.24309743792,-0.07490062769562571,36
5,CatBoost_MAE,margin_window_xof_7j,classe_abc,B,0.1950834491365712,15558.240612174068,23233.204756318875,-0.05381779525104004,50
5,CatBoost_MAE,margin_window_xof_7j,classe_abc,C,0.3742485365060302,2786.647607524153,7673.8873232661335,-0.0899377072761884,214
5,CatBoost_MAE,margin_window_xof_7j,treatment_group,controle_0pct,0.28391182713543445,23062.80399118627,93655.11904463285,-0.10215266209845453,76
5,CatBoost_MAE,margin_window_xof_7j,treatment_group,traitement_10pct,0.3214896811335736,20456.897783790308,59872.880359997296,-0.07639751770831894,77
5,CatBoost_MAE,margin_window_xof_7j,treatment_group,traitement_15pct,0.23988995301177418,10738.75261450183,29042.340670043533,-0.07338134518457326,73
5,CatBoost_MAE,margin_window_xof_7j,treatment_group,traitement_5pct,0.16599850804263233,11518.019586730801,25535.05789731411,-0.02996556062726231,74
5,Hurdle_zero_positif,margin_window_xof_7j,categorie,Alimentation & Epicerie,0.15911311095111905,657.1809043336332,1492.7156992728153,0.021917817001611713,40
5,Hurdle_zero_positif,margin_window_xof_7j,categorie,Beaute & Soins,0.14378776652103725,2556.8119430822353,4531.290264696286,0.0040338415219121895,39
5,Hurdle_zero_positif,margin_window_xof_7j,categorie,Bebe & Enfant,0.14755673544682485,4037.953304103268,6706.174624595756,-0.04067167865809288,42
5,Hurdle_zero_positif,margin_window_xof_7j,categorie,Electronique & High-Tech,0.1464805506794985,30141.491245456993,55685.8216482882,0.0024985223616731085,42
5,Hurdle_zero_positif,margin_window_xof_7j,categorie,Maison & Cuisine,0.15000334306153268,5470.303164350091,10958.786000377888,-0.021474689117196813,32
5,Hurdle_zero_positif,margin_window_xof_7j,categorie,Mode & Vetements,0.17703222306445904,7485.099423388392,17484.040169692824,0.08053544284933538,34
5,Hurdle_zero_positif,margin_window_xof_7j,categorie,Sport & Loisirs,0.1004776454191223,3609.2072622775822,6494.022185155428,-0.002911637036543107,30
5,Hurdle_zero_positif,margin_window_xof_7j,categorie,Telephonie & Accessoires,0.16058954203709289,20144.79475357806,49873.65342093929,-0.006776311988522722,41
5,Hurdle_zero_positif,margin_window_xof_7j,classe_abc,A,0.13688185171920406,52831.5012374138,79661.54488620227,0.005451859530973971,36
5,Hurdle_zero_positif,margin_window_xof_7j,classe_abc,B,0.1256782582692132,10023.057263573975,16660.836154786994,0.008007605091963002,50
5,Hurdle_zero_positif,margin_window_xof_7j,classe_abc,C,0.32772401202990004,2440.226867892168,6177.881278478115,-0.04624760267062729,214
5,Hurdle_zero_positif,margin_window_xof_7j,treatment_group,controle_0pct,0.1292332457681778,10497.91072942695,37314.622090714794,-0.02178856811020942,76
5,Hurdle_zero_positif,margin_window_xof_7j,treatment_group,traitement_10pct,0.18292245504776958,11639.645639878096,33214.54312435498,-0.009660329459662725,77
5,Hurdle_zero_positif,margin_window_xof_7j,treatment_group,traitement_15pct,0.15001500932052297,6715.471212236275,12202.089687515074,0.004263037466888069,73
5,Hurdle_zero_positif,margin_window_xof_7j,treatment_group,traitement_5pct,0.14431003270063883,10013.136881813643,25696.911540453613,0.03932281337332555,74
5,S_learner,margin_window_xof_7j,categorie,Alimentation & Epicerie,0.20474745107612732,845.6632784934518,1812.8218005743734,0.04101604232715148,40
5,S_learner,margin_window_xof_7j,categorie,Beaute & Soins,0.17271480380710685,3071.1880697896963,5564.068335424534,-0.0007466707338090518,39
5,S_learner,margin_window_xof_7j,categorie,Bebe & Enfant,0.15951226683067482,4365.121544221487,7593.462771135566,-0.025976269722454357,42
5,S_learner,margin_window_xof_7j,categorie,Electronique & High-Tech,0.1400130208405381,28810.659315098605,54750.45531768684,-0.007183909264913022,42
5,S_learner,margin_window_xof_7j,categorie,Maison & Cuisine,0.15572699470270773,5679.032576944008,11958.713083908657,-0.05354164852350648,32
5,S_learner,margin_window_xof_7j,categorie,Mode & Vetements,0.1910399792713555,8077.361363572181,17179.66061137755,0.07938032737973727,34
5,S_learner,margin_window_xof_7j,categorie,Sport & Loisirs,0.10687644946515831,3839.055503013219,6334.3764161841655,0.007725293201596104,30
5,S_learner,margin_window_xof_7j,categorie,Telephonie & Accessoires,0.1592553784983452,19977.433602192672,49532.57141312554,-0.0033432940901007065,41
5,S_learner,margin_window_xof_7j,classe_abc,A,0.13443207656426703,51885.9756070699,78741.05811551507,0.002079748076720383,36
5,S_learner,margin_window_xof_7j,classe_abc,B,0.13574176878295147,10825.639536282686,16758.929153981815,0.006925632007070588,50
5,S_learner,margin_window_xof_7j,classe_abc,C,0.3316185955469219,2469.225863963959,6419.5379193349945,-0.06240322282216998,214
5,S_learner,margin_window_xof_7j,treatment_group,controle_0pct,0.13645200122436835,11084.306667300334,36581.94783717984,-0.030613299165855024,76
5,S_learner,margin_window_xof_7j,treatment_group,traitement_10pct,0.1744198934881196,11098.614176246523,33734.13199713484,-0.01836975359317964,77
5,S_learner,margin_window_xof_7j,treatment_group,traitement_15pct,0.16087927750829417,7201.813749476052,13790.5780293402,0.0012079363354842942,73
5,S_learner,margin_window_xof_7j,treatment_group,traitement_5pct,0.13922418882137091,9660.24907512674,24064.389879410563,0.045209458128525164,74
5,T_learner,margin_window_xof_7j,categorie,Alimentation & Epicerie,0.10905684048324772,450.434741826946,926.6778079425759,0.031983961653992254,40
5,T_learner,margin_window_xof_7j,categorie,Beaute & Soins,0.16134348771961546,2868.9850765551682,4860.875600270946,0.010692290017194444,39
5,T_learner,margin_window_xof_7j,categorie,Bebe & Enfant,0.12469673768727348,3412.3796682712473,5590.381824496606,-0.051244936567365125,42
5,T_learner,margin_window_xof_7j,categorie,Electronique & High-Tech,0.13666010472838894,28120.72545580953,54821.32638792118,-0.012261403198444652,42
5,T_learner,margin_window_xof_7j,categorie,Maison & Cuisine,0.11157907751616601,4069.0518514748524,10163.236266187398,-0.03228407233531235,32
5,T_learner,margin_window_xof_7j,categorie,Mode & Vetements,0.16443184417300036,6952.3428034786275,18159.29432614563,0.07696497154054324,34
5,T_learner,margin_window_xof_7j,categorie,Sport & Loisirs,0.08140277511030831,2924.02838334983,5303.49068633484,-0.005280382372910836,30
5,T_learner,margin_window_xof_7j,categorie,Telephonie & Accessoires,0.15247392284522382,19126.74911471174,47333.52644767677,-0.0032386905498184597,41
5,T_learner,margin_window_xof_7j,classe_abc,A,0.12662160402853878,48871.412432671954,76912.46820777796,-0.00028330300185262417,36
5,T_learner,margin_window_xof_7j,classe_abc,B,0.12370861440736618,9865.974777804233,17179.0569673838,0.009048198949926447,50
5,T_learner,margin_window_xof_7j,classe_abc,C,0.27621718807916495,2056.7080194993673,6113.895393872485,-0.08390129938800996,214
5,T_learner,margin_window_xof_7j,treatment_group,controle_0pct,0.12454107370865149,10116.754912166281,36449.9399889143,-0.012270420200792059,76
5,T_learner,margin_window_xof_7j,treatment_group,traitement_10pct,0.15935047465865154,10139.72317990543,31837.410217442462,-0.03395910988851808,77
5,T_learner,margin_window_xof_7j,treatment_group,traitement_15pct,0.13944573065607974,6242.333977991131,12415.781897090834,-0.011971416193741955,73
5,T_learner,margin_window_xof_7j,treatment_group,traitement_5pct,0.13389254712280704,9290.306271196732,24779.82466562529,0.03500065709480661,74
5,Ensemble_contraint,margin_window_xof_7j,categorie,Alimentation & Epicerie,0.15647038272007396,646.2657099891535,1378.3601353963993,0.03085485563888881,40
5,Ensemble_contraint,margin_window_xof_7j,categorie,Beaute & Soins,0.15386237938493633,2735.9571590876476,4874.0050021302995,0.002672384916300404,39
5,Ensemble_contraint,margin_window_xof_7j,categorie,Bebe & Enfant,0.14051110166392042,3845.1465160767525,6686.49666134026,-0.042124281924639254,42
5,Ensemble_contraint,margin_window_xof_7j,categorie,Electronique & High-Tech,0.13976282931472675,28759.177083157585,54780.692846490514,-0.00638903238819122,42
5,Ensemble_contraint,margin_window_xof_7j,categorie,Maison & Cuisine,0.13414719582053625,4892.063168783839,10826.843177213052,-0.03664633982432817,32
5,Ensemble_contraint,margin_window_xof_7j,categorie,Mode & Vetements,0.17327730361843033,7326.337674290852,17361.830690650975,0.07883359870941385,34
5,Ensemble_contraint,margin_window_xof_7j,categorie,Sport & Loisirs,0.09255294177723655,3324.5479451092256,5785.479471022484,0.001523761801892015,30
5,Ensemble_contraint,margin_window_xof_7j,categorie,Telephonie & Accessoires,0.1570497499827093,19700.75348226393,49295.67624607261,-0.00301684270905912,41
5,Ensemble_contraint,margin_window_xof_7j,classe_abc,A,0.13154137077811057,50770.26651634536,78462.59839304151,0.0020945480970516682,36
5,Ensemble_contraint,margin_window_xof_7j,classe_abc,B,0.1253042361865716,9993.228359165327,16613.762752274495,0.007890101678881383,50
5,Ensemble_contraint,margin_window_xof_7j,classe_abc,C,0.30603748473629233,2278.7493910196154,6161.806679052288,-0.06310781158001186,214
5,Ensemble_contraint,margin_window_xof_7j,treatment_group,controle_0pct,0.12791890438890635,10391.143787332696,36974.60877180519,-0.0211846881162824,76
5,Ensemble_contraint,margin_window_xof_7j,treatment_group,traitement_10pct,0.16913619185128165,10762.403869515309,32499.298993471864,-0.02060760945559396,77
5,Ensemble_contraint,margin_window_xof_7j,treatment_group,traitement_15pct,0.14671009240845792,6567.525520119657,12748.794266221674,-0.0018825646768209766,73
5,Ensemble_contraint,margin_window_xof_7j,treatment_group,traitement_5pct,0.13967672040996457,9691.648560354026,25057.184901661512,0.03854560460205042,74
6,baseline_moyenne_produit,margin_window_xof_7j,categorie,Alimentation & Epicerie,0.11733169802254266,464.175930546981,908.5508434432238,0.04404073883638367,40
6,baseline_moyenne_produit,margin_window_xof_7j,categorie,Beaute & Soins,0.15469740247393468,2866.9791938489875,5506.552411964551,-0.024349183618958214,39
6,baseline_moyenne_produit,margin_window_xof_7j,categorie,Bebe & Enfant,0.09748588316222032,2562.8040613591534,4146.197632657794,-0.000747070060704415,42
6,baseline_moyenne_produit,margin_window_xof_7j,categorie,Electronique & High-Tech,0.10145760823491391,21657.853672739708,38788.945309391915,-0.049271554783143975,42
6,baseline_moyenne_produit,margin_window_xof_7j,categorie,Maison & Cuisine,0.1617006750854572,5816.954394624984,11792.044446933915,-0.04939169623979537,32
6,baseline_moyenne_produit,margin_window_xof_7j,categorie,Mode & Vetements,0.13680216672116244,6458.056096744164,10091.572273441148,-0.013875506465000848,34
6,baseline_moyenne_produit,margin_window_xof_7j,categorie,Sport & Loisirs,0.20668356815592653,7533.740069424415,15403.03579931203,-0.015542015526274836,30
6,baseline_moyenne_produit,margin_window_xof_7j,categorie,Telephonie & Accessoires,0.08514321524541278,10453.908887797219,21478.49217984786,0.03272737188089952,41
6,baseline_moyenne_produit,margin_window_xof_7j,classe_abc,A,0.08816713422388085,34939.23196603759,48191.794865364434,-0.023743213561502295,36
6,baseline_moyenne_produit,margin_window_xof_7j,classe_abc,B,0.1381804607148998,11562.02343436367,16142.610844923844,-0.038667838876813694,50
6,baseline_moyenne_produit,margin_window_xof_7j,classe_abc,C,0.2687231861769666,1738.6553388706764,3374.505668681199,0.0837216512785581,214
6,baseline_moyenne_produit,margin_window_xof_7j,treatment_group,controle_0pct,0.12105018405049069,9954.740275137017,25609.05570349468,-0.03193074328151136,76
6,baseline_moyenne_produit,margin_window_xof_7j,treatment_group,traitement_10pct,0.10971550492927652,7297.011522273757,17317.18096911266,-0.06446545618695003,77
6,baseline_moyenne_produit,margin_window_xof_7j,treatment_group,traitement_15pct,0.11581635008429031,5339.8302235116325,9110.667546536095,-0.023115062443915955,73
6,baseline_moyenne_produit,margin_window_xof_7j,treatment_group,traitement_5pct,0.09803547899413906,6753.351494216475,16473.237939280916,0.04373094617109973,74
6,baseline_mediane_produit,margin_window_xof_7j,categorie,Alimentation & Epicerie,0.1051161497434342,415.85,874.9581418559404,0.03766335532468846,40
6,baseline_mediane_produit,margin_window_xof_7j,categorie,Beaute & Soins,0.14057666233155316,2605.2820512820513,5136.714648938111,-0.02260438861064224,39
6,baseline_mediane_produit,margin_window_xof_7j,categorie,Bebe & Enfant,0.08043023646522125,2114.4285714285716,3779.145859658162,0.0027858861717341235,42
6,baseline_mediane_produit,margin_window_xof_7j,categorie,Electronique & High-Tech,0.09354087812157895,19967.89285714286,40536.54568095372,-0.054960256491049415,42
6,baseline_mediane_produit,margin_window_xof_7j,categorie,Maison & Cuisine,0.18887986413645425,6794.6875,13686.344645302484,-0.07928558708427623,32
6,baseline_mediane_produit,margin_window_xof_7j,categorie,Mode & Vetements,0.14685987388531302,6932.85294117647,11595.14873836062,-0.02006358692299976,34
6,baseline_mediane_produit,margin_window_xof_7j,categorie,Sport & Loisirs,0.24742162451829783,9018.666666666666,18262.783329310278,-0.021084243697863228,30
6,baseline_mediane_produit,margin_window_xof_7j,categorie,Telephonie & Accessoires,0.0668940276424754,8213.268292682927,23848.913893559995,0.03512599940564069,41
6,baseline_mediane_produit,margin_window_xof_7j,classe_abc,A,0.08586110399056457,34025.38888888889,51626.24580041091,-0.022642426760768632,36
6,baseline_mediane_produit,margin_window_xof_7j,classe_abc,B,0.14587044191843138,12205.47,18102.85778061022,-0.03432311072484719,50
6,baseline_mediane_produit,margin_window_xof_7j,classe_abc,C,0.19569721932726802,1266.1728971962616,3227.9683441510265,-0.0022685366746762405,214
6,baseline_mediane_produit,margin_window_xof_7j,treatment_group,controle_0pct,0.11597931958735175,9537.730263157895,26657.860105627085,-0.028584528058685704,76
6,baseline_mediane_produit,margin_window_xof_7j,treatment_group,traitement_10pct,0.11110720574058225,7389.571428571428,18943.823018557832,-0.07352699675248914,77
6,baseline_mediane_produit,margin_window_xof_7j,treatment_group,traitement_15pct,0.09217351672247907,4249.753424657534,8509.921618041231,-0.03129000792990781,73
6,baseline_mediane_produit,margin_window_xof_7j,treatment_group,traitement_5pct,0.09848745219341402,6784.486486486487,19325.45078317639,0.03741939381955201,74
6,GLM_Poisson,margin_window_xof_7j,categorie,Alimentation & Epicerie,2.177326533208651,8613.721498026744,14941.111197798895,2.0607091879059594,40
6,GLM_Poisson,margin_window_xof_7j,categorie,Beaute & Soins,0.3528626934052307,6539.540962549555,13884.662427815196,-0.2033455875405168,39
6,GLM_Poisson,margin_window_xof_7j,categorie,Bebe & Enfant,0.37685296676476593,9907.078670589246,17463.666850552985,0.01872809275054561,42
6,GLM_Poisson,margin_window_xof_7j,categorie,Electronique & High-Tech,0.30258625266401135,64592.18680186309,117609.36393231066,-0.05462583971579793,42
6,GLM_Poisson,margin_window_xof_7j,categorie,Maison & Cuisine,0.2857669499124149,10280.064163325813,16861.98567384012,0.11500987635404665,32
6,GLM_Poisson,margin_window_xof_7j,categorie,Mode & Vetements,0.4168561506903191,19678.63864991308,38036.08823600466,-0.2943937828049143,34
6,GLM_Poisson,margin_window_xof_7j,categorie,Sport & Loisirs,0.4018066052905491,14646.09184680369,25810.03278205213,0.02618556709880776,30
6,GLM_Poisson,margin_window_xof_7j,categorie,Telephonie & Accessoires,0.23564591290518744,28932.674156034398,53638.77682676064,0.12139645044316652,41
6,GLM_Poisson,margin_window_xof_7j,classe_abc,A,0.26250262515166717,104025.61218082202,138761.71363415715,0.005947281156745764,36
6,GLM_Poisson,margin_window_xof_7j,classe_abc,B,0.3602032291686711,30139.41446739272,43455.764908185396,-0.11994305171617989,50
6,GLM_Poisson,margin_window_xof_7j,classe_abc,C,0.7946923814790806,5141.707983875069,9382.947502236757,0.3081215946269371,214
6,GLM_Poisson,margin_window_xof_7j,treatment_group,controle_0pct,0.2915989237829483,23980.06722202054,60235.8315041121,-0.002423415419555874,76
6,GLM_Poisson,margin_window_xof_7j,treatment_group,traitement_10pct,0.3404973953670346,22645.96438670228,62311.72309579267,0.037021718983200634,77
6,GLM_Poisson,margin_window_xof_7j,treatment_group,traitement_15pct,0.4280270979083062,19734.623239545268,40762.982973673345,-0.06472800523930802,73
6,GLM_Poisson,margin_window_xof_7j,treatment_group,traitement_5pct,0.2639202905691067,18180.62712556827,38626.55655331364,0.010411972657003854,74
6,GLM_Tweedie,margin_window_xof_7j,categorie,Alimentation & Epicerie,1.7857230907306199,7064.499119239405,11981.50790038603,1.6689036021352843,40
6,GLM_Tweedie,margin_window_xof_7j,categorie,Beaute & Soins,0.37465245961361443,6943.366788705853,15043.215674124347,-0.24398092528908047,39
6,GLM_Tweedie,margin_window_xof_7j,categorie,Bebe & Enfant,0.3607167448951583,9482.873918054891,17270.029364258455,-0.006393799266840132,42
6,GLM_Tweedie,margin_window_xof_7j,categorie,Electronique & High-Tech,0.3295491756325642,70347.88172116553,133712.79942676594,-0.05592767448633298,42
6,GLM_Tweedie,margin_window_xof_7j,categorie,Maison & Cuisine,0.2756146694026024,9914.850148629774,15986.972468527001,0.11824716671340753,32
6,GLM_Tweedie,margin_window_xof_7j,categorie,Mode & Vetements,0.4058810208350016,19160.532789651672,38194.32224729084,-0.30451244363404933,34
6,GLM_Tweedie,margin_window_xof_7j,categorie,Sport & Loisirs,0.40476593772718206,14753.961289718423,27654.412278524545,0.08533026705588116,30
6,GLM_Tweedie,margin_window_xof_7j,categorie,Telephonie & Accessoires,0.2576483464807577,31634.13939017957,58662.78567133552,0.13662780326713891,41
6,GLM_Tweedie,margin_window_xof_7j,classe_abc,A,0.2876966437916903,114009.6007630665,157149.7222030052,0.014746882579653906,36
6,GLM_Tweedie,margin_window_xof_7j,classe_abc,B,0.34865260051927055,29172.934558185112,43186.30505142757,-0.1309729559471337,50
6,GLM_Tweedie,margin_window_xof_7j,classe_abc,C,0.7595174352968256,4914.123945280083,9048.79664211791,0.24937746739869454,214
6,GLM_Tweedie,margin_window_xof_7j,treatment_group,controle_0pct,0.3205402945305901,26360.103495893964,73024.91235508952,0.0031456846149774515,76
6,GLM_Tweedie,margin_window_xof_7j,treatment_group,traitement_10pct,0.3448471000084192,22935.2566331093,65137.95844201394,0.03496669846092927,77
6,GLM_Tweedie,margin_window_xof_7j,treatment_group,traitement_15pct,0.42533518232513035,19610.509742791804,42845.66516106971,-0.07919275288304907,73
6,GLM_Tweedie,margin_window_xof_7j,treatment_group,traitement_5pct,0.27731842168202825,19103.581648762534,42527.39329483244,0.014817332327439849,74
6,LightGBM_Poisson,margin_window_xof_7j,categorie,Alimentation & Epicerie,0.5259027685281586,2080.5239425742484,2527.0265476979157,0.4353013749161241,40
6,LightGBM_Poisson,margin_window_xof_7j,categorie,Beaute & Soins,0.2534936326243257,4697.951994569491,8741.108580185428,-0.03126605365251427,39
6,LightGBM_Poisson,margin_window_xof_7j,categorie,Bebe & Enfant,0.23844143391767939,6268.381179084875,9733.54193038521,0.062356011547202744,42
6,LightGBM_Poisson,margin_window_xof_7j,categorie,Electronique & High-Tech,0.1295679353821878,27658.481547180323,47997.04208556106,-0.04588608134133496,42
6,LightGBM_Poisson,margin_window_xof_7j,categorie,Maison & Cuisine,0.22029329562856503,7924.7415227906495,14149.335691865037,0.01662913427553262,32
6,LightGBM_Poisson,margin_window_xof_7j,categorie,Mode & Vetements,0.19357653173037398,9138.218574242399,13729.185561297498,-0.047677972195085766,34
6,LightGBM_Poisson,margin_window_xof_7j,categorie,Sport & Loisirs,0.28737812869918267,10475.105217962428,18883.92808662151,0.017525575050339217,30
6,LightGBM_Poisson,margin_window_xof_7j,categorie,Telephonie & Accessoires,0.09402046341142055,11543.860015838629,20021.538062360756,0.015627680451244075,41
6,LightGBM_Poisson,margin_window_xof_7j,classe_abc,A,0.1071209191241107,42450.31524092235,56830.45070013873,-0.03215509194659893,36
6,LightGBM_Poisson,margin_window_xof_7j,classe_abc,B,0.1849413668433826,15474.665566778416,21162.46931242272,-0.04130057231951349,50
6,LightGBM_Poisson,margin_window_xof_7j,classe_abc,C,0.5353683504278818,3463.8657496448227,4956.562884186481,0.27134991405987985,214
6,LightGBM_Poisson,margin_window_xof_7j,treatment_group,controle_0pct,0.16952786152882982,13941.373523356098,30962.58800627689,-0.03470704282103126,76
6,LightGBM_Poisson,margin_window_xof_7j,treatment_group,traitement_10pct,0.15152150304923817,10077.464933832665,21584.817429549155,-0.04114110109689237,77
6,LightGBM_Poisson,margin_window_xof_7j,treatment_group,traitement_15pct,0.18499970430774051,8529.59890105521,15953.186874978885,-0.015148226916217354,73
6,LightGBM_Poisson,margin_window_xof_7j,treatment_group,traitement_5pct,0.11476758387415549,7905.97283755281,14980.121176462713,0.04370317722524986,74
6,LightGBM_Tweedie,margin_window_xof_7j,categorie,Alimentation & Epicerie,0.18131110522525876,717.2848633816462,1484.3686027027838,0.08296176354261973,40
6,LightGBM_Tweedie,margin_window_xof_7j,categorie,Beaute & Soins,0.19162049119581154,3551.2681699104783,7542.325974235458,-0.05006745441280647,39
6,LightGBM_Tweedie,margin_window_xof_7j,categorie,Bebe & Enfant,0.184629914615007,4853.731429363571,8464.179119594839,0.010850396818693247,42
6,LightGBM_Tweedie,margin_window_xof_7j,categorie,Electronique & High-Tech,0.11814242059895011,25219.51091091086,46540.37209444225,-0.04387781768802865,42
6,LightGBM_Tweedie,margin_window_xof_7j,categorie,Maison & Cuisine,0.21137090673094364,7603.7711293081065,14983.702475100326,-0.05134997921380238,32
6,LightGBM_Tweedie,margin_window_xof_7j,categorie,Mode & Vetements,0.180270071472654,8510.05698255791,13288.62251216631,-0.043450482334353016,34
6,LightGBM_Tweedie,margin_window_xof_7j,categorie,Sport & Loisirs,0.24569843889689488,8955.855516855157,18081.756399944876,-0.008857868491725892,30
6,LightGBM_Tweedie,margin_window_xof_7j,categorie,Telephonie & Accessoires,0.08352990422033595,10255.826087949692,20206.688295542695,0.017108498706362038,41
6,LightGBM_Tweedie,margin_window_xof_7j,classe_abc,A,0.10332517883398654,40946.123779479094,55860.833947779734,-0.0276081114217402,36
6,LightGBM_Tweedie,margin_window_xof_7j,classe_abc,B,0.17266084505403836,14447.113046110771,20173.92726228589,-0.044473769372104045,50
6,LightGBM_Tweedie,margin_window_xof_7j,classe_abc,C,0.32910615014154737,2129.336783845493,3950.9626723862993,0.08886523076262681,214
6,LightGBM_Tweedie,margin_window_xof_7j,treatment_group,controle_0pct,0.15158753191387486,12466.024079089793,30110.542760140073,-0.04182405900173734,76
6,LightGBM_Tweedie,margin_window_xof_7j,treatment_group,traitement_10pct,0.12781125350614272,8500.53226398368,21578.6025787611,-0.0578657002883748,77
6,LightGBM_Tweedie,margin_window_xof_7j,treatment_group,traitement_15pct,0.15363961591459374,7083.710236010532,13417.264463976557,-0.02773419892216176,73
6,LightGBM_Tweedie,margin_window_xof_7j,treatment_group,traitement_5pct,0.10456332568729765,7203.034034370067,15650.252107429114,0.03809607836400311,74
6,LightGBM_L1,margin_window_xof_7j,categorie,Alimentation & Epicerie,0.14560459807216178,576.0263504332792,1007.2042330539199,0.08625265548592762,40
6,LightGBM_L1,margin_window_xof_7j,categorie,Beaute & Soins,0.19731718345022106,3656.843944978225,8072.065439407837,-0.05841125703361321,39
6,LightGBM_L1,margin_window_xof_7j,categorie,Bebe & Enfant,0.20958411010790243,5509.751680528787,11283.733582226578,-0.03994746010136484,42
6,LightGBM_L1,margin_window_xof_7j,categorie,Electronique & High-Tech,0.13605033120859328,29042.259291398383,63611.183295211464,-0.08237600619295853,42
6,LightGBM_L1,margin_window_xof_7j,categorie,Maison & Cuisine,0.25129256970886144,9039.896815100137,20655.496903307147,-0.07871068560903446,32
6,LightGBM_L1,margin_window_xof_7j,categorie,Mode & Vetements,0.24899606239294314,11754.423028106065,23965.316967804534,-0.11924334292922947,34
6,LightGBM_L1,margin_window_xof_7j,categorie,Sport & Loisirs,0.2572156346017828,9375.664210615745,19384.37490580974,0.0035908190061973316,30
6,LightGBM_L1,margin_window_xof_7j,categorie,Telephonie & Accessoires,0.20228862676375894,24837.05680048167,85355.22811969681,-0.12187262588382992,41
6,LightGBM_L1,margin_window_xof_7j,classe_abc,A,0.16327031591172841,64701.427476623045,115581.05367219285,-0.0994618780716851,36
6,LightGBM_L1,margin_window_xof_7j,classe_abc,B,0.2157416251284953,18051.826666361634,27339.01968224668,-0.091406970038315,50
6,LightGBM_L1,margin_window_xof_7j,classe_abc,C,0.2697659473888305,1745.4020672567426,3579.5043814723826,0.07117978326526592,214
6,LightGBM_L1,margin_window_xof_7j,treatment_group,controle_0pct,0.22219574899518474,18272.594864985957,66571.43954035119,-0.14868375188690314,76
6,LightGBM_L1,margin_window_xof_7j,treatment_group,traitement_10pct,0.1619862195142944,10773.457324990744,38271.739221338874,-0.0907778663196488,77
6,LightGBM_L1,margin_window_xof_7j,treatment_group,traitement_15pct,0.18958579712090814,8741.045359122305,21467.89984504889,-0.07048621373415778,73
6,LightGBM_L1,margin_window_xof_7j,treatment_group,traitement_5pct,0.14692904574568588,10121.47337689603,22599.737978949623,-0.014008936159411603,74
6,LightGBM_Monotone,margin_window_xof_7j,categorie,Alimentation & Epicerie,0.18520830500682395,732.7025754374962,1434.7506546828536,0.09556196436386676,40
6,LightGBM_Monotone,margin_window_xof_7j,categorie,Beaute & Soins,0.19143188599641056,3547.7727836021954,7615.878006202995,-0.057327077559692165,39
6,LightGBM_Monotone,margin_window_xof_7j,categorie,Bebe & Enfant,0.1898073319907366,4989.840431482285,8697.896634943105,0.009246279656793914,42
6,LightGBM_Monotone,margin_window_xof_7j,categorie,Electronique & High-Tech,0.12180799603629804,26001.990390070812,47307.033871927,-0.04379106156140505,42
6,LightGBM_Monotone,margin_window_xof_7j,categorie,Maison & Cuisine,0.20537705800226624,7388.150850143713,14263.985529250664,-0.035710594343427424,32
6,LightGBM_Monotone,margin_window_xof_7j,categorie,Mode & Vetements,0.17337080174463346,8184.361330229962,12893.915215754962,-0.04029746468923485,34
6,LightGBM_Monotone,margin_window_xof_7j,categorie,Sport & Loisirs,0.23784448344741999,8669.574128348528,17661.023068069124,-0.010094872004643015,30
6,LightGBM_Monotone,margin_window_xof_7j,categorie,Telephonie & Accessoires,0.08498526624933168,10434.515863829407,20259.14217396856,0.016643404150957997,41
6,LightGBM_Monotone,margin_window_xof_7j,classe_abc,A,0.10451326953183361,41416.94521259228,56435.08214316579,-0.02717400501344187,36
6,LightGBM_Monotone,margin_window_xof_7j,classe_abc,B,0.1698360736547243,14210.754931898264,19836.75907813406,-0.04343376753404355,50
6,LightGBM_Monotone,margin_window_xof_7j,classe_abc,C,0.33971849383527114,2197.99929221897,4062.8943891666513,0.09217270048940056,214
6,LightGBM_Monotone,margin_window_xof_7j,treatment_group,controle_0pct,0.15300775687527488,12582.818371753623,30296.46565418076,-0.03755657663710827,76
6,LightGBM_Monotone,margin_window_xof_7j,treatment_group,traitement_10pct,0.1298282820111876,8634.681765018693,21795.396849963272,-0.0565279257664813,77
6,LightGBM_Monotone,margin_window_xof_7j,treatment_group,traitement_15pct,0.15786923977235187,7278.721331536381,13992.353408973127,-0.032665083013400015,73
6,LightGBM_Monotone,margin_window_xof_7j,treatment_group,traitement_5pct,0.10189222928588382,7019.030721908435,15261.447801823186,0.03774239555000836,74
6,CatBoost_MAE,margin_window_xof_7j,categorie,Alimentation & Epicerie,0.19000208419069403,751.6672452668047,1494.6011819341181,0.11752586014986165,40
6,CatBoost_MAE,margin_window_xof_7j,categorie,Beaute & Soins,0.23599484126173345,4373.650035055274,9899.554182352076,-0.11272011257194826,39
6,CatBoost_MAE,margin_window_xof_7j,categorie,Bebe & Enfant,0.28719826987574926,7550.148478709527,17617.461621187485,-0.11257084342979852,42
6,CatBoost_MAE,margin_window_xof_7j,categorie,Electronique & High-Tech,0.22311400473815682,47627.482561678335,101938.63971189034,-0.08819536301654739,42
6,CatBoost_MAE,margin_window_xof_7j,categorie,Maison & Cuisine,0.3113118841797539,11199.00725102952,22768.841206698155,0.039984019994865214,32
6,CatBoost_MAE,margin_window_xof_7j,categorie,Mode & Vetements,0.3157677456515321,14906.531554551606,28654.886558062342,-0.1854245913394329,34
6,CatBoost_MAE,margin_window_xof_7j,categorie,Sport & Loisirs,0.28545545042789017,10405.022441366855,20920.331122232867,-0.005845457869478457,30
6,CatBoost_MAE,margin_window_xof_7j,categorie,Telephonie & Accessoires,0.25720336999803783,31579.505047394206,102816.51998148956,-0.15580412847898378,41
6,CatBoost_MAE,margin_window_xof_7j,classe_abc,A,0.23813727375129679,94370.01123603171,156381.5119889009,-0.11285887707487084,36
6,CatBoost_MAE,margin_window_xof_7j,classe_abc,B,0.260788253571677,21821.029424874214,33791.80363398727,-0.1120847915255743,50
6,CatBoost_MAE,margin_window_xof_7j,classe_abc,C,0.3624374485535698,2344.99230936978,5705.520269028048,0.042471904715309795,214
6,CatBoost_MAE,margin_window_xof_7j,treatment_group,controle_0pct,0.2901857092500108,23863.84944227248,79133.86426921347,-0.15721174079730493,76
6,CatBoost_MAE,margin_window_xof_7j,treatment_group,traitement_10pct,0.2731642945838749,18167.742164949286,65006.91220382967,-0.10819047917817329,77
6,CatBoost_MAE,margin_window_xof_7j,treatment_group,traitement_15pct,0.25190776717087143,11614.46296397153,31531.7764696854,-0.0873622278292029,73
6,CatBoost_MAE,margin_window_xof_7j,treatment_group,traitement_5pct,0.18239394064023948,12564.536881922435,30876.290507867066,-0.03717853269310325,74
6,Hurdle_zero_positif,margin_window_xof_7j,categorie,Alimentation & Epicerie,0.1582392357326186,626.0102404818124,1240.464072712345,0.06212787809516049,40
6,Hurdle_zero_positif,margin_window_xof_7j,categorie,Beaute & Soins,0.18110258094764572,3356.341627111266,6849.851524213908,-0.04490320810888339,39
6,Hurdle_zero_positif,margin_window_xof_7j,categorie,Bebe & Enfant,0.16014694498409562,4210.09922366439,6563.422120577398,0.0022321249718645665,42
6,Hurdle_zero_positif,margin_window_xof_7j,categorie,Electronique & High-Tech,0.11491433760792304,24530.42164220616,43108.46017620899,-0.035041466659595844,42
6,Hurdle_zero_positif,margin_window_xof_7j,categorie,Maison & Cuisine,0.19133198171162147,6882.898981476301,13253.60260815731,-0.01520960536504802,32
6,Hurdle_zero_positif,margin_window_xof_7j,categorie,Mode & Vetements,0.1600823614648016,7557.05041241163,11892.89111965821,-0.031969951463700456,34
6,Hurdle_zero_positif,margin_window_xof_7j,categorie,Sport & Loisirs,0.23488175515442422,8561.580904431856,17368.371222213034,-0.023347519783950738,30
6,Hurdle_zero_positif,margin_window_xof_7j,categorie,Telephonie & Accessoires,0.08019672106871677,9846.57688502809,18976.5990834671,0.016155215681228782,41
6,Hurdle_zero_positif,margin_window_xof_7j,classe_abc,A,0.0957469543044963,37942.99401851587,51396.03498675387,-0.023322545394315317,36
6,Hurdle_zero_positif,margin_window_xof_7j,classe_abc,B,0.15974778933638228,13366.634286347276,18784.880439754317,-0.038105947968368685,50
6,Hurdle_zero_positif,margin_window_xof_7j,classe_abc,C,0.3369290985203479,2179.951735082169,3900.6004742800214,0.10457388069612451,214
6,Hurdle_zero_positif,margin_window_xof_7j,treatment_group,controle_0pct,0.1452155108498594,11942.01153654365,29263.593189888823,-0.02959454264769221,76
6,Hurdle_zero_positif,margin_window_xof_7j,treatment_group,traitement_10pct,0.1149869204810863,7647.605360811384,17586.557495460984,-0.05677732702014348,77
6,Hurdle_zero_positif,margin_window_xof_7j,treatment_group,traitement_15pct,0.153549252594721,7079.543943546625,12603.108173275172,-0.02165784911327386,73
6,Hurdle_zero_positif,margin_window_xof_7j,treatment_group,traitement_5pct,0.09563749167314453,6588.161795308402,14473.61003688123,0.03948310235815458,74
6,S_learner,margin_window_xof_7j,categorie,Alimentation & Epicerie,0.18131110522525876,717.2848633816462,1484.3686027027838,0.08296176354261973,40
6,S_learner,margin_window_xof_7j,categorie,Beaute & Soins,0.19162049119581154,3551.2681699104783,7542.325974235458,-0.05006745441280647,39
6,S_learner,margin_window_xof_7j,categorie,Bebe & Enfant,0.184629914615007,4853.731429363571,8464.179119594839,0.010850396818693247,42
6,S_learner,margin_window_xof_7j,categorie,Electronique & High-Tech,0.11814242059895011,25219.51091091086,46540.37209444225,-0.04387781768802865,42
6,S_learner,margin_window_xof_7j,categorie,Maison & Cuisine,0.21137090673094364,7603.7711293081065,14983.702475100326,-0.05134997921380238,32
6,S_learner,margin_window_xof_7j,categorie,Mode & Vetements,0.180270071472654,8510.05698255791,13288.62251216631,-0.043450482334353016,34
6,S_learner,margin_window_xof_7j,categorie,Sport & Loisirs,0.24569843889689488,8955.855516855157,18081.756399944876,-0.008857868491725892,30
6,S_learner,margin_window_xof_7j,categorie,Telephonie & Accessoires,0.08352990422033595,10255.826087949692,20206.688295542695,0.017108498706362038,41
6,S_learner,margin_window_xof_7j,classe_abc,A,0.10332517883398654,40946.123779479094,55860.833947779734,-0.0276081114217402,36
6,S_learner,margin_window_xof_7j,classe_abc,B,0.17266084505403836,14447.113046110771,20173.92726228589,-0.044473769372104045,50
6,S_learner,margin_window_xof_7j,classe_abc,C,0.32910615014154737,2129.336783845493,3950.9626723862993,0.08886523076262681,214
6,S_learner,margin_window_xof_7j,treatment_group,controle_0pct,0.15158753191387486,12466.024079089793,30110.542760140073,-0.04182405900173734,76
6,S_learner,margin_window_xof_7j,treatment_group,traitement_10pct,0.12781125350614272,8500.53226398368,21578.6025787611,-0.0578657002883748,77
6,S_learner,margin_window_xof_7j,treatment_group,traitement_15pct,0.15363961591459374,7083.710236010532,13417.264463976557,-0.02773419892216176,73
6,S_learner,margin_window_xof_7j,treatment_group,traitement_5pct,0.10456332568729765,7203.034034370067,15650.252107429114,0.03809607836400311,74
6,T_learner,margin_window_xof_7j,categorie,Alimentation & Epicerie,0.13976374386696383,552.9193471120956,1073.1968459148695,0.0831612047352378,40
6,T_learner,margin_window_xof_7j,categorie,Beaute & Soins,0.1698273099731876,3147.379053908219,6119.796524451757,-0.03082306825316207,39
6,T_learner,margin_window_xof_7j,categorie,Bebe & Enfant,0.1293927930075655,3401.604054595104,5292.587534870995,-0.004609779445939232,42
6,T_learner,margin_window_xof_7j,categorie,Electronique & High-Tech,0.10884751119254128,23235.35426334562,40014.063339870314,-0.043720814844945895,42
6,T_learner,margin_window_xof_7j,categorie,Maison & Cuisine,0.16886233492386774,6074.585036227655,12968.19965971042,-0.011332912691392699,32
6,T_learner,margin_window_xof_7j,categorie,Mode & Vetements,0.1559624926804805,7362.562676156683,12836.704806104195,-0.043198713772605,34
6,T_learner,margin_window_xof_7j,categorie,Sport & Loisirs,0.20662480604670652,7531.59815528608,15912.794315279381,-0.01780342558159712,30
6,T_learner,margin_window_xof_7j,categorie,Telephonie & Accessoires,0.08705633045730451,10688.801733449445,20572.59758894459,0.006137932770209184,41
6,T_learner,margin_window_xof_7j,classe_abc,A,0.09502784790391695,37658.02359774315,48958.503638304435,-0.030366070645355746,36
6,T_learner,margin_window_xof_7j,classe_abc,B,0.1520628578510937,12723.61024760339,18414.675356296608,-0.03597052339092754,50
6,T_learner,margin_window_xof_7j,classe_abc,C,0.27491841452333937,1778.7388426173554,3498.266028666435,0.07695666569691166,214
6,T_learner,margin_window_xof_7j,treatment_group,controle_0pct,0.12759931796099963,10493.317953622958,25018.666920651343,-0.025894232055120214,76
6,T_learner,margin_window_xof_7j,treatment_group,traitement_10pct,0.1142165169730607,7596.366994105724,18366.543952613683,-0.07083179118753859,77
6,T_learner,margin_window_xof_7j,treatment_group,traitement_15pct,0.1331695497749917,6139.917086166175,12195.035559615035,-0.03685027199348259,73
6,T_learner,margin_window_xof_7j,treatment_group,traitement_5pct,0.10630307451224738,7322.87978253271,17030.074492646665,0.03363581521493932,74
6,Ensemble_contraint,margin_window_xof_7j,categorie,Alimentation & Epicerie,0.1573110039033627,622.3380625420932,1167.9240385755281,0.08028368239808835,40
6,Ensemble_contraint,margin_window_xof_7j,categorie,Beaute & Soins,0.1787040110389489,3311.8893615059355,6813.675412039925,-0.04435111797391257,39
6,Ensemble_contraint,margin_window_xof_7j,categorie,Bebe & Enfant,0.1562521585698234,4107.709276352598,6697.263469374738,0.002289541727573063,42
6,Ensemble_contraint,margin_window_xof_7j,categorie,Electronique & High-Tech,0.11313820105078658,24151.275057474948,42967.545243692155,-0.04085111435531558,42
6,Ensemble_contraint,margin_window_xof_7j,categorie,Maison & Cuisine,0.1838474652686489,6613.65402754161,13192.846591557747,-0.020751037466622716,32
6,Ensemble_contraint,margin_window_xof_7j,categorie,Mode & Vetements,0.1580084522141593,7459.14682944058,12336.049433148486,-0.03848870997518008,34
6,Ensemble_contraint,margin_window_xof_7j,categorie,Sport & Loisirs,0.22644270395351582,8253.972424728023,16948.83844864352,-0.01708193912339693,30
6,Ensemble_contraint,margin_window_xof_7j,categorie,Telephonie & Accessoires,0.08176884569901227,10039.60280726981,19282.199138843633,0.012978850867465344,41
6,Ensemble_contraint,margin_window_xof_7j,classe_abc,A,0.09632461818587218,38171.913020221684,51446.00172789739,-0.026954207017704304,36
6,Ensemble_contraint,margin_window_xof_7j,classe_abc,B,0.15753078408530102,13181.130007851663,18790.941123933437,-0.039170079631113255,50
6,Ensemble_contraint,margin_window_xof_7j,classe_abc,C,0.3121350385440504,2019.53266085431,3718.799874919655,0.09123441562747889,214
6,Ensemble_contraint,margin_window_xof_7j,treatment_group,controle_0pct,0.13971356293197,11489.55074138224,28014.428709359745,-0.03101511711330689,76
6,Ensemble_contraint,margin_window_xof_7j,treatment_group,traitement_10pct,0.11614486335403888,7724.618381819822,18944.020281872003,-0.06137901465805446,77
6,Ensemble_contraint,margin_window_xof_7j,treatment_group,traitement_15pct,0.14769502018570735,6809.628623901678,12487.133455099849,-0.030391068040052142,73
6,Ensemble_contraint,margin_window_xof_7j,treatment_group,traitement_5pct,0.09814788169025164,6761.094557478207,15260.667610446755,0.03695377104103412,74
