window,model,target,segment_type,segment_value,wape_micro,mae,rmse,forecast_bias,n
1,baseline_moyenne_produit,revenue_window_xof_7j,categorie,Alimentation & Epicerie,0.10556165622027944,4029.015040305547,7956.75551720439,-0.0643549101796138,39
1,baseline_moyenne_produit,revenue_window_xof_7j,categorie,Bebe & Enfant,0.14377605423251846,14350.941811670487,25122.693651054906,0.030433956328627148,42
1,baseline_moyenne_produit,revenue_window_xof_7j,categorie,Electronique & High-Tech,0.13892116336869564,168219.34895788657,300870.656265579,0.05271541394154458,42
1,baseline_moyenne_produit,revenue_window_xof_7j,categorie,Mode & Vetements,0.1210194787810233,13887.39363086331,19297.29158321934,-0.01265193075360661,32
1,baseline_moyenne_produit,revenue_window_xof_7j,categorie,Sport & Loisirs,0.17257364675335748,23389.85252413198,43800.35123411916,0.010274714080818625,29
1,baseline_moyenne_produit,revenue_window_xof_7j,categorie,Telephonie & Accessoires,0.19368481808179497,120913.71884878137,203900.7858958627,0.0473768375322008,41
1,baseline_moyenne_produit,revenue_window_xof_7j,classe_abc,A,0.14366358804495594,321939.6394874713,398229.7062789931,0.04103134705618251,33
1,baseline_moyenne_produit,revenue_window_xof_7j,classe_abc,B,0.12147305554401516,37002.932183500256,47701.50136392444,0.021711414163134376,39
1,baseline_moyenne_produit,revenue_window_xof_7j,classe_abc,C,0.47060390181124967,12013.896293057114,42854.74236090129,0.16055512312090708,153
1,baseline_moyenne_produit,revenue_window_xof_7j,treatment_group,controle_0pct,0.1242393110114918,53163.64207837787,137183.6799798787,-0.08313180788773233,53
1,baseline_moyenne_produit,revenue_window_xof_7j,treatment_group,traitement_10pct,0.15514324044303468,64046.842574469556,178726.78956323848,0.12452790539809949,59
1,baseline_moyenne_produit,revenue_window_xof_7j,treatment_group,traitement_15pct,0.16486193996210044,62604.33757269863,156058.75103330778,0.010927747208737645,57
1,baseline_moyenne_produit,revenue_window_xof_7j,treatment_group,traitement_5pct,0.17764287874373177,66792.22513195088,154273.79551497492,0.1204010169831675,56
1,baseline_mediane_produit,revenue_window_xof_7j,categorie,Alimentation & Epicerie,0.08921357931219345,3405.051282051282,7328.9065770675925,-0.07012493542282347,39
1,baseline_mediane_produit,revenue_window_xof_7j,categorie,Bebe & Enfant,0.13869363922760566,13843.642857142857,24678.439897726807,0.028447757042763352,42
1,baseline_mediane_produit,revenue_window_xof_7j,categorie,Electronique & High-Tech,0.1342935534674947,162615.7857142857,303394.36797488667,0.05337304491061169,42
1,baseline_mediane_produit,revenue_window_xof_7j,categorie,Mode & Vetements,0.11225650225973746,12881.8125,20611.597086046,-0.01812746248204029,32
1,baseline_mediane_produit,revenue_window_xof_7j,categorie,Sport & Loisirs,0.16544439692468876,22423.58620689655,44478.98920800154,0.015745972107062432,29
1,baseline_mediane_produit,revenue_window_xof_7j,categorie,Telephonie & Accessoires,0.17204659378983364,107405.39024390244,201887.4199114749,0.03598970507097455,41
1,baseline_mediane_produit,revenue_window_xof_7j,classe_abc,A,0.1445445261246505,323913.75757575757,407266.820201859,0.04862689614256934,33
1,baseline_mediane_produit,revenue_window_xof_7j,classe_abc,B,0.1202772463811179,36638.666666666664,49174.88249669848,0.029842293667260402,39
1,baseline_mediane_produit,revenue_window_xof_7j,classe_abc,C,0.228412591451675,5831.071895424837,21061.406952611913,-0.07801350166722651,153
1,baseline_mediane_produit,revenue_window_xof_7j,treatment_group,controle_0pct,0.10883974002839582,46573.96226415094,126895.38238918748,-0.07847650290572061,53
1,baseline_mediane_produit,revenue_window_xof_7j,treatment_group,traitement_10pct,0.15542457218598382,64162.983050847455,184622.70509549917,0.12392019054210003,59
1,baseline_mediane_produit,revenue_window_xof_7j,treatment_group,traitement_15pct,0.15501566546534581,58865.333333333336,156348.9785043971,0.011953025410319878,57
1,baseline_mediane_produit,revenue_window_xof_7j,treatment_group,traitement_5pct,0.16151843829325963,60729.57142857143,156862.20073136076,0.10204474568388881,56
1,GLM_Poisson,revenue_window_xof_7j,categorie,Alimentation & Epicerie,0.5520544120195388,21070.487227411075,37683.03574322581,0.34559255154503643,39
1,GLM_Poisson,revenue_window_xof_7j,categorie,Bebe & Enfant,0.3824746395033587,38176.533117786064,53769.983173323526,0.07318635495099968,42
1,GLM_Poisson,revenue_window_xof_7j,categorie,Electronique & High-Tech,0.3096582068114806,374964.4811931649,611769.314593698,0.018994106264472718,42
1,GLM_Poisson,revenue_window_xof_7j,categorie,Mode & Vetements,0.33893650727424,38894.10812043109,68585.75421172244,-0.0038045065247626596,32
1,GLM_Poisson,revenue_window_xof_7j,categorie,Sport & Loisirs,0.3314862009048513,44928.14226746015,70534.54563862795,0.0726047505755665,29
1,GLM_Poisson,revenue_window_xof_7j,categorie,Telephonie & Accessoires,0.2686837015441593,167734.08401086222,359620.95120850287,0.03792249917413419,41
1,GLM_Poisson,revenue_window_xof_7j,classe_abc,A,0.28160461611337156,631055.4387739287,791715.0200758715,0.03834630235995004,33
1,GLM_Poisson,revenue_window_xof_7j,classe_abc,B,0.34035381505416706,103678.04679352554,129757.26110568798,-0.05634501765099419,39
1,GLM_Poisson,revenue_window_xof_7j,classe_abc,C,0.6989507452587782,17843.289728740645,31474.278384907175,0.22093258239108662,153
1,GLM_Poisson,revenue_window_xof_7j,treatment_group,controle_0pct,0.2545169084985343,108911.14669059734,260623.4876418982,-0.0832443435528097,53
1,GLM_Poisson,revenue_window_xof_7j,treatment_group,traitement_10pct,0.3711920067063347,153236.94381097614,368754.8228671776,0.23401304180716687,59
1,GLM_Poisson,revenue_window_xof_7j,treatment_group,traitement_15pct,0.29223182916857526,110971.52009106803,278413.1361327866,-0.09653584653000766,57
1,GLM_Poisson,revenue_window_xof_7j,treatment_group,traitement_5pct,0.3067911442707271,115350.88443472027,312018.3073297449,0.062072812386899254,56
1,GLM_Tweedie,revenue_window_xof_7j,categorie,Alimentation & Epicerie,0.46476693646695366,17738.950337749182,31340.15276923079,0.23601108126252263,39
1,GLM_Tweedie,revenue_window_xof_7j,categorie,Bebe & Enfant,0.37814909514229517,37744.780864180386,54815.3559740948,0.06419933077767899,42
1,GLM_Tweedie,revenue_window_xof_7j,categorie,Electronique & High-Tech,0.3307989008680442,400563.7038348201,655997.6217428282,0.013252212027854158,42
1,GLM_Tweedie,revenue_window_xof_7j,categorie,Mode & Vetements,0.33000702375322977,37869.41974938828,67018.7120750632,-0.003689369749620401,32
1,GLM_Tweedie,revenue_window_xof_7j,categorie,Sport & Loisirs,0.33530408747624674,45445.60136703188,74255.4657833033,0.12237623992543913,29
1,GLM_Tweedie,revenue_window_xof_7j,categorie,Telephonie & Accessoires,0.2631894999782643,164304.15930113813,367674.4407334634,0.045658552012285566,41
1,GLM_Tweedie,revenue_window_xof_7j,classe_abc,A,0.2969825499120684,665516.268623629,840422.3998755643,0.03846827614622411,33
1,GLM_Tweedie,revenue_window_xof_7j,classe_abc,B,0.32395435460469174,98682.4688018445,127728.45137120697,-0.053667687100907004,39
1,GLM_Tweedie,revenue_window_xof_7j,classe_abc,C,0.6544828412001471,16708.082847382746,30269.888969944335,0.18519729727072268,153
1,GLM_Tweedie,revenue_window_xof_7j,treatment_group,controle_0pct,0.26517350945468526,113471.24698729413,289791.93356739334,-0.08056336628386045,53
1,GLM_Tweedie,revenue_window_xof_7j,treatment_group,traitement_10pct,0.39778611072293457,164215.62640453488,397909.0261681478,0.25262939509010335,59
1,GLM_Tweedie,revenue_window_xof_7j,treatment_group,traitement_15pct,0.2905671665798143,110339.38450734635,292220.6752044807,-0.11869934668519051,57
1,GLM_Tweedie,revenue_window_xof_7j,treatment_group,traitement_5pct,0.3027683209078568,113838.33675693508,311242.1329769388,0.05574407763394543,56
1,LightGBM_Poisson,revenue_window_xof_7j,categorie,Alimentation & Epicerie,0.25183502569857763,9611.890742771231,12465.437919625138,0.10957648505226275,39
1,LightGBM_Poisson,revenue_window_xof_7j,categorie,Bebe & Enfant,0.2733475962279932,27284.06666025123,38164.03046876679,0.11073533288482021,42
1,LightGBM_Poisson,revenue_window_xof_7j,categorie,Electronique & High-Tech,0.14874498755686147,180114.99731798648,306262.9767962454,0.05304999936277237,42
1,LightGBM_Poisson,revenue_window_xof_7j,categorie,Mode & Vetements,0.17603437537299732,20200.538690068326,27899.166981244707,-0.014098163694680612,32
1,LightGBM_Poisson,revenue_window_xof_7j,categorie,Sport & Loisirs,0.23799137303224793,32256.275636312705,45812.32500048413,0.09805218283041475,29
1,LightGBM_Poisson,revenue_window_xof_7j,categorie,Telephonie & Accessoires,0.1742463176519087,108778.63568067992,200978.7985111347,0.030749399650689964,41
1,LightGBM_Poisson,revenue_window_xof_7j,classe_abc,A,0.14599918845222407,327173.54992598406,408771.958266248,0.03926549812340826,33
1,LightGBM_Poisson,revenue_window_xof_7j,classe_abc,B,0.16077565467989793,48975.22845897678,58608.46714116758,0.02913049398027382,39
1,LightGBM_Poisson,revenue_window_xof_7j,classe_abc,C,0.6197404183221904,15821.154660389699,25627.89083829135,0.3062627995263814,153
1,LightGBM_Poisson,revenue_window_xof_7j,treatment_group,controle_0pct,0.1575937368482783,67436.44142409138,155674.380924921,-0.06732960836482206,53
1,LightGBM_Poisson,revenue_window_xof_7j,treatment_group,traitement_10pct,0.163518256731143,67504.24973079388,164131.48214259619,0.14762943648486274,59
1,LightGBM_Poisson,revenue_window_xof_7j,treatment_group,traitement_15pct,0.18328087205419016,69598.70536120627,170003.59581731222,0.012860206719187686,57
1,LightGBM_Poisson,revenue_window_xof_7j,treatment_group,traitement_5pct,0.17113745071198186,64346.23902347775,148044.5428941146,0.09968361631577272,56
1,LightGBM_Tweedie,revenue_window_xof_7j,categorie,Alimentation & Epicerie,0.13910162392043116,5309.148747503987,10144.239792953082,-0.03064311276958348,39
1,LightGBM_Tweedie,revenue_window_xof_7j,categorie,Bebe & Enfant,0.2451574068203543,24470.275657232483,37302.921996456695,0.06103131159696131,42
1,LightGBM_Tweedie,revenue_window_xof_7j,categorie,Electronique & High-Tech,0.1572107058257946,190366.1180337069,339024.61852527835,0.07057961994120295,42
1,LightGBM_Tweedie,revenue_window_xof_7j,categorie,Mode & Vetements,0.14952642449518455,17158.661862505098,25967.425451716117,-0.007581464455890822,32
1,LightGBM_Tweedie,revenue_window_xof_7j,categorie,Sport & Loisirs,0.20218019944548668,27402.590936078253,45433.852278722814,0.05315397383590877,29
1,LightGBM_Tweedie,revenue_window_xof_7j,categorie,Telephonie & Accessoires,0.17135268507727272,106972.19633738842,204638.01937408486,0.037058961291569034,41
1,LightGBM_Tweedie,revenue_window_xof_7j,classe_abc,A,0.15510460877674626,347578.1338330856,442668.84794945066,0.058721815115299426,33
1,LightGBM_Tweedie,revenue_window_xof_7j,classe_abc,B,0.1619204741874782,49323.96158676076,59740.5563845475,0.02713713981258863,39
1,LightGBM_Tweedie,revenue_window_xof_7j,classe_abc,C,0.40095486208922876,10235.848263895252,23220.879332189983,0.06771359940425435,153
1,LightGBM_Tweedie,revenue_window_xof_7j,treatment_group,controle_0pct,0.1471332725648925,62960.270600155156,149417.61675189307,-0.06794774220376357,53
1,LightGBM_Tweedie,revenue_window_xof_7j,treatment_group,traitement_10pct,0.17695597303681762,73051.66061593608,197111.53802862897,0.15756462608809585,59
1,LightGBM_Tweedie,revenue_window_xof_7j,treatment_group,traitement_15pct,0.1759215407529125,66804.08786974385,175379.12296735955,0.01387857680308092,57
1,LightGBM_Tweedie,revenue_window_xof_7j,treatment_group,traitement_5pct,0.16646566051573802,62589.68528620744,161435.88466368153,0.11076703225845,56
1,LightGBM_L1,revenue_window_xof_7j,categorie,Alimentation & Epicerie,0.13057126988697396,4983.567225476601,8587.046540078009,-0.01533663441265498,39
1,LightGBM_L1,revenue_window_xof_7j,categorie,Bebe & Enfant,0.2032459571283163,20286.903266163237,32055.15963141654,0.04190328214018331,42
1,LightGBM_L1,revenue_window_xof_7j,categorie,Electronique & High-Tech,0.1482753297913952,179546.2897026459,311770.71453962516,0.0346369014626846,42
1,LightGBM_L1,revenue_window_xof_7j,categorie,Mode & Vetements,0.16616005562227026,19067.42717284324,30971.22087390459,-0.03392340258792876,32
1,LightGBM_L1,revenue_window_xof_7j,categorie,Sport & Loisirs,0.18233735839475806,24713.18189496517,43097.70707690237,0.04635529774512542,29
1,LightGBM_L1,revenue_window_xof_7j,categorie,Telephonie & Accessoires,0.1748181082731501,109135.59360387633,232911.87876925094,0.005493535667788834,41
1,LightGBM_L1,revenue_window_xof_7j,classe_abc,A,0.15460589629715737,346460.5554816629,434612.62541970715,0.027252670422540527,33
1,LightGBM_L1,revenue_window_xof_7j,classe_abc,B,0.15722109167841442,47892.44303716598,58954.29971609161,0.013735064179925479,39
1,LightGBM_L1,revenue_window_xof_7j,classe_abc,C,0.2784895264234732,7109.469930608671,21134.739481697907,-0.016870212952686703,153
1,LightGBM_L1,revenue_window_xof_7j,treatment_group,controle_0pct,0.1677774388546366,71794.18201433671,189991.52911408248,-0.0868007497415245,53
1,LightGBM_L1,revenue_window_xof_7j,treatment_group,traitement_10pct,0.16375807060513062,67603.25063725037,181798.36973819212,0.12961810287102454,59
1,LightGBM_L1,revenue_window_xof_7j,treatment_group,traitement_15pct,0.14449428394167116,54869.96532546744,150152.04750624814,-0.01349700329868062,57
1,LightGBM_L1,revenue_window_xof_7j,treatment_group,traitement_5pct,0.16468269286898018,61919.30447889665,151715.18738601054,0.057766628615647964,56
1,LightGBM_Monotone,revenue_window_xof_7j,categorie,Alimentation & Epicerie,0.13814595900952326,5272.673492781709,9976.449568235694,-0.03454870778413558,39
1,LightGBM_Monotone,revenue_window_xof_7j,categorie,Bebe & Enfant,0.24597662867948938,24552.045916501687,37363.55074030515,0.06221730430137857,42
1,LightGBM_Monotone,revenue_window_xof_7j,categorie,Electronique & High-Tech,0.16033636762824605,194150.9754357102,341029.43513938587,0.06977032090804978,42
1,LightGBM_Monotone,revenue_window_xof_7j,categorie,Mode & Vetements,0.1481242969260012,16997.762991760763,25653.552618020498,-0.01100460537536385,32
1,LightGBM_Monotone,revenue_window_xof_7j,categorie,Sport & Loisirs,0.20143477138596147,27301.55898416868,44672.63702878648,0.05482416909764151,29
1,LightGBM_Monotone,revenue_window_xof_7j,categorie,Telephonie & Accessoires,0.17075896983280633,106601.55129222372,206674.4880696802,0.03826458868860981,41
1,LightGBM_Monotone,revenue_window_xof_7j,classe_abc,A,0.15698230530835153,351785.9150299656,445800.8576523587,0.05878413826360458,33
1,LightGBM_Monotone,revenue_window_xof_7j,classe_abc,B,0.161228804153505,49113.26614285471,59408.4742127561,0.0257187026219849,39
1,LightGBM_Monotone,revenue_window_xof_7j,classe_abc,C,0.40276265389831856,10281.998802023501,23061.268660098143,0.06645777013600922,153
1,LightGBM_Monotone,revenue_window_xof_7j,treatment_group,controle_0pct,0.1475729973099393,63148.43462624599,149859.9035980563,-0.06910905264920178,53
1,LightGBM_Monotone,revenue_window_xof_7j,treatment_group,traitement_10pct,0.17730056743186073,73193.91742911302,197804.1162790929,0.15714270035570008,59
1,LightGBM_Monotone,revenue_window_xof_7j,treatment_group,traitement_15pct,0.17704651574513838,67231.2835838689,174936.71991333747,0.018476069122293506,57
1,LightGBM_Monotone,revenue_window_xof_7j,treatment_group,traitement_5pct,0.17097681257295277,64285.84043715284,165523.1699733447,0.10696536995489656,56
1,CatBoost_MAE,revenue_window_xof_7j,categorie,Alimentation & Epicerie,0.15003628686874182,5726.496514267728,12801.570914129716,-0.046492586139744746,39
1,CatBoost_MAE,revenue_window_xof_7j,categorie,Bebe & Enfant,0.2910369985259505,29049.72634827318,45744.872856826594,0.025271527789535342,42
1,CatBoost_MAE,revenue_window_xof_7j,categorie,Electronique & High-Tech,0.17598285038763126,213097.2689984783,374411.0556431186,0.03157984459565848,42
1,CatBoost_MAE,revenue_window_xof_7j,categorie,Mode & Vetements,0.18258685877633762,20952.45827523311,36971.33178401587,-0.005816647018036547,32
1,CatBoost_MAE,revenue_window_xof_7j,categorie,Sport & Loisirs,0.22467373100982072,30451.262595596538,53868.875985607054,0.08724503356541656,29
1,CatBoost_MAE,revenue_window_xof_7j,categorie,Telephonie & Accessoires,0.18405367866665795,114901.1831479011,258127.12966709092,-0.019126584597853064,41
1,CatBoost_MAE,revenue_window_xof_7j,classe_abc,A,0.17364264762984807,389120.52899660304,507021.23012955266,0.019176225894560982,33
1,CatBoost_MAE,revenue_window_xof_7j,classe_abc,B,0.21933080804939503,66812.20769212746,85021.37310879868,0.003807091725650872,39
1,CatBoost_MAE,revenue_window_xof_7j,classe_abc,C,0.3101387958084919,7917.433992698293,22354.410411492892,0.002944182180492304,153
1,CatBoost_MAE,revenue_window_xof_7j,treatment_group,controle_0pct,0.1797585389815295,76921.05299957925,207455.5382570332,-0.1041393421783416,53
1,CatBoost_MAE,revenue_window_xof_7j,treatment_group,traitement_10pct,0.2087359169975742,86171.18204701899,239897.85464585395,0.10981061644144655,59
1,CatBoost_MAE,revenue_window_xof_7j,treatment_group,traitement_15pct,0.16857501442861408,64014.33291418027,151706.8490001241,-0.01572770036148922,57
1,CatBoost_MAE,revenue_window_xof_7j,treatment_group,traitement_5pct,0.18276855521759494,68719.43628399316,181921.13636287246,0.0713566528207934,56
1,Hurdle_zero_positif,revenue_window_xof_7j,categorie,Alimentation & Epicerie,0.12680483873598908,4839.812302534438,9468.173253149544,-0.03663650891134363,39
1,Hurdle_zero_positif,revenue_window_xof_7j,categorie,Bebe & Enfant,0.20413412870977046,20375.555710774177,31774.919430699305,0.05329258897684118,42
1,Hurdle_zero_positif,revenue_window_xof_7j,categorie,Electronique & High-Tech,0.15513843785789538,187856.81304393284,325507.81376625167,0.07349921346285584,42
1,Hurdle_zero_positif,revenue_window_xof_7j,categorie,Mode & Vetements,0.13228433010707336,15180.07333940078,22495.885231413384,-0.00879342021058716,32
1,Hurdle_zero_positif,revenue_window_xof_7j,categorie,Sport & Loisirs,0.19798445488224567,26833.918671167525,44210.586269298314,0.05018143364960864,29
1,Hurdle_zero_positif,revenue_window_xof_7j,categorie,Telephonie & Accessoires,0.17794026165810808,111084.6941081407,203618.07341424722,0.04631583650324516,41
1,Hurdle_zero_positif,revenue_window_xof_7j,classe_abc,A,0.15478826090808653,346869.2212952958,428944.6613034723,0.0602250950062028,33
1,Hurdle_zero_positif,revenue_window_xof_7j,classe_abc,B,0.14143483835892617,43083.65924230276,54079.804901961536,0.03022462905033665,39
1,Hurdle_zero_positif,revenue_window_xof_7j,classe_abc,C,0.4162903803335941,10627.343797780532,23281.276097088765,0.11381639437523851,153
1,Hurdle_zero_positif,revenue_window_xof_7j,treatment_group,controle_0pct,0.13176702954591565,56384.852261955464,132458.63515918344,-0.050853012328315135,53
1,Hurdle_zero_positif,revenue_window_xof_7j,treatment_group,traitement_10pct,0.17155990863652595,70824.03609178495,185778.68286414532,0.1459544195296717,59
1,Hurdle_zero_positif,revenue_window_xof_7j,treatment_group,traitement_15pct,0.17117895779541598,65003.14906903645,170850.58109816458,0.01334769148430584,57
1,Hurdle_zero_positif,revenue_window_xof_7j,treatment_group,traitement_5pct,0.1843095940420473,69298.85389323144,171064.94487205433,0.12190418659328248,56
1,S_learner,revenue_window_xof_7j,categorie,Alimentation & Epicerie,0.13910162392043116,5309.148747503987,10144.239792953082,-0.03064311276958348,39
1,S_learner,revenue_window_xof_7j,categorie,Bebe & Enfant,0.2451574068203543,24470.275657232483,37302.921996456695,0.06103131159696131,42
1,S_learner,revenue_window_xof_7j,categorie,Electronique & High-Tech,0.1572107058257946,190366.1180337069,339024.61852527835,0.07057961994120295,42
1,S_learner,revenue_window_xof_7j,categorie,Mode & Vetements,0.14952642449518455,17158.661862505098,25967.425451716117,-0.007581464455890822,32
1,S_learner,revenue_window_xof_7j,categorie,Sport & Loisirs,0.20218019944548668,27402.590936078253,45433.852278722814,0.05315397383590877,29
1,S_learner,revenue_window_xof_7j,categorie,Telephonie & Accessoires,0.17135268507727272,106972.19633738842,204638.01937408486,0.037058961291569034,41
1,S_learner,revenue_window_xof_7j,classe_abc,A,0.15510460877674626,347578.1338330856,442668.84794945066,0.058721815115299426,33
1,S_learner,revenue_window_xof_7j,classe_abc,B,0.1619204741874782,49323.96158676076,59740.5563845475,0.02713713981258863,39
1,S_learner,revenue_window_xof_7j,classe_abc,C,0.40095486208922876,10235.848263895252,23220.879332189983,0.06771359940425435,153
1,S_learner,revenue_window_xof_7j,treatment_group,controle_0pct,0.1471332725648925,62960.270600155156,149417.61675189307,-0.06794774220376357,53
1,S_learner,revenue_window_xof_7j,treatment_group,traitement_10pct,0.17695597303681762,73051.66061593608,197111.53802862897,0.15756462608809585,59
1,S_learner,revenue_window_xof_7j,treatment_group,traitement_15pct,0.1759215407529125,66804.08786974385,175379.12296735955,0.01387857680308092,57
1,S_learner,revenue_window_xof_7j,treatment_group,traitement_5pct,0.16646566051573802,62589.68528620744,161435.88466368153,0.11076703225845,56
1,T_learner,revenue_window_xof_7j,categorie,Alimentation & Epicerie,0.11216294781032739,4280.969244645098,7576.397258004963,-0.06542698055530181,39
1,T_learner,revenue_window_xof_7j,categorie,Bebe & Enfant,0.18706462444613844,18671.770864618346,29110.91388168681,0.05199980456050548,42
1,T_learner,revenue_window_xof_7j,categorie,Electronique & High-Tech,0.1436315795577514,173923.18216392354,305871.18651659164,0.05273034253920963,42
1,T_learner,revenue_window_xof_7j,categorie,Mode & Vetements,0.11879401623292406,13632.014292532822,21289.45837659793,-0.02392617469035809,32
1,T_learner,revenue_window_xof_7j,categorie,Sport & Loisirs,0.17977539488517866,24365.94493388436,44257.163755884416,0.020600545144993137,29
1,T_learner,revenue_window_xof_7j,categorie,Telephonie & Accessoires,0.16606704449275625,103672.47225007233,199125.23955218648,0.05256928700051363,41
1,T_learner,revenue_window_xof_7j,classe_abc,A,0.1454720693299311,325992.31435678166,407809.5782928453,0.05052379599304841,33
1,T_learner,revenue_window_xof_7j,classe_abc,B,0.13181956855298158,40154.67079328407,51587.11916849388,0.02832439042654902,39
1,T_learner,revenue_window_xof_7j,classe_abc,C,0.3393787829360966,8663.892259638591,21730.78575156547,0.017470106858215147,153
1,T_learner,revenue_window_xof_7j,treatment_group,controle_0pct,0.12742144197520322,54525.31794589479,150555.82616294743,-0.06625556945001189,53
1,T_learner,revenue_window_xof_7j,treatment_group,traitement_10pct,0.1401967613776752,57876.57831411221,154466.0582869845,0.12187689903790536,59
1,T_learner,revenue_window_xof_7j,treatment_group,traitement_15pct,0.17586841273796358,66783.91314546732,168332.41109621065,0.014227810139102848,57
1,T_learner,revenue_window_xof_7j,treatment_group,traitement_5pct,0.16803715534846228,63180.55409785531,160356.9450872518,0.1124248532315436,56
1,Ensemble_contraint,revenue_window_xof_7j,categorie,Alimentation & Epicerie,0.12177875397323745,4647.979663411004,8674.72323992965,-0.045537399083593694,39
1,Ensemble_contraint,revenue_window_xof_7j,categorie,Bebe & Enfant,0.20915985157180658,20877.19596470702,32080.302585465935,0.05583656594624175,42
1,Ensemble_contraint,revenue_window_xof_7j,categorie,Electronique & High-Tech,0.1520399392842003,184104.8475393639,320342.7119266603,0.06533329230337173,42
1,Ensemble_contraint,revenue_window_xof_7j,categorie,Mode & Vetements,0.13060815911800064,14987.727061327598,22321.470264103533,-0.014574733425436375,32
1,Ensemble_contraint,revenue_window_xof_7j,categorie,Sport & Loisirs,0.19283141692661074,26135.49918417705,43473.44543117652,0.041868715964081094,29
1,Ensemble_contraint,revenue_window_xof_7j,categorie,Telephonie & Accessoires,0.17132241429167694,106953.29886625407,200669.15467358378,0.0457165707307895,41
1,Ensemble_contraint,revenue_window_xof_7j,classe_abc,A,0.15179248192508882,340155.8987415766,422458.35659854446,0.05651100975428523,33
1,Ensemble_contraint,revenue_window_xof_7j,classe_abc,B,0.14315572150212283,43607.87197374558,53562.45749628174,0.028089240699623534,39
1,Ensemble_contraint,revenue_window_xof_7j,classe_abc,C,0.3807808530136909,9720.832447163002,22358.783145974634,0.06591475712315432,153
1,Ensemble_contraint,revenue_window_xof_7j,treatment_group,controle_0pct,0.13555452948363203,58005.57350888839,141767.45026208367,-0.062072544809176254,53
1,Ensemble_contraint,revenue_window_xof_7j,treatment_group,traitement_10pct,0.16177282422226652,66783.69341908385,177530.1679915519,0.14165800630775902,59
1,Ensemble_contraint,revenue_window_xof_7j,treatment_group,traitement_15pct,0.17388910745949124,66032.29578708009,171050.44654849844,0.015350523581900699,57
1,Ensemble_contraint,revenue_window_xof_7j,treatment_group,traitement_5pct,0.1726275808568394,64906.51539827582,162870.72499919462,0.1137648032599075,56
2,baseline_moyenne_produit,revenue_window_xof_7j,categorie,Alimentation & Epicerie,0.1375217871141169,4541.894244526482,9446.187899610439,0.056236098931955025,40
2,baseline_moyenne_produit,revenue_window_xof_7j,categorie,Bebe & Enfant,0.10995444564558068,11176.7070861678,17789.838221254264,0.01192918933371679,42
2,baseline_moyenne_produit,revenue_window_xof_7j,categorie,Electronique & High-Tech,0.18046092852958,229797.08162663903,423434.0681971587,-8.282910519303147e-05,42
2,baseline_moyenne_produit,revenue_window_xof_7j,categorie,Sport & Loisirs,0.26052697318626705,33492.14924874984,88375.96717998658,0.14478357980446388,30
2,baseline_moyenne_produit,revenue_window_xof_7j,categorie,Telephonie & Accessoires,0.13929165195424517,87598.5052811075,166737.15832162142,0.021877833025572745,41
2,baseline_moyenne_produit,revenue_window_xof_7j,classe_abc,A,0.15823793912653827,365677.98505269,509768.5393319713,0.008660398673654273,33
2,baseline_moyenne_produit,revenue_window_xof_7j,classe_abc,B,0.126115907572387,39003.8748714223,52381.20369073659,0.011887379637842947,31
2,baseline_moyenne_produit,revenue_window_xof_7j,classe_abc,C,0.5662114881425604,12384.614213389215,44627.72665009836,0.16363112567214466,131
2,baseline_moyenne_produit,revenue_window_xof_7j,treatment_group,controle_0pct,0.1814893922775155,75772.72872282412,177876.95907934327,0.02959073761659576,48
2,baseline_moyenne_produit,revenue_window_xof_7j,treatment_group,traitement_10pct,0.1463723464720829,79389.73480656205,279280.3153492537,-0.021639678904298704,50
2,baseline_moyenne_produit,revenue_window_xof_7j,treatment_group,traitement_15pct,0.18701215988177056,76534.06616419298,182967.9893641812,0.03832227039260199,49
2,baseline_moyenne_produit,revenue_window_xof_7j,treatment_group,traitement_5pct,0.16474092163867401,73794.39851328613,196981.41079553266,0.02179598308582319,48
2,baseline_mediane_produit,revenue_window_xof_7j,categorie,Alimentation & Epicerie,0.14130677504354427,4666.9,9886.610812103407,0.049102658528812654,40
2,baseline_mediane_produit,revenue_window_xof_7j,categorie,Bebe & Enfant,0.1158562722434308,11776.619047619048,20220.057974105574,0.013023401365770659,42
2,baseline_mediane_produit,revenue_window_xof_7j,categorie,Electronique & High-Tech,0.18256345465344595,232474.41666666666,430918.2606716634,-0.0020668962177178177,42
2,baseline_mediane_produit,revenue_window_xof_7j,categorie,Sport & Loisirs,0.1419481406459783,18248.2,34500.67095676063,0.04742754226323178,30
2,baseline_mediane_produit,revenue_window_xof_7j,categorie,Telephonie & Accessoires,0.12704750994471173,79898.34146341463,177509.88780923947,0.01983074433608008,41
2,baseline_mediane_produit,revenue_window_xof_7j,classe_abc,A,0.16009675438422688,369973.5909090909,521816.6755048044,0.012104788326951714,33
2,baseline_mediane_produit,revenue_window_xof_7j,classe_abc,B,0.11361225996028942,35136.87096774193,49805.088923496754,0.02435505788238946,31
2,baseline_mediane_produit,revenue_window_xof_7j,classe_abc,C,0.3385735619559751,7405.541984732825,25493.513203669063,-0.15790974382384176,131
2,baseline_mediane_produit,revenue_window_xof_7j,treatment_group,controle_0pct,0.1738347444940779,72576.875,180149.11533284956,0.015308199901797583,48
2,baseline_mediane_produit,revenue_window_xof_7j,treatment_group,traitement_10pct,0.14469108731214303,78477.85,284925.597488511,-0.027489386356178522,50
2,baseline_mediane_produit,revenue_window_xof_7j,treatment_group,traitement_15pct,0.1882751958714366,77050.95918367348,197998.87407961674,0.038643396222933765,49
2,baseline_mediane_produit,revenue_window_xof_7j,treatment_group,traitement_5pct,0.1434996578334013,64279.541666666664,183133.13952206555,0.017112887816329695,48
2,GLM_Poisson,revenue_window_xof_7j,categorie,Alimentation & Epicerie,0.6750866474356837,22295.90105603028,42703.94850245828,0.5362936919259013,40
2,GLM_Poisson,revenue_window_xof_7j,categorie,Bebe & Enfant,0.32590545880891475,33127.808789391755,46314.459825840415,0.04621497935155032,42
2,GLM_Poisson,revenue_window_xof_7j,categorie,Electronique & High-Tech,0.25217928559517444,321122.4964242773,661898.102031331,-0.015490744437191216,42
2,GLM_Poisson,revenue_window_xof_7j,categorie,Sport & Loisirs,0.44200251020794207,56821.809500786076,94623.41691108324,0.11070214738538002,30
2,GLM_Poisson,revenue_window_xof_7j,categorie,Telephonie & Accessoires,0.24465255699452215,153858.45458248188,335245.80657131923,0.0426657806389264,41
2,GLM_Poisson,revenue_window_xof_7j,classe_abc,A,0.23550650533846335,544240.8111123247,828698.8692718054,0.021520575809077912,33
2,GLM_Poisson,revenue_window_xof_7j,classe_abc,B,0.35993353084544655,111316.66630608936,143130.62149352493,-0.07102084476579408,31
2,GLM_Poisson,revenue_window_xof_7j,classe_abc,C,0.827979282661094,18110.201236069926,32998.77146146262,0.22478168777793822,131
2,GLM_Poisson,revenue_window_xof_7j,treatment_group,controle_0pct,0.25732503848469523,107434.49019255268,246621.157692597,0.014148224381186238,48
2,GLM_Poisson,revenue_window_xof_7j,treatment_group,traitement_10pct,0.3713107806918322,201392.30613184418,585782.8451117949,0.0812051248119997,50
2,GLM_Poisson,revenue_window_xof_7j,treatment_group,traitement_15pct,0.25021661178348187,102400.26495455652,208489.50283433247,-0.06263773925350624,49
2,GLM_Poisson,revenue_window_xof_7j,treatment_group,traitement_5pct,0.16460068946372627,73731.58261484666,160321.76595633847,0.017426258727103964,48
2,GLM_Tweedie,revenue_window_xof_7j,categorie,Alimentation & Epicerie,0.5826658328551657,19243.54422860352,35989.27547570119,0.4083148888646089,40
2,GLM_Tweedie,revenue_window_xof_7j,categorie,Bebe & Enfant,0.31086085052419127,31598.54656595708,45558.63272927959,0.03652806002028219,42
2,GLM_Tweedie,revenue_window_xof_7j,categorie,Electronique & High-Tech,0.27230160299919026,346746.04747593787,703436.5942796528,-0.021928217604496175,42
2,GLM_Tweedie,revenue_window_xof_7j,categorie,Sport & Loisirs,0.45741186957550223,58802.76585802652,100010.3431976275,0.15886595112467156,30
2,GLM_Tweedie,revenue_window_xof_7j,categorie,Telephonie & Accessoires,0.23910161075923902,150367.54478074933,316323.46162172465,0.04690346948819234,41
2,GLM_Tweedie,revenue_window_xof_7j,classe_abc,A,0.24979605106842206,577263.0579811429,863237.2749636855,0.019946847805744614,33
2,GLM_Tweedie,revenue_window_xof_7j,classe_abc,B,0.3439768269706486,106381.73546926584,138757.9355155993,-0.07046623144376242,31
2,GLM_Tweedie,revenue_window_xof_7j,classe_abc,C,0.7824055067003697,17113.37647122359,32260.30192729095,0.17417611427470178,131
2,GLM_Tweedie,revenue_window_xof_7j,treatment_group,controle_0pct,0.25761023476782163,107553.56106673938,258099.0223869779,0.02006263278426422,48
2,GLM_Tweedie,revenue_window_xof_7j,treatment_group,traitement_10pct,0.394223213058093,213819.59839826738,608051.9523030875,0.09561253865218813,50
2,GLM_Tweedie,revenue_window_xof_7j,treatment_group,traitement_15pct,0.25304273670826105,103556.84660207113,220999.00362249115,-0.09399532645696587,49
2,GLM_Tweedie,revenue_window_xof_7j,treatment_group,traitement_5pct,0.17029407426410006,76281.8895007688,161182.1048857329,0.010909201201172839,48
2,LightGBM_Poisson,revenue_window_xof_7j,categorie,Alimentation & Epicerie,0.3121834741814624,10310.397751335759,12631.254496578584,0.2551428258069959,40
2,LightGBM_Poisson,revenue_window_xof_7j,categorie,Bebe & Enfant,0.22044208126617867,22407.612146206146,28708.332057500465,0.08844532983012048,42
2,LightGBM_Poisson,revenue_window_xof_7j,categorie,Electronique & High-Tech,0.16585150604722232,211193.59400163707,423232.19001176354,-0.0012927275423728708,42
2,LightGBM_Poisson,revenue_window_xof_7j,categorie,Sport & Loisirs,0.23149499146853902,29759.931226234625,43884.80445841179,0.11672532097476014,30
2,LightGBM_Poisson,revenue_window_xof_7j,categorie,Telephonie & Accessoires,0.15489769522563138,97412.92017780764,173295.2645354832,0.014082963882259502,41
2,LightGBM_Poisson,revenue_window_xof_7j,classe_abc,A,0.1503934349101545,347549.8262089967,512286.95479026105,0.003941142652066955,33
2,LightGBM_Poisson,revenue_window_xof_7j,classe_abc,B,0.15110780175822044,46733.11959865527,57977.50247135994,0.0233820386335572,31
2,LightGBM_Poisson,revenue_window_xof_7j,classe_abc,C,0.7651896864639438,16736.8187777465,26016.777335643616,0.32599329755931167,131
2,LightGBM_Poisson,revenue_window_xof_7j,treatment_group,controle_0pct,0.15863857815752233,66232.39957365637,157320.5695657507,0.025281275671104466,48
2,LightGBM_Poisson,revenue_window_xof_7j,treatment_group,traitement_10pct,0.17564079617267586,95264.41684817604,316381.0484585899,-0.008785220031639533,50
2,LightGBM_Poisson,revenue_window_xof_7j,treatment_group,traitement_15pct,0.19086817100467507,78112.12510216156,180395.00940649933,0.03630100124533386,49
2,LightGBM_Poisson,revenue_window_xof_7j,treatment_group,traitement_5pct,0.15536438256345492,69594.25167478694,149018.48126011642,0.021508757459548875,48
2,LightGBM_Tweedie,revenue_window_xof_7j,categorie,Alimentation & Epicerie,0.16646418702076468,5497.766927083365,10871.849904629249,0.0994779327913072,40
2,LightGBM_Tweedie,revenue_window_xof_7j,categorie,Bebe & Enfant,0.17845051722939503,18139.231649414,26435.842968271838,0.032955814258723855,42
2,LightGBM_Tweedie,revenue_window_xof_7j,categorie,Electronique & High-Tech,0.16242952502334745,206836.0787263054,425294.8927041385,0.013663288333578601,42
2,LightGBM_Tweedie,revenue_window_xof_7j,categorie,Sport & Loisirs,0.19348050820121915,24872.964124011007,42667.757832080424,0.07350581944346984,30
2,LightGBM_Tweedie,revenue_window_xof_7j,categorie,Telephonie & Accessoires,0.14241520672221505,89562.86369741602,168344.08203901694,0.02107918876149857,41
2,LightGBM_Tweedie,revenue_window_xof_7j,classe_abc,A,0.14681115512558054,339271.40157360985,512064.40242680506,0.022162627223128513,33
2,LightGBM_Tweedie,revenue_window_xof_7j,classe_abc,B,0.15559123983174533,48119.71278090838,60239.27973062462,0.01600473259899328,31
2,LightGBM_Tweedie,revenue_window_xof_7j,classe_abc,C,0.4884153779126729,10682.99771023399,25016.91060189092,-0.0047911546307873,131
2,LightGBM_Tweedie,revenue_window_xof_7j,treatment_group,controle_0pct,0.13792128325824823,57582.825366734935,152126.3973285824,0.03125131782553408,48
2,LightGBM_Tweedie,revenue_window_xof_7j,treatment_group,traitement_10pct,0.16975887158034955,92074.16647102544,312704.6410963227,-0.007718753014909475,50
2,LightGBM_Tweedie,revenue_window_xof_7j,treatment_group,traitement_15pct,0.19149323329435544,78367.92963736068,194173.70296857547,0.038857303471866056,49
2,LightGBM_Tweedie,revenue_window_xof_7j,treatment_group,traitement_5pct,0.13391925141709218,59988.074058181526,144329.73077724988,0.02947232674040938,48
2,LightGBM_L1,revenue_window_xof_7j,categorie,Alimentation & Epicerie,0.17218227475680517,5686.616638267446,10504.280387762197,0.11581035130261702,40
2,LightGBM_L1,revenue_window_xof_7j,categorie,Bebe & Enfant,0.14591243701803164,14831.783828333031,22036.961350136964,0.037370032621284216,42
2,LightGBM_L1,revenue_window_xof_7j,categorie,Electronique & High-Tech,0.17759320945602672,226145.3577914734,519466.82785091666,-0.018497481374163183,42
2,LightGBM_L1,revenue_window_xof_7j,categorie,Sport & Loisirs,0.17057821465411965,21928.75061614621,37932.39503523391,0.07132970158886491,30
2,LightGBM_L1,revenue_window_xof_7j,categorie,Telephonie & Accessoires,0.13671142813535583,85975.83984025492,173700.29216133946,-0.014173456329433676,41
2,LightGBM_L1,revenue_window_xof_7j,classe_abc,A,0.15963005248218426,368895.07198941056,614709.260409519,-0.010207240113302186,33
2,LightGBM_L1,revenue_window_xof_7j,classe_abc,B,0.1278770080307439,39548.530523797715,52740.03397785865,0.029276081293169404,31
2,LightGBM_L1,revenue_window_xof_7j,classe_abc,C,0.39500984479260537,8639.959874878858,25123.947876520193,-0.09401323584857185,131
2,LightGBM_L1,revenue_window_xof_7j,treatment_group,controle_0pct,0.139904803171694,58410.9548481981,156966.25152542128,0.006352698058930646,48
2,LightGBM_L1,revenue_window_xof_7j,treatment_group,traitement_10pct,0.20521143182255158,111302.99912746508,431094.18344875623,-0.03039481118531929,50
2,LightGBM_L1,revenue_window_xof_7j,treatment_group,traitement_15pct,0.17314244990065658,70857.93632298998,167647.26641204624,0.016679107871563424,49
2,LightGBM_L1,revenue_window_xof_7j,treatment_group,traitement_5pct,0.12513065055484446,56051.28951216945,128014.85498835232,-0.018817965474999365,48
2,LightGBM_Monotone,revenue_window_xof_7j,categorie,Alimentation & Epicerie,0.1621326620758294,5354.710843896347,10673.161179339339,0.09234890173949596,40
2,LightGBM_Monotone,revenue_window_xof_7j,categorie,Bebe & Enfant,0.1711199436684586,17394.089668267687,25279.74482480404,0.03898841148158237,42
2,LightGBM_Monotone,revenue_window_xof_7j,categorie,Electronique & High-Tech,0.1617389719069719,205956.7355236283,420330.4952385873,0.01118113644070487,42
2,LightGBM_Monotone,revenue_window_xof_7j,categorie,Sport & Loisirs,0.19098523779557067,24552.183638904706,42464.29520400934,0.07380862387210552,30
2,LightGBM_Monotone,revenue_window_xof_7j,categorie,Telephonie & Accessoires,0.14087104492772673,88591.7626787146,169148.2749640937,0.021528791267299844,41
2,LightGBM_Monotone,revenue_window_xof_7j,classe_abc,A,0.1459085893684082,337185.6285328196,507284.03983692155,0.02022036149970818,33
2,LightGBM_Monotone,revenue_window_xof_7j,classe_abc,B,0.15052166686419796,46551.84562216578,58866.97932040199,0.019426719957733367,31
2,LightGBM_Monotone,revenue_window_xof_7j,classe_abc,C,0.48633716044164477,10637.541335417856,24629.45078799051,-0.0007228885925814796,131
2,LightGBM_Monotone,revenue_window_xof_7j,treatment_group,controle_0pct,0.13953054212986485,58254.69899192922,154351.42019771732,0.03064556820437447,48
2,LightGBM_Monotone,revenue_window_xof_7j,treatment_group,traitement_10pct,0.16615744922158474,90120.81959314852,310344.38139280427,-0.010634202741164774,50
2,LightGBM_Monotone,revenue_window_xof_7j,treatment_group,traitement_15pct,0.1883552078376812,77083.70379836785,188406.20289913224,0.03748682020828591,49
2,LightGBM_Monotone,revenue_window_xof_7j,treatment_group,traitement_5pct,0.13414971732396747,60091.309446247295,142917.22602667357,0.030171447672509993,48
2,CatBoost_MAE,revenue_window_xof_7j,categorie,Alimentation & Epicerie,0.16011736345266048,5288.152130476068,11613.733173782788,0.08217410471206289,40
2,CatBoost_MAE,revenue_window_xof_7j,categorie,Bebe & Enfant,0.2221389180238372,22580.093097767873,35955.46532776515,0.0010808692463863921,42
2,CatBoost_MAE,revenue_window_xof_7j,categorie,Electronique & High-Tech,0.18983025201985138,241727.88134280787,606743.2505672469,-0.023744807274297324,42
2,CatBoost_MAE,revenue_window_xof_7j,categorie,Sport & Loisirs,0.23832135215286218,30637.49675455206,54708.21196109387,0.06771722066342012,30
2,CatBoost_MAE,revenue_window_xof_7j,categorie,Telephonie & Accessoires,0.16089443959357844,101184.1859774093,193807.5689978839,-0.05057706465203129,41
2,CatBoost_MAE,revenue_window_xof_7j,classe_abc,A,0.17578118566879508,406219.3310931298,714929.7676452523,-0.022378669604613936,33
2,CatBoost_MAE,revenue_window_xof_7j,classe_abc,B,0.18664652091719983,57724.18156577342,78118.43343742071,-0.02544266521538193,31
2,CatBoost_MAE,revenue_window_xof_7j,classe_abc,C,0.41372154120352017,9049.23652535348,26926.54605353499,-0.08695039786365445,131
2,CatBoost_MAE,revenue_window_xof_7j,treatment_group,controle_0pct,0.17107245814708794,71423.60663869994,182133.31486308403,-0.023170104889479314,48
2,CatBoost_MAE,revenue_window_xof_7j,treatment_group,traitement_10pct,0.24277434999461175,131676.4520652385,515527.01611068315,-0.04158454426337696,50
2,CatBoost_MAE,revenue_window_xof_7j,treatment_group,traitement_15pct,0.16608278157271175,67968.79198473,160841.9088285679,-0.017956362739093117,49
2,CatBoost_MAE,revenue_window_xof_7j,treatment_group,traitement_5pct,0.14127155239187225,63281.479380464094,144549.9453001025,-0.011512746892738448,48
2,Hurdle_zero_positif,revenue_window_xof_7j,categorie,Alimentation & Epicerie,0.1456688537968356,4810.965175413296,9528.165895835771,0.08322363731361056,40
2,Hurdle_zero_positif,revenue_window_xof_7j,categorie,Bebe & Enfant,0.15670306865122813,15928.635604819807,23370.13131281178,0.028190639326593724,42
2,Hurdle_zero_positif,revenue_window_xof_7j,categorie,Electronique & High-Tech,0.1630316030130411,207602.75861690872,421086.34000957536,0.00795449287964055,42
2,Hurdle_zero_positif,revenue_window_xof_7j,categorie,Sport & Loisirs,0.17971319587106255,23103.101780482793,40929.37190230503,0.062201028589375,30
2,Hurdle_zero_positif,revenue_window_xof_7j,categorie,Telephonie & Accessoires,0.14105859614650162,88709.7109275711,174928.4711824945,0.03449600092112784,41
2,Hurdle_zero_positif,revenue_window_xof_7j,classe_abc,A,0.14555842977868252,336376.4316112434,510578.28505257005,0.019422846967899785,33
2,Hurdle_zero_positif,revenue_window_xof_7j,classe_abc,B,0.13656819928180522,42236.455802735465,55702.30473753002,0.01106083442862263,31
2,Hurdle_zero_positif,revenue_window_xof_7j,classe_abc,C,0.523916763851949,11459.511394795392,24656.3932668006,0.06903797694017158,131
2,Hurdle_zero_positif,revenue_window_xof_7j,treatment_group,controle_0pct,0.13763881457107385,57464.89327749619,157127.09442322,0.04075018865764954,48
2,Hurdle_zero_positif,revenue_window_xof_7j,treatment_group,traitement_10pct,0.16475030706099592,89357.61092937551,314239.33105826477,-0.0126216341337176,50
2,Hurdle_zero_positif,revenue_window_xof_7j,treatment_group,traitement_15pct,0.19498282000965772,79796.03068022056,189256.47074807077,0.04542959204755723,49
2,Hurdle_zero_positif,revenue_window_xof_7j,treatment_group,traitement_5pct,0.1290506855217173,57807.23830530478,137016.7512861591,0.01858993711171151,48
2,S_learner,revenue_window_xof_7j,categorie,Alimentation & Epicerie,0.16646418702076468,5497.766927083365,10871.849904629249,0.0994779327913072,40
2,S_learner,revenue_window_xof_7j,categorie,Bebe & Enfant,0.17845051722939503,18139.231649414,26435.842968271838,0.032955814258723855,42
2,S_learner,revenue_window_xof_7j,categorie,Electronique & High-Tech,0.16242952502334745,206836.0787263054,425294.8927041385,0.013663288333578601,42
2,S_learner,revenue_window_xof_7j,categorie,Sport & Loisirs,0.19348050820121915,24872.964124011007,42667.757832080424,0.07350581944346984,30
2,S_learner,revenue_window_xof_7j,categorie,Telephonie & Accessoires,0.14241520672221505,89562.86369741602,168344.08203901694,0.02107918876149857,41
2,S_learner,revenue_window_xof_7j,classe_abc,A,0.14681115512558054,339271.40157360985,512064.40242680506,0.022162627223128513,33
2,S_learner,revenue_window_xof_7j,classe_abc,B,0.15559123983174533,48119.71278090838,60239.27973062462,0.01600473259899328,31
2,S_learner,revenue_window_xof_7j,classe_abc,C,0.4884153779126729,10682.99771023399,25016.91060189092,-0.0047911546307873,131
2,S_learner,revenue_window_xof_7j,treatment_group,controle_0pct,0.13792128325824823,57582.825366734935,152126.3973285824,0.03125131782553408,48
2,S_learner,revenue_window_xof_7j,treatment_group,traitement_10pct,0.16975887158034955,92074.16647102544,312704.6410963227,-0.007718753014909475,50
2,S_learner,revenue_window_xof_7j,treatment_group,traitement_15pct,0.19149323329435544,78367.92963736068,194173.70296857547,0.038857303471866056,49
2,S_learner,revenue_window_xof_7j,treatment_group,traitement_5pct,0.13391925141709218,59988.074058181526,144329.73077724988,0.02947232674040938,48
2,T_learner,revenue_window_xof_7j,categorie,Alimentation & Epicerie,0.13748066877717555,4540.536240519863,8740.496263503781,0.054637771036380775,40
2,T_learner,revenue_window_xof_7j,categorie,Bebe & Enfant,0.1446135373145873,14699.752590901286,22499.13704596673,0.022192448909682267,42
2,T_learner,revenue_window_xof_7j,categorie,Electronique & High-Tech,0.17774475232268563,226338.33091193388,447839.8528157908,-0.00504297863889104,42
2,T_learner,revenue_window_xof_7j,categorie,Sport & Loisirs,0.16470738143961067,21174.023303921727,42391.00544662135,0.032255827491988916,30
2,T_learner,revenue_window_xof_7j,categorie,Telephonie & Accessoires,0.1432243048661383,90071.6938178074,197854.05134457245,0.03703431617955778,41
2,T_learner,revenue_window_xof_7j,classe_abc,A,0.15924650880372454,368008.72652578127,548710.0628732768,0.01291024511046703,33
2,T_learner,revenue_window_xof_7j,classe_abc,B,0.12885953909207648,39852.39796852514,55547.816300286344,0.010163806191628563,31
2,T_learner,revenue_window_xof_7j,classe_abc,C,0.43752987524052633,9569.99076345468,23988.190578760074,-0.03680999569510912,131
2,T_learner,revenue_window_xof_7j,treatment_group,controle_0pct,0.17270276883551977,72104.26950267369,203457.18302084575,0.03454522527907995,48
2,T_learner,revenue_window_xof_7j,treatment_group,traitement_10pct,0.14955029110369322,81113.3949624208,311726.7177852312,-0.03479878221403311,50
2,T_learner,revenue_window_xof_7j,treatment_group,traitement_15pct,0.1918459572231451,78512.28065988643,190462.69720791106,0.03706629263882185,49
2,T_learner,revenue_window_xof_7j,treatment_group,traitement_5pct,0.1520659926121322,68116.7638709128,175808.22013007273,0.022540235983943217,48
2,Ensemble_contraint,revenue_window_xof_7j,categorie,Alimentation & Epicerie,0.14049962801074264,4640.242576913094,9344.5169866615,0.07673677002982911,40
2,Ensemble_contraint,revenue_window_xof_7j,categorie,Bebe & Enfant,0.1492212840953026,15168.123249249084,22649.80612948656,0.02979049990595283,42
2,Ensemble_contraint,revenue_window_xof_7j,categorie,Electronique & High-Tech,0.1665277268708382,212054.68661081436,427603.64115304523,0.0046975502271514894,42
2,Ensemble_contraint,revenue_window_xof_7j,categorie,Sport & Loisirs,0.17444104040460467,22425.337725630114,41071.016532087975,0.056088493317823084,30
2,Ensemble_contraint,revenue_window_xof_7j,categorie,Telephonie & Accessoires,0.13934212148917635,87630.24484166392,177309.32643730042,0.03101970278932849,41
2,Ensemble_contraint,revenue_window_xof_7j,classe_abc,A,0.1487267724542731,343698.2734651108,518524.0474899374,0.01751781785935835,33
2,Ensemble_contraint,revenue_window_xof_7j,classe_abc,B,0.13319282210505246,41192.55268551487,55463.03020709073,0.013550453525994849,31
2,Ensemble_contraint,revenue_window_xof_7j,classe_abc,C,0.4800683654837659,10500.425418906072,24107.526671222196,0.01050169755082697,131
2,Ensemble_contraint,revenue_window_xof_7j,treatment_group,controle_0pct,0.14863295450571112,62055.001670906924,169730.07209540583,0.035313660713701324,48
2,Ensemble_contraint,revenue_window_xof_7j,treatment_group,traitement_10pct,0.15744945695974968,85397.76081171038,310865.77941960696,-0.01935153969630517,50
2,Ensemble_contraint,revenue_window_xof_7j,treatment_group,traitement_15pct,0.1913059915548872,78291.30161656128,188940.6217884633,0.03999423496488835,49
2,Ensemble_contraint,revenue_window_xof_7j,treatment_group,traitement_5pct,0.13533026111147353,60620.12473907831,150014.38373481674,0.023767206922721624,48
3,baseline_moyenne_produit,revenue_window_xof_7j,categorie,Alimentation & Epicerie,0.12267594736183414,4074.095813974668,7820.968701497833,0.04917513187776252,40
3,baseline_moyenne_produit,revenue_window_xof_7j,categorie,Beaute & Soins,0.11903011636714467,6636.4997216160245,11187.228694175192,0.02405709116567876,39
3,baseline_moyenne_produit,revenue_window_xof_7j,categorie,Bebe & Enfant,0.1610194603590743,15716.994511748986,29146.864330586868,0.053245446143453966,42
3,baseline_moyenne_produit,revenue_window_xof_7j,categorie,Electronique & High-Tech,0.12180719017661039,160289.2572408598,292700.64262817014,-0.03242542279723535,42
3,baseline_moyenne_produit,revenue_window_xof_7j,categorie,Sport & Loisirs,0.1336550493752916,18509.896698320757,36575.295732243714,-0.04473962044973736,30
3,baseline_moyenne_produit,revenue_window_xof_7j,categorie,Telephonie & Accessoires,0.10875228948452585,72877.12229267179,139108.46765963055,-0.016900870836194536,40
3,baseline_moyenne_produit,revenue_window_xof_7j,classe_abc,A,0.10553220801372427,254622.88285429872,358413.16175156896,-0.034114703284298296,33
3,baseline_moyenne_produit,revenue_window_xof_7j,classe_abc,B,0.1482211326870094,43416.49364053442,57110.40291846771,0.028997680503687583,36
3,baseline_moyenne_produit,revenue_window_xof_7j,classe_abc,C,0.3598521017522393,8041.968187298646,24555.090662429877,0.08604364423930208,164
3,baseline_moyenne_produit,revenue_window_xof_7j,treatment_group,controle_0pct,0.12385323722455004,41306.79695653822,110734.11761543664,0.05810761763070219,59
3,baseline_moyenne_produit,revenue_window_xof_7j,treatment_group,traitement_10pct,0.08556511583909898,40982.96835603977,108780.58880556366,-0.04133680291973449,59
3,baseline_moyenne_produit,revenue_window_xof_7j,treatment_group,traitement_15pct,0.16830887763339034,62988.63693294294,165539.15799278565,-0.010472876604456822,58
3,baseline_moyenne_produit,revenue_window_xof_7j,treatment_group,traitement_5pct,0.114766362245071,48701.65951605759,159190.65016268656,-0.07619562420224055,57
3,baseline_mediane_produit,revenue_window_xof_7j,categorie,Alimentation & Epicerie,0.11559015333380006,3838.775,8046.74658324717,0.04195771031361576,40
3,baseline_mediane_produit,revenue_window_xof_7j,categorie,Beaute & Soins,0.08309507242564397,4632.948717948718,9912.900813508704,0.014321408254182577,39
3,baseline_mediane_produit,revenue_window_xof_7j,categorie,Bebe & Enfant,0.15398125178371497,15030.0,28955.154006834844,0.04820579618937503,42
3,baseline_mediane_produit,revenue_window_xof_7j,categorie,Electronique & High-Tech,0.1117270392324652,147024.52380952382,291699.71910176333,-0.03794886798442415,42
3,baseline_mediane_produit,revenue_window_xof_7j,categorie,Sport & Loisirs,0.13528407091531475,18735.5,41878.279902991875,-0.04901506774733783,30
3,baseline_mediane_produit,revenue_window_xof_7j,categorie,Telephonie & Accessoires,0.09216303459520368,61760.325,135478.04144426875,-0.014347236283751121,40
3,baseline_mediane_produit,revenue_window_xof_7j,classe_abc,A,0.09710864998596785,234298.9393939394,354659.4285797505,-0.03193715860429123,33
3,baseline_mediane_produit,revenue_window_xof_7j,classe_abc,B,0.15552209371387213,45555.069444444445,64779.71761825911,0.04025357768643813,36
3,baseline_mediane_produit,revenue_window_xof_7j,classe_abc,C,0.21859247397525122,4885.100609756098,24721.292090123097,-0.07713947540960348,164
3,baseline_mediane_produit,revenue_window_xof_7j,treatment_group,controle_0pct,0.11662303778002402,38895.42372881356,108083.73932641145,0.06842645826440884,59
3,baseline_mediane_produit,revenue_window_xof_7j,treatment_group,traitement_10pct,0.08362159717412321,40052.08474576271,120992.38723709235,-0.05393299006483676,59
3,baseline_mediane_produit,revenue_window_xof_7j,treatment_group,traitement_15pct,0.14190537261549932,53107.275862068964,154569.44699512678,-0.013095539797925649,58
3,baseline_mediane_produit,revenue_window_xof_7j,treatment_group,traitement_5pct,0.100663814728034,42717.17543859649,160234.15399493856,-0.08017144705740087,57
3,GLM_Poisson,revenue_window_xof_7j,categorie,Alimentation & Epicerie,0.6909432664218612,22946.381340104956,38600.57695462288,0.5126292322943423,40
3,GLM_Poisson,revenue_window_xof_7j,categorie,Beaute & Soins,0.28902765696468685,16114.677726341608,31098.35136374481,0.04978019894085756,39
3,GLM_Poisson,revenue_window_xof_7j,categorie,Bebe & Enfant,0.30788313579432763,30052.252968358753,44133.462308903356,0.07311722187409753,42
3,GLM_Poisson,revenue_window_xof_7j,categorie,Electronique & High-Tech,0.28019623819309475,368717.5349545034,707705.267954068,-0.05242706292412813,42
3,GLM_Poisson,revenue_window_xof_7j,categorie,Sport & Loisirs,0.31085322828527545,43050.08430877635,80840.43226136145,0.0023367069857147937,30
3,GLM_Poisson,revenue_window_xof_7j,categorie,Telephonie & Accessoires,0.23435412528713553,157045.4684613591,321654.5770397932,0.013291603525771497,40
3,GLM_Poisson,revenue_window_xof_7j,classe_abc,A,0.24533403111211072,591929.7950812138,862179.925223437,-0.023036001562732063,33
3,GLM_Poisson,revenue_window_xof_7j,classe_abc,B,0.3448301002512771,101006.60805391723,153521.1327405607,-0.042713877045677126,36
3,GLM_Poisson,revenue_window_xof_7j,classe_abc,C,0.7361550131220747,16451.578767001884,32200.281594249147,0.22972002031832425,164
3,GLM_Poisson,revenue_window_xof_7j,treatment_group,controle_0pct,0.21572615631017686,71947.70792113445,237842.5501793508,0.06764770999057948,59
3,GLM_Poisson,revenue_window_xof_7j,treatment_group,traitement_10pct,0.2966571845423796,142089.35367486108,376405.60526095855,0.05319029636607413,59
3,GLM_Poisson,revenue_window_xof_7j,treatment_group,traitement_15pct,0.3057392816193243,114421.18132358012,368850.65279396164,-0.10906872195394485,58
3,GLM_Poisson,revenue_window_xof_7j,treatment_group,traitement_5pct,0.27299915121833046,115848.5069206667,323400.15962456795,-0.07893907303420833,57
3,GLM_Tweedie,revenue_window_xof_7j,categorie,Alimentation & Epicerie,0.5899745366260657,19593.187105622383,31881.50860425082,0.38972534455691643,40
3,GLM_Tweedie,revenue_window_xof_7j,categorie,Beaute & Soins,0.2945871924984016,16424.64848960633,30380.269568666718,0.01520042105938913,39
3,GLM_Tweedie,revenue_window_xof_7j,categorie,Bebe & Enfant,0.2874449683522038,28057.29804302407,43985.68331274694,0.06872138969729212,42
3,GLM_Tweedie,revenue_window_xof_7j,categorie,Electronique & High-Tech,0.3022753189264945,397771.9729247604,779263.4196281381,-0.05319478252213512,42
3,GLM_Tweedie,revenue_window_xof_7j,categorie,Sport & Loisirs,0.3234872203978709,44799.766718715844,85429.61639952175,0.050808712965198795,30
3,GLM_Tweedie,revenue_window_xof_7j,categorie,Telephonie & Accessoires,0.2517434762382795,168698.42640701254,327634.5544851212,0.014976425603814987,40
3,GLM_Tweedie,revenue_window_xof_7j,classe_abc,A,0.2674508248110906,645292.0991315156,940057.6595279262,-0.021571026143798352,33
3,GLM_Tweedie,revenue_window_xof_7j,classe_abc,B,0.33912095308922147,99334.30163606195,153353.90910172218,-0.0429148540870746,36
3,GLM_Tweedie,revenue_window_xof_7j,classe_abc,C,0.6904028501428549,15429.11026567209,31833.40621612291,0.18418598589674262,164
3,GLM_Tweedie,revenue_window_xof_7j,treatment_group,controle_0pct,0.24518578203465702,81772.90753227149,278127.87291730556,0.07004436351088512,59
3,GLM_Tweedie,revenue_window_xof_7j,treatment_group,traitement_10pct,0.31814207078302953,152379.93067342945,403552.3866662053,0.070931701251736,59
3,GLM_Tweedie,revenue_window_xof_7j,treatment_group,traitement_15pct,0.31731314114369347,118752.63219975628,409396.17983526696,-0.13326257152147988,58
3,GLM_Tweedie,revenue_window_xof_7j,treatment_group,traitement_5pct,0.2769272276938985,117515.40512432014,331972.41736769665,-0.08206963418757757,57
3,LightGBM_Poisson,revenue_window_xof_7j,categorie,Alimentation & Epicerie,0.33981450923624645,11285.316310000324,15046.725132974801,0.25891940558593285,40
3,LightGBM_Poisson,revenue_window_xof_7j,categorie,Beaute & Soins,0.2627131133073488,14647.515742581836,20281.20307457992,0.15194691420270745,39
3,LightGBM_Poisson,revenue_window_xof_7j,categorie,Bebe & Enfant,0.24306551695248116,23725.45149150529,32322.640847151706,0.1390806295957509,42
3,LightGBM_Poisson,revenue_window_xof_7j,categorie,Electronique & High-Tech,0.14090436738999657,185419.73062664628,331964.9389860097,-0.03114904432446953,42
3,LightGBM_Poisson,revenue_window_xof_7j,categorie,Sport & Loisirs,0.18847419844220642,26101.80430720773,40795.33326000885,0.03576572528701126,30
3,LightGBM_Poisson,revenue_window_xof_7j,categorie,Telephonie & Accessoires,0.13678731491961524,91663.96334949278,178687.72174963067,-0.02945915982944215,40
3,LightGBM_Poisson,revenue_window_xof_7j,classe_abc,A,0.12392244959959683,298993.94659981347,417137.729140093,-0.039042179954032245,33
3,LightGBM_Poisson,revenue_window_xof_7j,classe_abc,B,0.18053777988482458,52882.58988546149,66685.19918492938,0.04867750845173835,36
3,LightGBM_Poisson,revenue_window_xof_7j,classe_abc,C,0.6782416933619955,15157.33295639363,27307.027569543847,0.40303799612821417,164
3,LightGBM_Poisson,revenue_window_xof_7j,treatment_group,controle_0pct,0.16372350201704988,54604.09115161282,139895.8844440557,0.08339230426017086,59
3,LightGBM_Poisson,revenue_window_xof_7j,treatment_group,traitement_10pct,0.12945910076522665,62006.7907117616,148163.5244927929,-0.02552348558881341,59
3,LightGBM_Poisson,revenue_window_xof_7j,treatment_group,traitement_15pct,0.18139285121788679,67885.239378057,166291.84044441066,-0.013688515392642197,58
3,LightGBM_Poisson,revenue_window_xof_7j,treatment_group,traitement_5pct,0.14217621031111696,60333.16078337925,185942.8808776944,-0.07196239300808033,57
3,LightGBM_Tweedie,revenue_window_xof_7j,categorie,Alimentation & Epicerie,0.18519455075586175,6150.352699376089,12472.13576864887,0.10085686019537661,40
3,LightGBM_Tweedie,revenue_window_xof_7j,categorie,Beaute & Soins,0.1762217141739884,9825.205525726791,17225.650433059123,0.06297923934067771,39
3,LightGBM_Tweedie,revenue_window_xof_7j,categorie,Bebe & Enfant,0.19596526348996643,19128.029394067416,29775.8396830329,0.08057796720754645,42
3,LightGBM_Tweedie,revenue_window_xof_7j,categorie,Electronique & High-Tech,0.1399809399143459,184204.56833636411,326919.53930269403,-0.017884728837037886,42
3,LightGBM_Tweedie,revenue_window_xof_7j,categorie,Sport & Loisirs,0.15586250985514793,21585.409380673427,39077.993760508754,-0.016466486466144993,30
3,LightGBM_Tweedie,revenue_window_xof_7j,categorie,Telephonie & Accessoires,0.12115309378414502,81187.15361021408,160057.73158978813,-0.02234669390124211,40
3,LightGBM_Tweedie,revenue_window_xof_7j,classe_abc,A,0.12211089972849629,294623.12882488384,402427.59968293254,-0.023110618698915848,33
3,LightGBM_Tweedie,revenue_window_xof_7j,classe_abc,B,0.17407873435242904,50990.62546583086,66845.11316042587,0.03813249929170304,36
3,LightGBM_Tweedie,revenue_window_xof_7j,classe_abc,C,0.41090328340181387,9182.859060940258,25810.136558674774,0.10459723932129604,164
3,LightGBM_Tweedie,revenue_window_xof_7j,treatment_group,controle_0pct,0.15253692600035076,50873.21067956749,148788.1890573787,0.08028006794900926,59
3,LightGBM_Tweedie,revenue_window_xof_7j,treatment_group,traitement_10pct,0.118041687680003,56538.21307248796,135205.11482893446,-0.02668713850280924,59
3,LightGBM_Tweedie,revenue_window_xof_7j,treatment_group,traitement_15pct,0.1743605729762399,65253.44937860511,161522.26908731725,-0.012138138126826523,58
3,LightGBM_Tweedie,revenue_window_xof_7j,treatment_group,traitement_5pct,0.12163937571503951,51618.25594131424,173535.03555689013,-0.0668379396510219,57
3,LightGBM_L1,revenue_window_xof_7j,categorie,Alimentation & Epicerie,0.1929790148596598,6408.876503767645,9942.39173984404,0.12227128574361797,40
3,LightGBM_L1,revenue_window_xof_7j,categorie,Beaute & Soins,0.17645799929854455,9838.379554377674,15713.409756352792,0.07594883773527004,39
3,LightGBM_L1,revenue_window_xof_7j,categorie,Bebe & Enfant,0.2084871528206543,20350.282067429194,32984.51569268262,0.08547207490842723,42
3,LightGBM_L1,revenue_window_xof_7j,categorie,Electronique & High-Tech,0.16942974511188721,222957.01886822993,466917.87660837674,-0.053832928513383144,42
3,LightGBM_L1,revenue_window_xof_7j,categorie,Sport & Loisirs,0.1383344784856837,19157.951147780903,41444.884102222386,0.016446554553163573,30
3,LightGBM_L1,revenue_window_xof_7j,categorie,Telephonie & Accessoires,0.15786852272485694,105790.90970236408,221249.58656110129,-0.044896497854432865,40
3,LightGBM_L1,revenue_window_xof_7j,classe_abc,A,0.15293477740446942,368993.4536984415,573967.3897674576,-0.05657986984791749,33
3,LightGBM_L1,revenue_window_xof_7j,classe_abc,B,0.18678646122226983,54712.93505035642,80950.89564156474,0.06227702548291678,36
3,LightGBM_L1,revenue_window_xof_7j,classe_abc,C,0.4144216086343004,9261.48652887626,26823.567020037164,0.11344805943782305,164
3,LightGBM_L1,revenue_window_xof_7j,treatment_group,controle_0pct,0.1650122537339964,55033.90797911151,163857.83617746353,0.049591851913331694,59
3,LightGBM_L1,revenue_window_xof_7j,treatment_group,traitement_10pct,0.15522807432549357,74349.30924436043,277216.6114456781,-0.05396928458054312,59
3,LightGBM_L1,revenue_window_xof_7j,treatment_group,traitement_15pct,0.1948426918525148,72918.76547871741,205928.2705486249,-0.019955422714919475,58
3,LightGBM_L1,revenue_window_xof_7j,treatment_group,traitement_5pct,0.15720191170069953,66709.3896604676,215520.53405851507,-0.10128813991629891,57
3,LightGBM_Monotone,revenue_window_xof_7j,categorie,Alimentation & Epicerie,0.18907179521290168,6279.1168601743875,12215.57277430146,0.09639527946745219,40
3,LightGBM_Monotone,revenue_window_xof_7j,categorie,Beaute & Soins,0.17843727924447464,9948.733901756865,17217.439888160385,0.06911280016908282,39
3,LightGBM_Monotone,revenue_window_xof_7j,categorie,Bebe & Enfant,0.19323041638616073,18861.08292172716,29404.951446538806,0.07520466925161873,42
3,LightGBM_Monotone,revenue_window_xof_7j,categorie,Electronique & High-Tech,0.13796278589627553,181548.826847827,325340.17593185056,-0.01944212542824958,42
3,LightGBM_Monotone,revenue_window_xof_7j,categorie,Sport & Loisirs,0.1521107395475236,21065.826460652515,39128.67285541587,-0.016488133094353357,30
3,LightGBM_Monotone,revenue_window_xof_7j,categorie,Telephonie & Accessoires,0.1256812134873385,84221.53877055999,166042.97327598138,-0.023342583988047665,40
3,LightGBM_Monotone,revenue_window_xof_7j,classe_abc,A,0.12168628017163095,293598.6277960481,403707.84267051966,-0.024906222869167976,33
3,LightGBM_Monotone,revenue_window_xof_7j,classe_abc,B,0.17242000667662197,50504.75588514071,66069.17683090472,0.03635352118754051,36
3,LightGBM_Monotone,revenue_window_xof_7j,classe_abc,C,0.42299119672892715,9452.99952685422,26207.85886831698,0.11394180321645063,164
3,LightGBM_Monotone,revenue_window_xof_7j,treatment_group,controle_0pct,0.1513393467243928,50473.80114373384,147747.40551675382,0.0799661274069138,59
3,LightGBM_Monotone,revenue_window_xof_7j,treatment_group,traitement_10pct,0.12107031848033312,57988.830874320454,142214.64519492275,-0.031053613449137537,59
3,LightGBM_Monotone,revenue_window_xof_7j,treatment_group,traitement_15pct,0.17240454095255295,64521.41555661268,159856.22478717606,-0.010843323316422088,58
3,LightGBM_Monotone,revenue_window_xof_7j,treatment_group,traitement_5pct,0.12054131546196571,51152.28877526326,171923.7306347032,-0.06791339923201899,57
3,CatBoost_MAE,revenue_window_xof_7j,categorie,Alimentation & Epicerie,0.17601273531279424,5845.422542603343,12088.303833305923,0.08311479370131714,40
3,CatBoost_MAE,revenue_window_xof_7j,categorie,Beaute & Soins,0.2097937675729706,11697.008476411986,20607.25774627542,0.040679984422554244,39
3,CatBoost_MAE,revenue_window_xof_7j,categorie,Bebe & Enfant,0.19178709455662016,18720.201308889868,31625.845875435178,0.011985755295114663,42
3,CatBoost_MAE,revenue_window_xof_7j,categorie,Electronique & High-Tech,0.2115759842595869,278418.3537753514,564358.1800962965,-0.04002871823001201,42
3,CatBoost_MAE,revenue_window_xof_7j,categorie,Sport & Loisirs,0.13973519638260382,19351.93666270656,40494.11282454961,0.028602616592509487,30
3,CatBoost_MAE,revenue_window_xof_7j,categorie,Telephonie & Accessoires,0.19099278027877042,127988.14876788273,259720.69165297507,-0.06611472138995292,40
3,CatBoost_MAE,revenue_window_xof_7j,classe_abc,A,0.19724903293502363,475912.6938726296,692505.3341268755,-0.049213200828369746,33
3,CatBoost_MAE,revenue_window_xof_7j,classe_abc,B,0.18176683643706162,53242.60147771357,82537.55207918271,0.03209311206842456,36
3,CatBoost_MAE,revenue_window_xof_7j,classe_abc,C,0.34052593427964817,7610.0673501486335,26819.179302429213,-0.010293635970007724,164
3,CatBoost_MAE,revenue_window_xof_7j,treatment_group,controle_0pct,0.19119891636369143,63767.52835475858,204714.37506843932,0.057207036529249015,59
3,CatBoost_MAE,revenue_window_xof_7j,treatment_group,traitement_10pct,0.20884378050023672,100029.5267956134,320585.6676524864,-0.05547889679496213,59
3,CatBoost_MAE,revenue_window_xof_7j,treatment_group,traitement_15pct,0.21945661004166425,82130.38389192175,259964.2794984008,-0.046753895424529936,58
3,CatBoost_MAE,revenue_window_xof_7j,treatment_group,traitement_5pct,0.1836561003056418,77935.35222483215,255904.99311426267,-0.08933049499722165,57
3,Hurdle_zero_positif,revenue_window_xof_7j,categorie,Alimentation & Epicerie,0.14889768263809297,4944.925542389661,9538.894335624369,0.08336092187799177,40
3,Hurdle_zero_positif,revenue_window_xof_7j,categorie,Beaute & Soins,0.17364109690059107,9681.323739005911,15539.22601195502,0.07923468835600825,39
3,Hurdle_zero_positif,revenue_window_xof_7j,categorie,Bebe & Enfant,0.18979921937926006,18526.16623273859,29903.490164546718,0.06834368509335521,42
3,Hurdle_zero_positif,revenue_window_xof_7j,categorie,Electronique & High-Tech,0.14600716728343288,192134.63804370209,354630.0692460322,-0.022423987684667985,42
3,Hurdle_zero_positif,revenue_window_xof_7j,categorie,Sport & Loisirs,0.15382626084857956,21303.409120003842,38177.55630256348,-0.019163454256610594,30
3,Hurdle_zero_positif,revenue_window_xof_7j,categorie,Telephonie & Accessoires,0.12097852574829339,81070.17201693039,156736.9339110343,-0.018411731640261133,40
3,Hurdle_zero_positif,revenue_window_xof_7j,classe_abc,A,0.12534383956168485,302423.40587692766,430276.7912292414,-0.027096444001251958,33
3,Hurdle_zero_positif,revenue_window_xof_7j,classe_abc,B,0.16281570249420652,47691.49165015389,62702.93832744169,0.033644809524620595,36
3,Hurdle_zero_positif,revenue_window_xof_7j,classe_abc,C,0.43878177683980985,9805.887122320153,25653.093433368354,0.15098582499816104,164
3,Hurdle_zero_positif,revenue_window_xof_7j,treatment_group,controle_0pct,0.15438242144453018,51488.70937225588,148819.54810512517,0.08877707957840474,59
3,Hurdle_zero_positif,revenue_window_xof_7j,treatment_group,traitement_10pct,0.11014972828047039,52758.21559143036,112237.05642445534,-0.024473949675848337,59
3,Hurdle_zero_positif,revenue_window_xof_7j,treatment_group,traitement_15pct,0.1880582543146965,70379.72844827209,189615.40516453428,-0.020023586323722354,58
3,Hurdle_zero_positif,revenue_window_xof_7j,treatment_group,traitement_5pct,0.12702208444593954,53902.43436048046,197518.38944483272,-0.0773074240910867,57
3,S_learner,revenue_window_xof_7j,categorie,Alimentation & Epicerie,0.18519455075586175,6150.352699376089,12472.13576864887,0.10085686019537661,40
3,S_learner,revenue_window_xof_7j,categorie,Beaute & Soins,0.1762217141739884,9825.205525726791,17225.650433059123,0.06297923934067771,39
3,S_learner,revenue_window_xof_7j,categorie,Bebe & Enfant,0.19596526348996643,19128.029394067416,29775.8396830329,0.08057796720754645,42
3,S_learner,revenue_window_xof_7j,categorie,Electronique & High-Tech,0.1399809399143459,184204.56833636411,326919.53930269403,-0.017884728837037886,42
3,S_learner,revenue_window_xof_7j,categorie,Sport & Loisirs,0.15586250985514793,21585.409380673427,39077.993760508754,-0.016466486466144993,30
3,S_learner,revenue_window_xof_7j,categorie,Telephonie & Accessoires,0.12115309378414502,81187.15361021408,160057.73158978813,-0.02234669390124211,40
3,S_learner,revenue_window_xof_7j,classe_abc,A,0.12211089972849629,294623.12882488384,402427.59968293254,-0.023110618698915848,33
3,S_learner,revenue_window_xof_7j,classe_abc,B,0.17407873435242904,50990.62546583086,66845.11316042587,0.03813249929170304,36
3,S_learner,revenue_window_xof_7j,classe_abc,C,0.41090328340181387,9182.859060940258,25810.136558674774,0.10459723932129604,164
3,S_learner,revenue_window_xof_7j,treatment_group,controle_0pct,0.15253692600035076,50873.21067956749,148788.1890573787,0.08028006794900926,59
3,S_learner,revenue_window_xof_7j,treatment_group,traitement_10pct,0.118041687680003,56538.21307248796,135205.11482893446,-0.02668713850280924,59
3,S_learner,revenue_window_xof_7j,treatment_group,traitement_15pct,0.1743605729762399,65253.44937860511,161522.26908731725,-0.012138138126826523,58
3,S_learner,revenue_window_xof_7j,treatment_group,traitement_5pct,0.12163937571503951,51618.25594131424,173535.03555689013,-0.0668379396510219,57
3,T_learner,revenue_window_xof_7j,categorie,Alimentation & Epicerie,0.13384382146827298,4444.983425821176,8342.32769390984,0.053882341647281874,40
3,T_learner,revenue_window_xof_7j,categorie,Beaute & Soins,0.1381510678101353,7702.584447073517,12356.175489830204,0.03773626746078279,39
3,T_learner,revenue_window_xof_7j,categorie,Bebe & Enfant,0.17541202170575645,17121.84214439767,30346.39280423863,0.06514420257245558,42
3,T_learner,revenue_window_xof_7j,categorie,Electronique & High-Tech,0.13196059251574702,173650.3840926335,324312.6059335167,-0.024040867336997545,42
3,T_learner,revenue_window_xof_7j,categorie,Sport & Loisirs,0.1256692335927956,17403.94053821517,35950.53617994554,-0.036174073187153474,30
3,T_learner,revenue_window_xof_7j,categorie,Telephonie & Accessoires,0.10564668333805424,70795.99241483607,138783.14591601037,-0.013548674112288769,40
3,T_learner,revenue_window_xof_7j,classe_abc,A,0.11179592811261316,269735.67637003836,390644.65505596093,-0.024855222702348054,33
3,T_learner,revenue_window_xof_7j,classe_abc,B,0.15651122310106189,45844.802284627716,61257.61608019065,0.0318000762112071,36
3,T_learner,revenue_window_xof_7j,classe_abc,C,0.3527631656337323,7883.544772597911,25076.317994004818,0.060621701166699286,164
3,T_learner,revenue_window_xof_7j,treatment_group,controle_0pct,0.14288127687714047,47652.915863268856,141069.89796579716,0.09881171018643646,59
3,T_learner,revenue_window_xof_7j,treatment_group,traitement_10pct,0.08366379561947845,40072.29645860513,98953.63785298546,-0.04212864890210173,59
3,T_learner,revenue_window_xof_7j,treatment_group,traitement_15pct,0.1775030139056152,66429.4899628385,177366.2558671873,-0.01742709058034499,58
3,T_learner,revenue_window_xof_7j,treatment_group,traitement_5pct,0.11641588418863814,49401.64211103021,172578.6988764939,-0.07429373159147083,57
3,Ensemble_contraint,revenue_window_xof_7j,categorie,Alimentation & Epicerie,0.15673610609861324,5205.241349158818,9748.057936739942,0.07787951433090863,40
3,Ensemble_contraint,revenue_window_xof_7j,categorie,Beaute & Soins,0.16005741930207817,8923.96858089623,14700.531828484247,0.06202791866195798,39
3,Ensemble_contraint,revenue_window_xof_7j,categorie,Bebe & Enfant,0.18269879407453543,17833.09879047678,28729.639548562096,0.06956418563914313,42
3,Ensemble_contraint,revenue_window_xof_7j,categorie,Electronique & High-Tech,0.137862064496931,181416.28493247874,331635.54004954686,-0.02196899348330503,42
3,Ensemble_contraint,revenue_window_xof_7j,categorie,Sport & Loisirs,0.14266316043028465,19757.430598867482,37299.75393184719,-0.02394188684603911,30
3,Ensemble_contraint,revenue_window_xof_7j,categorie,Telephonie & Accessoires,0.1159345379631744,77690.09315697072,151210.68387217907,-0.018434329913532495,40
3,Ensemble_contraint,revenue_window_xof_7j,classe_abc,A,0.11879972434388558,286634.0889105846,403661.07111982035,-0.025619296524255982,33
3,Ensemble_contraint,revenue_window_xof_7j,classe_abc,B,0.16083278266050388,47110.66066614411,62236.20377609268,0.033932802307789396,36
3,Ensemble_contraint,revenue_window_xof_7j,classe_abc,C,0.4011210897256809,8964.246775608606,25415.458799426262,0.10851644312710364,164
3,Ensemble_contraint,revenue_window_xof_7j,treatment_group,controle_0pct,0.14895945628096077,49680.07420103454,144406.56951340492,0.08918497239058502,59
3,Ensemble_contraint,revenue_window_xof_7j,treatment_group,traitement_10pct,0.1033319683641259,49492.725488710894,115363.26867186886,-0.03255207067569585,59
3,Ensemble_contraint,revenue_window_xof_7j,treatment_group,traitement_15pct,0.1793219363909549,67110.21132257443,175015.8910407307,-0.016098000073496474,58
3,Ensemble_contraint,revenue_window_xof_7j,treatment_group,traitement_5pct,0.11912646549409868,50551.89036536834,179196.20514689243,-0.07317151830485882,57
4,baseline_moyenne_produit,revenue_window_xof_7j,categorie,Alimentation & Epicerie,0.12423323674493635,4320.962418887468,10771.478035725997,0.0007443580743666997,40
4,baseline_moyenne_produit,revenue_window_xof_7j,categorie,Beaute & Soins,0.18167189068295655,9333.290902257533,20542.04475610085,0.11081034750268294,39
4,baseline_moyenne_produit,revenue_window_xof_7j,categorie,Bebe & Enfant,0.12186952924518857,12600.119645214629,24963.30540879151,-0.006884438621714097,42
4,baseline_moyenne_produit,revenue_window_xof_7j,categorie,Electronique & High-Tech,0.1290317361313539,159787.7929827547,266763.05896507745,0.028849585856402137,42
4,baseline_moyenne_produit,revenue_window_xof_7j,categorie,Maison & Cuisine,0.2755067862461213,35162.56952593551,86495.97828626855,0.12450898426843891,32
4,baseline_moyenne_produit,revenue_window_xof_7j,categorie,Mode & Vetements,0.13880977323005814,16610.14077032432,36085.50332701974,-0.05664063202214799,34
4,baseline_moyenne_produit,revenue_window_xof_7j,categorie,Sport & Loisirs,0.09372757478613616,12532.78578678069,22203.979771899896,-0.009528967083510205,30
4,baseline_moyenne_produit,revenue_window_xof_7j,categorie,Telephonie & Accessoires,0.12294579648051297,76620.66561900648,138822.5488578887,0.05689358844168128,40
4,baseline_moyenne_produit,revenue_window_xof_7j,classe_abc,A,0.10842845755342749,227540.96437420914,313162.99914544827,0.04722865946009675,36
4,baseline_moyenne_produit,revenue_window_xof_7j,classe_abc,B,0.14935456165006702,45544.87900891996,62678.010709728645,-0.01833426443077166,50
4,baseline_moyenne_produit,revenue_window_xof_7j,classe_abc,C,0.40342260678185843,11451.491614015826,42151.86746417143,0.010471514250512624,213
4,baseline_moyenne_produit,revenue_window_xof_7j,treatment_group,controle_0pct,0.13566820263701168,43052.037019785275,128510.97967086267,-0.0264264258525014,76
4,baseline_moyenne_produit,revenue_window_xof_7j,treatment_group,traitement_10pct,0.10676109761158728,38694.08905472508,98896.7776120443,0.0520578749241226,76
4,baseline_moyenne_produit,revenue_window_xof_7j,treatment_group,traitement_15pct,0.15403404699237314,46581.62816600844,108810.23652561652,0.03529579853523886,73
4,baseline_moyenne_produit,revenue_window_xof_7j,treatment_group,traitement_5pct,0.14261512257890918,44523.26951245263,129587.41000766525,0.07687428208783254,74
4,baseline_mediane_produit,revenue_window_xof_7j,categorie,Alimentation & Epicerie,0.11629105504290412,4044.725,11418.386336299889,-0.0038131396263195046,40
4,baseline_mediane_produit,revenue_window_xof_7j,categorie,Beaute & Soins,0.18202208720989138,9351.28205128205,22455.590490040788,0.10810125558805811,39
4,baseline_mediane_produit,revenue_window_xof_7j,categorie,Bebe & Enfant,0.11944182811769556,12349.119047619048,24897.173171437986,-0.020367815880195008,42
4,baseline_mediane_produit,revenue_window_xof_7j,categorie,Electronique & High-Tech,0.1310968264354613,162345.11904761905,279228.61481874535,0.021724597176177862,42
4,baseline_mediane_produit,revenue_window_xof_7j,categorie,Maison & Cuisine,0.1731279556565212,22096.09375,40146.464554413134,0.006036309430824477,32
4,baseline_mediane_produit,revenue_window_xof_7j,categorie,Mode & Vetements,0.12443271197105553,14889.764705882353,36989.33714162056,-0.0625442425672487,34
4,baseline_mediane_produit,revenue_window_xof_7j,categorie,Sport & Loisirs,0.09376906261599606,12538.333333333334,28195.97962712651,-0.015054901580500423,30
4,baseline_mediane_produit,revenue_window_xof_7j,categorie,Telephonie & Accessoires,0.11861663111466798,73922.7,149654.60375711802,0.054851529036806596,40
4,baseline_mediane_produit,revenue_window_xof_7j,classe_abc,A,0.10896939409212592,228676.13888888888,327128.9432371771,0.04662731920834155,36
4,baseline_mediane_produit,revenue_window_xof_7j,classe_abc,B,0.15536017877078556,47376.26,68157.77221403294,-0.015518814756827369,50
4,baseline_mediane_produit,revenue_window_xof_7j,classe_abc,C,0.2991767536057861,8492.384976525822,34846.968124426385,-0.15812119543149936,213
4,baseline_mediane_produit,revenue_window_xof_7j,treatment_group,controle_0pct,0.11866736491974858,37657.10526315789,124730.150026599,-0.03664294513530312,76
4,baseline_mediane_produit,revenue_window_xof_7j,treatment_group,traitement_10pct,0.09506837736570205,34456.22368421053,95737.6084883354,0.03697271167816712,76
4,baseline_mediane_produit,revenue_window_xof_7j,treatment_group,traitement_15pct,0.16512423140021473,49935.42465753425,125750.8898558346,0.02915806249686028,73
4,baseline_mediane_produit,revenue_window_xof_7j,treatment_group,traitement_5pct,0.14215677023201953,44380.17567567567,133054.6583728515,0.06715964441815737,74
4,GLM_Poisson,revenue_window_xof_7j,categorie,Alimentation & Epicerie,0.6578510059316818,22880.74872986012,39955.7825311063,0.4457156366425883,40
4,GLM_Poisson,revenue_window_xof_7j,categorie,Beaute & Soins,0.3615854026454002,18576.24608965466,31575.774438425953,0.14193225107627352,39
4,GLM_Poisson,revenue_window_xof_7j,categorie,Bebe & Enfant,0.34448889206784633,35616.78857205941,54403.498086778614,0.023955287763153123,42
4,GLM_Poisson,revenue_window_xof_7j,categorie,Electronique & High-Tech,0.2804696893866173,347322.55807225715,572659.6197185064,0.015164587812722646,42
4,GLM_Poisson,revenue_window_xof_7j,categorie,Maison & Cuisine,0.47724918726738724,60910.687381378346,115841.99163965289,0.23344411213716654,32
4,GLM_Poisson,revenue_window_xof_7j,categorie,Mode & Vetements,0.40172382163985326,48070.745113685596,90398.52042504327,-0.05584964496465982,34
4,GLM_Poisson,revenue_window_xof_7j,categorie,Sport & Loisirs,0.3682935589163931,49246.385506957464,78940.11129170722,0.032005142737488036,30
4,GLM_Poisson,revenue_window_xof_7j,categorie,Telephonie & Accessoires,0.23663520344278363,147472.68565256643,290235.1487025575,0.09755885365805451,40
4,GLM_Poisson,revenue_window_xof_7j,classe_abc,A,0.2442893574035846,512649.8819977946,676759.977615807,0.07420808147939224,36
4,GLM_Poisson,revenue_window_xof_7j,classe_abc,B,0.3894073692673737,118747.7056108811,167908.53570905712,-0.0629961257207523,50
4,GLM_Poisson,revenue_window_xof_7j,classe_abc,C,0.7095749459648305,20141.88448201112,41472.27521127005,0.072454641769688,213
4,GLM_Poisson,revenue_window_xof_7j,treatment_group,controle_0pct,0.21060886670341916,66833.20446332068,151500.684696221,-0.030658988970252973,76
4,GLM_Poisson,revenue_window_xof_7j,treatment_group,traitement_10pct,0.39159151565926587,141926.95016232072,365740.9566961754,0.18689473149894253,76
4,GLM_Poisson,revenue_window_xof_7j,treatment_group,traitement_15pct,0.26426601760859003,79917.01581251512,168260.5091073281,-0.04316005643024076,73
4,GLM_Poisson,revenue_window_xof_7j,treatment_group,traitement_5pct,0.3022781786797841,94368.76380095513,240685.28337159505,0.07046722137871542,74
4,GLM_Tweedie,revenue_window_xof_7j,categorie,Alimentation & Epicerie,0.5734840876813543,19946.378727849566,33592.69571649153,0.3261368358001507,40
4,GLM_Tweedie,revenue_window_xof_7j,categorie,Beaute & Soins,0.322479630560144,16567.20910844093,28324.720648260514,0.1018888255318088,39
4,GLM_Tweedie,revenue_window_xof_7j,categorie,Bebe & Enfant,0.34207925776718234,35367.655907991306,54510.15158617713,0.017034616413399824,42
4,GLM_Tweedie,revenue_window_xof_7j,categorie,Electronique & High-Tech,0.3013091392430624,373129.3076314999,624927.3979974175,0.012141194658944147,42
4,GLM_Tweedie,revenue_window_xof_7j,categorie,Maison & Cuisine,0.4746018549401245,60572.811831073486,116688.08188181419,0.23458616379225677,32
4,GLM_Tweedie,revenue_window_xof_7j,categorie,Mode & Vetements,0.3826546148922977,45788.90139991222,88627.84107317169,-0.061581897265555796,34
4,GLM_Tweedie,revenue_window_xof_7j,categorie,Sport & Loisirs,0.37418178258528334,50033.72953111725,84298.53652304914,0.08096167361811517,30
4,GLM_Tweedie,revenue_window_xof_7j,categorie,Telephonie & Accessoires,0.24795218036631542,154525.5034755278,296969.6563502066,0.10006663004600039,40
4,GLM_Tweedie,revenue_window_xof_7j,classe_abc,A,0.26555221490990244,557270.7427156091,732778.2238782244,0.07508479204066686,36
4,GLM_Tweedie,revenue_window_xof_7j,classe_abc,B,0.36840454278139595,112343.00540901911,165130.6545116312,-0.06690536358841076,50
4,GLM_Tweedie,revenue_window_xof_7j,classe_abc,C,0.6779707230154085,19244.771905797734,40719.11924751846,0.039329523335881904,213
4,GLM_Tweedie,revenue_window_xof_7j,treatment_group,controle_0pct,0.23042294639239058,73120.8715489157,168883.70168382023,-0.03393304624414544,76
4,GLM_Tweedie,revenue_window_xof_7j,treatment_group,traitement_10pct,0.41239602817411763,149467.25911379448,389912.658178945,0.2036442702055732,76
4,GLM_Tweedie,revenue_window_xof_7j,treatment_group,traitement_15pct,0.2676719793425297,80947.01694626371,189758.4246831091,-0.06389853637212349,73
4,GLM_Tweedie,revenue_window_xof_7j,treatment_group,traitement_5pct,0.3009326239131154,93948.69265817005,251927.60741411662,0.06534924248557704,74
4,LightGBM_Poisson,revenue_window_xof_7j,categorie,Alimentation & Epicerie,0.28182697710555615,9802.238182057205,15543.57539182469,0.18575842991000038,40
4,LightGBM_Poisson,revenue_window_xof_7j,categorie,Beaute & Soins,0.30013527914515176,15419.280659001628,21351.358835973166,0.2370336808426888,39
4,LightGBM_Poisson,revenue_window_xof_7j,categorie,Bebe & Enfant,0.24807070039984963,25648.08877879293,37138.81689915879,0.06658967517549849,42
4,LightGBM_Poisson,revenue_window_xof_7j,categorie,Electronique & High-Tech,0.14074639189612462,174294.75883726258,278060.4667269661,0.03777572740676576,42
4,LightGBM_Poisson,revenue_window_xof_7j,categorie,Maison & Cuisine,0.24260649034286866,30963.547941441753,55928.59689031242,0.13747103204970304,32
4,LightGBM_Poisson,revenue_window_xof_7j,categorie,Mode & Vetements,0.21672006160013468,25932.977535850467,47009.57546694422,-0.06569114747844897,34
4,LightGBM_Poisson,revenue_window_xof_7j,categorie,Sport & Loisirs,0.15727864405662753,21030.51913265342,30432.069458411956,0.06393182888274063,30
4,LightGBM_Poisson,revenue_window_xof_7j,categorie,Telephonie & Accessoires,0.1472645556963484,91776.28355378473,163467.130104484,0.04644360314906741,40
4,LightGBM_Poisson,revenue_window_xof_7j,classe_abc,A,0.12210078666465109,256232.8320020084,335992.66502746305,0.04963475572660539,36
4,LightGBM_Poisson,revenue_window_xof_7j,classe_abc,B,0.18081325652672975,55138.04065130152,78327.10823390045,-0.0045104513795383265,50
4,LightGBM_Poisson,revenue_window_xof_7j,classe_abc,C,0.5928165900805796,16827.599881203518,33127.63887728024,0.1678211254690024,213
4,LightGBM_Poisson,revenue_window_xof_7j,treatment_group,controle_0pct,0.1484960739389212,47122.747616965295,113228.94826405778,-0.01751927534892902,76
4,LightGBM_Poisson,revenue_window_xof_7j,treatment_group,traitement_10pct,0.14411130441688116,52231.15696306009,121503.37037657897,0.07613581594486658,76
4,LightGBM_Poisson,revenue_window_xof_7j,treatment_group,traitement_15pct,0.16690443129990373,50473.7771283525,111660.78827930905,0.04392455108164664,73
4,LightGBM_Poisson,revenue_window_xof_7j,treatment_group,traitement_5pct,0.1874315770937262,58514.598390298175,146952.96693001591,0.08879427707316011,74
4,LightGBM_Tweedie,revenue_window_xof_7j,categorie,Alimentation & Epicerie,0.15077042565888174,5243.953713362849,13348.784195064904,0.04483460172634453,40
4,LightGBM_Tweedie,revenue_window_xof_7j,categorie,Beaute & Soins,0.22217338248369894,11414.032196525299,21338.135909087287,0.14559336245071167,39
4,LightGBM_Tweedie,revenue_window_xof_7j,categorie,Bebe & Enfant,0.21329388337096858,22052.50538598239,35848.11795567702,0.013689509319120349,42
4,LightGBM_Tweedie,revenue_window_xof_7j,categorie,Electronique & High-Tech,0.14905285991341527,184581.15993329644,299132.8984010372,0.047535260064080535,42
4,LightGBM_Tweedie,revenue_window_xof_7j,categorie,Maison & Cuisine,0.19877506999692882,25369.401291428654,52065.006982949366,0.08545569386774436,32
4,LightGBM_Tweedie,revenue_window_xof_7j,categorie,Mode & Vetements,0.18611775817545587,22271.06990534349,42916.683297383424,-0.06573230299972063,34
4,LightGBM_Tweedie,revenue_window_xof_7j,categorie,Sport & Loisirs,0.11584814752452786,15490.638907847162,25350.913466550955,0.012707217989172834,30
4,LightGBM_Tweedie,revenue_window_xof_7j,categorie,Telephonie & Accessoires,0.14438910530460355,89984.28310092792,167115.33694030944,0.04803293384589628,40
4,LightGBM_Tweedie,revenue_window_xof_7j,classe_abc,A,0.12825354205028344,269144.6074306642,357130.5769040813,0.06071073445848175,36
4,LightGBM_Tweedie,revenue_window_xof_7j,classe_abc,B,0.1822416516037123,55573.62213096554,77793.2062137797,-0.008869466527000632,50
4,LightGBM_Tweedie,revenue_window_xof_7j,classe_abc,C,0.41327880025775715,11731.267995006796,32765.900929927277,-0.038944806859583375,213
4,LightGBM_Tweedie,revenue_window_xof_7j,treatment_group,controle_0pct,0.12985104426226907,41206.05901733881,108718.93721525432,-0.03483767906910599,76
4,LightGBM_Tweedie,revenue_window_xof_7j,treatment_group,traitement_10pct,0.14043892746036166,50900.15452699425,138412.15146437846,0.07568333671839103,76
4,LightGBM_Tweedie,revenue_window_xof_7j,treatment_group,traitement_15pct,0.16110459887533068,48719.84257490927,114532.69159587748,0.03587857101492973,73
4,LightGBM_Tweedie,revenue_window_xof_7j,treatment_group,traitement_5pct,0.19089211619620108,59594.950265553336,156433.45141113165,0.09433109032524935,74
4,LightGBM_L1,revenue_window_xof_7j,categorie,Alimentation & Epicerie,0.17320175297405924,6024.138830278403,12127.846143445031,0.05030940543750711,40
4,LightGBM_L1,revenue_window_xof_7j,categorie,Beaute & Soins,0.23887584303197112,12272.11168529196,22203.918201353896,0.17216548321023978,39
4,LightGBM_L1,revenue_window_xof_7j,categorie,Bebe & Enfant,0.19786078545807184,20456.87371822087,34241.20671385963,0.0017313192429794487,42
4,LightGBM_L1,revenue_window_xof_7j,categorie,Electronique & High-Tech,0.15877156548412485,196616.42009760212,361843.48039022164,-0.0009597880007344697,42
4,LightGBM_L1,revenue_window_xof_7j,categorie,Maison & Cuisine,0.26638531198658827,33998.407738126276,69884.3347661465,0.15551118789648635,32
4,LightGBM_L1,revenue_window_xof_7j,categorie,Mode & Vetements,0.20162849664900928,24127.10311901651,52960.149825133696,-0.06338596334692796,34
4,LightGBM_L1,revenue_window_xof_7j,categorie,Sport & Loisirs,0.09834087513142656,13149.653396227872,21768.7441288631,0.018388201097318365,30
4,LightGBM_L1,revenue_window_xof_7j,categorie,Telephonie & Accessoires,0.15878035117498887,98953.00646716739,196214.02180939636,0.022986130718070014,40
4,LightGBM_L1,revenue_window_xof_7j,classe_abc,A,0.14362669366094896,301405.71140549594,433669.88577058224,0.022382532463328407,36
4,LightGBM_L1,revenue_window_xof_7j,classe_abc,B,0.18475553913089643,56340.21875849869,84974.9124694807,-0.00899734429520093,50
4,LightGBM_L1,revenue_window_xof_7j,classe_abc,C,0.401893113578138,11408.075656898753,34105.694838315954,-0.026000371890172482,213
4,LightGBM_L1,revenue_window_xof_7j,treatment_group,controle_0pct,0.159002525764347,50456.794535424466,141609.79989730724,-0.035191130703161724,76
4,LightGBM_L1,revenue_window_xof_7j,treatment_group,traitement_10pct,0.19564416912661617,70908.53384408577,228217.60891776433,0.040187337577371106,76
4,LightGBM_L1,revenue_window_xof_7j,treatment_group,traitement_15pct,0.14079925396022128,42579.27790698874,85235.92727283812,0.000588643247684778,73
4,LightGBM_L1,revenue_window_xof_7j,treatment_group,traitement_5pct,0.1629925168741246,50884.92458634144,135893.59400319768,0.04870994739013672,74
4,LightGBM_Monotone,revenue_window_xof_7j,categorie,Alimentation & Epicerie,0.14384352796919667,5003.028938473028,12425.157782043696,0.040800307210203834,40
4,LightGBM_Monotone,revenue_window_xof_7j,categorie,Beaute & Soins,0.21148388744362348,10864.865418812982,20342.479731031428,0.14246049692213508,39
4,LightGBM_Monotone,revenue_window_xof_7j,categorie,Bebe & Enfant,0.2121102999952858,21930.13441896498,35615.68045138362,0.01728440830021214,42
4,LightGBM_Monotone,revenue_window_xof_7j,categorie,Electronique & High-Tech,0.14938722442081986,184995.22370002398,302325.0701791258,0.04481885078206565,42
4,LightGBM_Monotone,revenue_window_xof_7j,categorie,Maison & Cuisine,0.20599190857638872,26290.476927224485,53288.40861585384,0.08878451073892281,32
4,LightGBM_Monotone,revenue_window_xof_7j,categorie,Mode & Vetements,0.19152906307939435,22918.593016389834,44456.942962687914,-0.06853776221121669,34
4,LightGBM_Monotone,revenue_window_xof_7j,categorie,Sport & Loisirs,0.11051436051313035,14777.431399825242,24260.507424332503,0.011502871970315673,30
4,LightGBM_Monotone,revenue_window_xof_7j,categorie,Telephonie & Accessoires,0.1463408537399484,91200.6261441053,166695.95390370462,0.05038156876650972,40
4,LightGBM_Monotone,revenue_window_xof_7j,classe_abc,A,0.12895445425601412,270615.49655730353,359980.18871919974,0.05938485998612384,36
4,LightGBM_Monotone,revenue_window_xof_7j,classe_abc,B,0.18367634278238604,56011.12357334502,79189.81420490256,-0.009336998694456995,50
4,LightGBM_Monotone,revenue_window_xof_7j,classe_abc,C,0.41081728513556764,11661.39580810982,32356.38181121006,-0.03470584194826754,213
4,LightGBM_Monotone,revenue_window_xof_7j,treatment_group,controle_0pct,0.12905424993412123,40953.20965215369,107550.1114041285,-0.03395052285212596,76
4,LightGBM_Monotone,revenue_window_xof_7j,treatment_group,traitement_10pct,0.14608672459913188,52947.12079410462,143229.26462556125,0.07013266991594035,76
4,LightGBM_Monotone,revenue_window_xof_7j,treatment_group,traitement_15pct,0.1599969008804909,48384.86224346076,111759.06126055114,0.036583225954549624,73
4,LightGBM_Monotone,revenue_window_xof_7j,treatment_group,traitement_5pct,0.1886431947310153,58892.85546174735,158184.52189888302,0.0958147996419411,74
4,CatBoost_MAE,revenue_window_xof_7j,categorie,Alimentation & Epicerie,0.17331366561156367,6028.031269319077,14500.922292993118,0.008151900008065888,40
4,CatBoost_MAE,revenue_window_xof_7j,categorie,Beaute & Soins,0.2211388036301727,11360.881291533971,24422.894685252857,0.13937642992650476,39
4,CatBoost_MAE,revenue_window_xof_7j,categorie,Bebe & Enfant,0.23319016041189575,24109.586206452666,39647.00392971116,-0.009101263307868979,42
4,CatBoost_MAE,revenue_window_xof_7j,categorie,Electronique & High-Tech,0.17985549473883064,222725.92326343094,448107.29873226845,-0.0023451690442215806,42
4,CatBoost_MAE,revenue_window_xof_7j,categorie,Maison & Cuisine,0.42249189110946356,53922.085541693756,121593.87552057698,0.26433940727279565,32
4,CatBoost_MAE,revenue_window_xof_7j,categorie,Mode & Vetements,0.23485078699854892,28102.52146728989,64396.2755889423,-0.10851987779018592,34
4,CatBoost_MAE,revenue_window_xof_7j,categorie,Sport & Loisirs,0.16721073156844277,22358.588545365375,42104.943124027035,0.03035567590653254,30
4,CatBoost_MAE,revenue_window_xof_7j,categorie,Telephonie & Accessoires,0.1805289558899081,112506.88644716248,227741.776580004,0.004663509915698663,40
4,CatBoost_MAE,revenue_window_xof_7j,classe_abc,A,0.16540432341608827,347106.839947578,533021.6709274409,0.0256588885025502,36
4,CatBoost_MAE,revenue_window_xof_7j,classe_abc,B,0.26563500777903754,81003.9824439761,123194.88268796152,-0.01732040310694894,50
4,CatBoost_MAE,revenue_window_xof_7j,classe_abc,C,0.3898767966966947,11066.982347585,36666.76808366295,-0.11067554489563702,213
4,CatBoost_MAE,revenue_window_xof_7j,treatment_group,controle_0pct,0.18605704423454064,59042.09387669755,162777.77904251384,-0.039469954612366395,76
4,CatBoost_MAE,revenue_window_xof_7j,treatment_group,traitement_10pct,0.2373440143587357,86022.0682782312,303746.0426755441,0.029543280269010482,76
4,CatBoost_MAE,revenue_window_xof_7j,treatment_group,traitement_15pct,0.16433537086711214,49696.8643603446,95365.45322579547,-0.002963935038434275,73
4,CatBoost_MAE,revenue_window_xof_7j,treatment_group,traitement_5pct,0.1839896914659647,57440.06997658754,146292.98782821314,0.05232290235248107,74
4,Hurdle_zero_positif,revenue_window_xof_7j,categorie,Alimentation & Epicerie,0.1443995857216612,5022.369210964384,11437.007953227925,0.02355116451900189,40
4,Hurdle_zero_positif,revenue_window_xof_7j,categorie,Beaute & Soins,0.2219768528528767,11403.935597604674,20932.34552494404,0.15461601373017655,39
4,Hurdle_zero_positif,revenue_window_xof_7j,categorie,Bebe & Enfant,0.18860712917922168,19500.13599229906,31991.47109897323,0.009820746856787533,42
4,Hurdle_zero_positif,revenue_window_xof_7j,categorie,Electronique & High-Tech,0.14749219971176344,182648.50013428307,295423.504996077,0.047291628757978904,42
4,Hurdle_zero_positif,revenue_window_xof_7j,categorie,Maison & Cuisine,0.23044433908919293,29411.30853975864,54097.05528013013,0.12780946354892794,32
4,Hurdle_zero_positif,revenue_window_xof_7j,categorie,Mode & Vetements,0.17302337918199742,20704.181109834495,40134.24625530185,-0.06032517451550716,34
4,Hurdle_zero_positif,revenue_window_xof_7j,categorie,Sport & Loisirs,0.11628734524983067,15549.36624632595,25281.63937119702,0.010754200558913704,30
4,Hurdle_zero_positif,revenue_window_xof_7j,categorie,Telephonie & Accessoires,0.1460744829780136,91034.62205396855,164549.2424155589,0.05531535529391398,40
4,Hurdle_zero_positif,revenue_window_xof_7j,classe_abc,A,0.12707495373946365,266671.2980532624,352869.2840613326,0.06048587499579149,36
4,Hurdle_zero_positif,revenue_window_xof_7j,classe_abc,B,0.1635725808107586,49880.58831211092,71133.6225383848,-0.014378732356029189,50
4,Hurdle_zero_positif,revenue_window_xof_7j,classe_abc,C,0.462219520093048,13120.491685886316,33977.494067986256,0.031953640037151905,213
4,Hurdle_zero_positif,revenue_window_xof_7j,treatment_group,controle_0pct,0.1240474665617487,39364.39061491656,106029.96764526227,-0.027911675429454056,76
4,Hurdle_zero_positif,revenue_window_xof_7j,treatment_group,traitement_10pct,0.14665991925594266,53154.86730095509,139238.54657032675,0.07586331847655445,76
4,Hurdle_zero_positif,revenue_window_xof_7j,treatment_group,traitement_15pct,0.16833956444389067,50907.77753142717,117641.11715280675,0.04344962502100092,73
4,Hurdle_zero_positif,revenue_window_xof_7j,treatment_group,traitement_5pct,0.17925266629315292,55961.209638058746,149022.32153908812,0.09383518297231654,74
4,S_learner,revenue_window_xof_7j,categorie,Alimentation & Epicerie,0.15077042565888174,5243.953713362849,13348.784195064904,0.04483460172634453,40
4,S_learner,revenue_window_xof_7j,categorie,Beaute & Soins,0.22217338248369894,11414.032196525299,21338.135909087287,0.14559336245071167,39
4,S_learner,revenue_window_xof_7j,categorie,Bebe & Enfant,0.21329388337096858,22052.50538598239,35848.11795567702,0.013689509319120349,42
4,S_learner,revenue_window_xof_7j,categorie,Electronique & High-Tech,0.14905285991341527,184581.15993329644,299132.8984010372,0.047535260064080535,42
4,S_learner,revenue_window_xof_7j,categorie,Maison & Cuisine,0.19877506999692882,25369.401291428654,52065.006982949366,0.08545569386774436,32
4,S_learner,revenue_window_xof_7j,categorie,Mode & Vetements,0.18611775817545587,22271.06990534349,42916.683297383424,-0.06573230299972063,34
4,S_learner,revenue_window_xof_7j,categorie,Sport & Loisirs,0.11584814752452786,15490.638907847162,25350.913466550955,0.012707217989172834,30
4,S_learner,revenue_window_xof_7j,categorie,Telephonie & Accessoires,0.14438910530460355,89984.28310092792,167115.33694030944,0.04803293384589628,40
4,S_learner,revenue_window_xof_7j,classe_abc,A,0.12825354205028344,269144.6074306642,357130.5769040813,0.06071073445848175,36
4,S_learner,revenue_window_xof_7j,classe_abc,B,0.1822416516037123,55573.62213096554,77793.2062137797,-0.008869466527000632,50
4,S_learner,revenue_window_xof_7j,classe_abc,C,0.41327880025775715,11731.267995006796,32765.900929927277,-0.038944806859583375,213
4,S_learner,revenue_window_xof_7j,treatment_group,controle_0pct,0.12985104426226907,41206.05901733881,108718.93721525432,-0.03483767906910599,76
4,S_learner,revenue_window_xof_7j,treatment_group,traitement_10pct,0.14043892746036166,50900.15452699425,138412.15146437846,0.07568333671839103,76
4,S_learner,revenue_window_xof_7j,treatment_group,traitement_15pct,0.16110459887533068,48719.84257490927,114532.69159587748,0.03587857101492973,73
4,S_learner,revenue_window_xof_7j,treatment_group,traitement_5pct,0.19089211619620108,59594.950265553336,156433.45141113165,0.09433109032524935,74
4,T_learner,revenue_window_xof_7j,categorie,Alimentation & Epicerie,0.13596159586054052,4728.887063705252,11266.561070885005,0.005902985552533627,40
4,T_learner,revenue_window_xof_7j,categorie,Beaute & Soins,0.19168432502608143,9847.674068595688,18508.764928865505,0.10745284930750239,39
4,T_learner,revenue_window_xof_7j,categorie,Bebe & Enfant,0.15005157142548742,15513.867696245768,26960.870432455642,0.008255372586247495,42
4,T_learner,revenue_window_xof_7j,categorie,Electronique & High-Tech,0.13680077594048823,169408.66426540562,265277.78640951077,0.03291530987973149,42
4,T_learner,revenue_window_xof_7j,categorie,Maison & Cuisine,0.16195063682616576,20669.547217912703,40967.17717085203,0.07785970053637127,32
4,T_learner,revenue_window_xof_7j,categorie,Mode & Vetements,0.1515142763585526,18130.376561154237,40136.45349348715,-0.07788061760201027,34
4,T_learner,revenue_window_xof_7j,categorie,Sport & Loisirs,0.11362019356278089,15192.727969587031,26518.54398819562,-0.0036699020313109734,30
4,T_learner,revenue_window_xof_7j,categorie,Telephonie & Accessoires,0.12359036804094604,77022.36704689785,144167.6173234799,0.06616377470549625,40
4,T_learner,revenue_window_xof_7j,classe_abc,A,0.11337787919808183,237927.50126250074,312741.14958039916,0.055814064746770746,36
4,T_learner,revenue_window_xof_7j,classe_abc,B,0.15473479533462928,47185.55264818402,65980.69767791902,-0.01047933750571616,50
4,T_learner,revenue_window_xof_7j,classe_abc,C,0.3687992131847686,10468.677327556572,32632.905122146225,-0.07438475984020777,213
4,T_learner,revenue_window_xof_7j,treatment_group,controle_0pct,0.11263269675866305,35742.10416471851,109498.49088646224,-0.025082329214414074,76
4,T_learner,revenue_window_xof_7j,treatment_group,traitement_10pct,0.12062655803884709,43719.43417162399,113159.67755722371,0.04935273680602936,76
4,T_learner,revenue_window_xof_7j,treatment_group,traitement_15pct,0.1587027695418588,47993.50237211282,104995.6511889741,0.03328436834009922,73
4,T_learner,revenue_window_xof_7j,treatment_group,traitement_5pct,0.15634418421864518,48809.36975543934,131332.5616820688,0.09167006272500969,74
4,Ensemble_contraint,revenue_window_xof_7j,categorie,Alimentation & Epicerie,0.13395979792542886,4659.262429634238,11481.89439870644,0.02341815242724643,40
4,Ensemble_contraint,revenue_window_xof_7j,categorie,Beaute & Soins,0.20815921773382778,10694.062387926937,19612.541938857594,0.13484311998660467,39
4,Ensemble_contraint,revenue_window_xof_7j,categorie,Bebe & Enfant,0.17990848954351152,18600.78156925831,30746.724699837127,0.011786842581082379,42
4,Ensemble_contraint,revenue_window_xof_7j,categorie,Electronique & High-Tech,0.14456006669102384,179017.46269990425,284842.9586400069,0.04167526313992531,42
4,Ensemble_contraint,revenue_window_xof_7j,categorie,Maison & Cuisine,0.19587979698351907,24999.881396773,46741.68280359215,0.09815122494140731,32
4,Ensemble_contraint,revenue_window_xof_7j,categorie,Mode & Vetements,0.17161011454230107,20535.06820038415,41200.446142956775,-0.06891451810957808,34
4,Ensemble_contraint,revenue_window_xof_7j,categorie,Sport & Loisirs,0.10756606084840566,14383.199411879925,24526.436107774447,0.006195723499306186,30
4,Ensemble_contraint,revenue_window_xof_7j,categorie,Telephonie & Accessoires,0.13851082374062548,86320.89761707102,155568.9060711281,0.05728689958863998,40
4,Ensemble_contraint,revenue_window_xof_7j,classe_abc,A,0.1229135021729947,257938.34432509256,337612.3946186398,0.05856159990956202,36
4,Ensemble_contraint,revenue_window_xof_7j,classe_abc,B,0.16539498936420452,50436.32210527075,71179.66073720156,-0.011398356185400787,50
4,Ensemble_contraint,revenue_window_xof_7j,classe_abc,C,0.40989964733158374,11635.347883575172,32481.749924079457,-0.02571232058377447,213
4,Ensemble_contraint,revenue_window_xof_7j,treatment_group,controle_0pct,0.12187939214303369,38676.38842780198,105927.05515492761,-0.028981509165331387,76
4,Ensemble_contraint,revenue_window_xof_7j,treatment_group,traitement_10pct,0.13621423420001566,49368.97265549031,129829.10745749577,0.06511624173284135,76
4,Ensemble_contraint,revenue_window_xof_7j,treatment_group,traitement_15pct,0.1617383622464576,48911.499746005546,110920.05850225952,0.03777240643854988,73
4,Ensemble_contraint,revenue_window_xof_7j,treatment_group,traitement_5pct,0.17417995125223457,54377.54968080761,144703.24074345667,0.09377334844642249,74
5,baseline_moyenne_produit,revenue_window_xof_7j,categorie,Alimentation & Epicerie,0.11663982824865922,4042.949314785082,8024.697257627444,0.004055765693555011,40
5,baseline_moyenne_produit,revenue_window_xof_7j,categorie,Beaute & Soins,0.14125523704612897,7786.933989492091,14161.107824531113,0.032967607037002855,39
5,baseline_moyenne_produit,revenue_window_xof_7j,categorie,Bebe & Enfant,0.09663228513516416,10341.973684305809,17328.095793353503,-0.04010072848335779,42
5,baseline_moyenne_produit,revenue_window_xof_7j,categorie,Electronique & High-Tech,0.13578508039218742,174345.13677625262,295122.9092033374,-0.008203794097239857,42
5,baseline_moyenne_produit,revenue_window_xof_7j,categorie,Maison & Cuisine,0.14242781226044035,19796.63359167331,39105.879439783064,-0.06769579607165715,32
5,baseline_moyenne_produit,revenue_window_xof_7j,categorie,Mode & Vetements,0.1684605238907111,17516.163579501903,40988.106425058155,0.08718318084866472,34
5,baseline_moyenne_produit,revenue_window_xof_7j,categorie,Sport & Loisirs,0.09854596541484582,13066.823824205494,26668.004863413833,-0.0011078777618777568,30
5,baseline_moyenne_produit,revenue_window_xof_7j,categorie,Telephonie & Accessoires,0.176109486846228,112561.19033954747,219402.77272310806,0.004068307247412401,41
5,baseline_moyenne_produit,revenue_window_xof_7j,classe_abc,A,0.129438121520137,282145.7979658845,384493.6027505818,0.007257889254566881,36
5,baseline_moyenne_produit,revenue_window_xof_7j,classe_abc,B,0.11791866424368715,35851.33033213087,54049.273820640316,-0.014964739691114108,50
5,baseline_moyenne_produit,revenue_window_xof_7j,classe_abc,C,0.38884108317639454,11721.99602537796,38305.19576138183,-0.1207346681815309,214
5,baseline_moyenne_produit,revenue_window_xof_7j,treatment_group,controle_0pct,0.09937049137410892,30767.99371871276,108358.58413589011,-0.020174049114863504,76
5,baseline_moyenne_produit,revenue_window_xof_7j,treatment_group,traitement_10pct,0.1722466117305957,65782.30306858374,189630.9387880289,-0.015355884152359908,77
5,baseline_moyenne_produit,revenue_window_xof_7j,treatment_group,traitement_15pct,0.1573696201282557,49277.69239931238,112958.30489205586,-0.0009710658966636025,73
5,baseline_moyenne_produit,revenue_window_xof_7j,treatment_group,traitement_5pct,0.14212167436278755,46722.243091302014,126780.10594750676,0.021032278348671846,74
5,baseline_mediane_produit,revenue_window_xof_7j,categorie,Alimentation & Epicerie,0.11699686903387228,4055.325,8518.732515756084,-0.0016783594054842756,40
5,baseline_mediane_produit,revenue_window_xof_7j,categorie,Beaute & Soins,0.1445611763299551,7969.179487179487,15939.033463280944,0.030956198332884485,39
5,baseline_mediane_produit,revenue_window_xof_7j,categorie,Bebe & Enfant,0.07936114907915626,8493.547619047618,16696.64358379509,-0.044003036257110106,42
5,baseline_mediane_produit,revenue_window_xof_7j,categorie,Electronique & High-Tech,0.12936185833538502,166097.85714285713,290936.9379554696,-0.014011470781639087,42
5,baseline_mediane_produit,revenue_window_xof_7j,categorie,Maison & Cuisine,0.12856902931845382,17870.34375,45992.24908238615,-0.09144786437739176,32
5,baseline_mediane_produit,revenue_window_xof_7j,categorie,Mode & Vetements,0.15438949527430473,16053.088235294117,42069.5805985191,0.07885531053417201,34
5,baseline_mediane_produit,revenue_window_xof_7j,categorie,Sport & Loisirs,0.09061041703799028,12014.6,31375.61639341396,0.003653195779568399,30
5,baseline_mediane_produit,revenue_window_xof_7j,categorie,Telephonie & Accessoires,0.1757126667966402,112307.56097560975,225140.4907487442,0.008473464128817413,41
5,baseline_mediane_produit,revenue_window_xof_7j,classe_abc,A,0.12804692546495242,279113.30555555556,383813.4237189485,0.009299576973138482,36
5,baseline_mediane_produit,revenue_window_xof_7j,classe_abc,B,0.10972412990109014,33359.91,55822.89174079931,-0.005516053446583676,50
5,baseline_mediane_produit,revenue_window_xof_7j,classe_abc,C,0.336753786868881,10151.773364485982,40793.898423022736,-0.2211132278445694,214
5,baseline_mediane_produit,revenue_window_xof_7j,treatment_group,controle_0pct,0.07772202818227752,24065.0,96218.30857619125,-0.01236963922452204,76
5,baseline_mediane_produit,revenue_window_xof_7j,treatment_group,traitement_10pct,0.1564136786850402,59735.58441558442,181418.9207048366,-0.02809671379405596,77
5,baseline_mediane_produit,revenue_window_xof_7j,treatment_group,traitement_15pct,0.1636905040531102,51256.97260273973,125466.86222784633,-0.006136864399624441,73
5,baseline_mediane_produit,revenue_window_xof_7j,treatment_group,traitement_5pct,0.15284083776270724,50246.14864864865,138921.57702649012,0.019609397910155996,74
5,GLM_Poisson,revenue_window_xof_7j,categorie,Alimentation & Epicerie,0.6008077198369385,20825.09204363699,37468.531087036325,0.4630012208307202,40
5,GLM_Poisson,revenue_window_xof_7j,categorie,Beaute & Soins,0.30025380135091484,16551.998921286853,30084.21867375075,0.05297062870416091,39
5,GLM_Poisson,revenue_window_xof_7j,categorie,Bebe & Enfant,0.29374922371837386,31438.21691923524,48162.129096093355,-0.014794185950078961,42
5,GLM_Poisson,revenue_window_xof_7j,categorie,Electronique & High-Tech,0.2991908745547936,384154.67881892103,619846.3778178055,-0.007703488189055293,42
5,GLM_Poisson,revenue_window_xof_7j,categorie,Maison & Cuisine,0.3336775659756009,46379.231742332355,89477.61936887965,0.14395886678523115,32
5,GLM_Poisson,revenue_window_xof_7j,categorie,Mode & Vetements,0.3699094472208364,38462.39010468001,58614.99442261418,0.08392623238992647,34
5,GLM_Poisson,revenue_window_xof_7j,categorie,Sport & Loisirs,0.3087157296121721,40934.542917325816,69146.93657057021,0.05141198670446313,30
5,GLM_Poisson,revenue_window_xof_7j,categorie,Telephonie & Accessoires,0.26060752030269874,166568.4979385757,341619.03383632604,0.028505037574798782,41
5,GLM_Poisson,revenue_window_xof_7j,classe_abc,A,0.26112314551332827,569189.334586859,749988.6574497891,0.038675614644437535,36
5,GLM_Poisson,revenue_window_xof_7j,classe_abc,B,0.3051588523485575,92778.78857848227,136495.21942133602,-0.062443087627007884,50
5,GLM_Poisson,revenue_window_xof_7j,classe_abc,C,0.7212379587400756,21742.426023094977,45654.16023679749,0.011887376193639158,214
5,GLM_Poisson,revenue_window_xof_7j,treatment_group,controle_0pct,0.29076377949614923,90028.92123664841,270746.4057448017,-0.011940269007801726,76
5,GLM_Poisson,revenue_window_xof_7j,treatment_group,traitement_10pct,0.3599134937200332,137453.7257046,344270.2477830203,0.12993681484031372,77
5,GLM_Poisson,revenue_window_xof_7j,treatment_group,traitement_15pct,0.26491683054419385,82954.32165571845,192491.25228781623,-0.07537413519868634,73
5,GLM_Poisson,revenue_window_xof_7j,treatment_group,traitement_5pct,0.2590019103953317,85146.40903900594,238940.39602544848,0.01419345094075475,74
5,GLM_Tweedie,revenue_window_xof_7j,categorie,Alimentation & Epicerie,0.5093576253718891,17655.26487305598,30932.432021167908,0.3432142116091728,40
5,GLM_Tweedie,revenue_window_xof_7j,categorie,Beaute & Soins,0.2812433784788447,15504.017188979122,28432.782025676337,0.019947908626261963,39
5,GLM_Tweedie,revenue_window_xof_7j,categorie,Bebe & Enfant,0.28332461903769895,30322.534027890695,47964.579211671844,-0.018847610805819395,42
5,GLM_Tweedie,revenue_window_xof_7j,categorie,Electronique & High-Tech,0.30984185137094916,397830.30506924196,671412.6265738305,-0.012005821685030857,42
5,GLM_Tweedie,revenue_window_xof_7j,categorie,Maison & Cuisine,0.32968271174918273,45823.97034978962,88161.45375722737,0.13878171855120627,32
5,GLM_Tweedie,revenue_window_xof_7j,categorie,Mode & Vetements,0.3497310506415088,36364.28375256594,55193.808972227365,0.07806438276452583,34
5,GLM_Tweedie,revenue_window_xof_7j,categorie,Sport & Loisirs,0.3140725600112491,41644.838450848925,74761.58540627762,0.09963187609932896,30
5,GLM_Tweedie,revenue_window_xof_7j,categorie,Telephonie & Accessoires,0.26335700151823394,168325.84153192278,364709.8336831419,0.0310459534464207,41
5,GLM_Tweedie,revenue_window_xof_7j,classe_abc,A,0.2709069824487491,590515.8838823303,812161.2618053028,0.03820743002504222,36
5,GLM_Tweedie,revenue_window_xof_7j,classe_abc,B,0.29013296615784523,88210.40228602078,133356.662820668,-0.06439561071124443,50
5,GLM_Tweedie,revenue_window_xof_7j,classe_abc,C,0.6940761665078151,20923.607142158304,45257.14389561497,-0.020081845627651928,214
5,GLM_Tweedie,revenue_window_xof_7j,treatment_group,controle_0pct,0.2973743524171884,92075.7468415042,300075.48798834794,-0.011136041351782382,76
5,GLM_Tweedie,revenue_window_xof_7j,treatment_group,traitement_10pct,0.363945769606431,138993.68281464194,358639.93098522077,0.13873075135117882,77
5,GLM_Tweedie,revenue_window_xof_7j,treatment_group,traitement_15pct,0.26142549223328043,81861.06683813097,209277.07684969253,-0.09521832696059579,73
5,GLM_Tweedie,revenue_window_xof_7j,treatment_group,traitement_5pct,0.26598093877575973,87440.7519813716,263263.6496786608,0.010223594536657981,74
5,LightGBM_Poisson,revenue_window_xof_7j,categorie,Alimentation & Epicerie,0.3074243035145237,10655.887409167306,13824.995559613393,0.19559366550992965,40
5,LightGBM_Poisson,revenue_window_xof_7j,categorie,Beaute & Soins,0.2077307571773914,11451.509533762,15321.54812191431,0.15733047990771765,39
5,LightGBM_Poisson,revenue_window_xof_7j,categorie,Bebe & Enfant,0.18747179389564733,20063.981269887758,28077.800163066546,0.03135976214942896,42
5,LightGBM_Poisson,revenue_window_xof_7j,categorie,Electronique & High-Tech,0.14954951390623114,192018.37478386264,333163.9588552253,-0.008272818445880795,42
5,LightGBM_Poisson,revenue_window_xof_7j,categorie,Maison & Cuisine,0.1732943437547597,24086.90109309028,41749.212529944816,0.0390951932428567,32
5,LightGBM_Poisson,revenue_window_xof_7j,categorie,Mode & Vetements,0.21485759319676534,22340.431228708385,35754.10845719962,0.07528360117787715,34
5,LightGBM_Poisson,revenue_window_xof_7j,categorie,Sport & Loisirs,0.16249361558104838,21546.04136676166,35003.73469850975,0.07539918487745312,30
5,LightGBM_Poisson,revenue_window_xof_7j,categorie,Telephonie & Accessoires,0.1706156753236186,109049.79537974048,225772.84230894587,-0.008983690622106542,41
5,LightGBM_Poisson,revenue_window_xof_7j,classe_abc,A,0.1365282761630197,297600.72975818836,423649.65066766256,0.0017210289908829014,36
5,LightGBM_Poisson,revenue_window_xof_7j,classe_abc,B,0.12777735992426262,38848.71295815723,58756.8989683668,0.00010425360818182755,50
5,LightGBM_Poisson,revenue_window_xof_7j,classe_abc,C,0.5846968569709806,17626.260521333967,37682.87239520064,0.10419325636121847,214
5,LightGBM_Poisson,revenue_window_xof_7j,treatment_group,controle_0pct,0.13845178098906533,42868.69742626707,134196.05399223944,0.0035657129702307663,76
5,LightGBM_Poisson,revenue_window_xof_7j,treatment_group,traitement_10pct,0.18495251026843992,70634.78324208304,203672.9020786596,0.00011943335148940856,77
5,LightGBM_Poisson,revenue_window_xof_7j,treatment_group,traitement_15pct,0.17796481446262433,55726.73669697258,120595.55878803514,0.0009788389810719176,73
5,LightGBM_Poisson,revenue_window_xof_7j,treatment_group,traitement_5pct,0.15057653910630606,49501.76456557324,133217.3092774947,0.02873381331207895,74
5,LightGBM_Tweedie,revenue_window_xof_7j,categorie,Alimentation & Epicerie,0.1658240122945595,5747.76289495187,11171.938788249394,0.043391442135388744,40
5,LightGBM_Tweedie,revenue_window_xof_7j,categorie,Beaute & Soins,0.1462218717834783,8060.728134462644,14821.851952884273,0.0702561315952378,39
5,LightGBM_Tweedie,revenue_window_xof_7j,categorie,Bebe & Enfant,0.16036112468134442,17162.489007896205,27279.408338747344,-0.024145742609641713,42
5,LightGBM_Tweedie,revenue_window_xof_7j,categorie,Electronique & High-Tech,0.14891496533226198,191203.6279972474,343008.1538010999,0.0024618133882125448,42
5,LightGBM_Tweedie,revenue_window_xof_7j,categorie,Maison & Cuisine,0.121366806309091,16869.27683968928,33435.15206274231,-0.005629396983440269,32
5,LightGBM_Tweedie,revenue_window_xof_7j,categorie,Mode & Vetements,0.19752734670928793,20538.469407999117,38423.87046283588,0.07214543294669513,34
5,LightGBM_Tweedie,revenue_window_xof_7j,categorie,Sport & Loisirs,0.12850414120632347,17039.16509169328,34316.528093087814,0.023778699459005063,30
5,LightGBM_Tweedie,revenue_window_xof_7j,categorie,Telephonie & Accessoires,0.16216471399931054,103648.32449243849,215171.57184865707,-0.008529153521352245,41
5,LightGBM_Tweedie,revenue_window_xof_7j,classe_abc,A,0.13519889356014367,294702.9766782963,425105.61470512685,0.01318703524464887,36
5,LightGBM_Tweedie,revenue_window_xof_7j,classe_abc,B,0.12764342545770863,38807.99227297917,61748.99912567865,-0.00817476045411395,50
5,LightGBM_Tweedie,revenue_window_xof_7j,classe_abc,C,0.4254732623299283,12826.30901342676,38028.47409782389,-0.08897775076330482,214
5,LightGBM_Tweedie,revenue_window_xof_7j,treatment_group,controle_0pct,0.12401597442334514,38398.951935460755,137390.32080738226,-0.006122689472330403,76
5,LightGBM_Tweedie,revenue_window_xof_7j,treatment_group,traitement_10pct,0.179293890823269,68473.7130442308,206493.84337802167,-0.0023160218353347355,77
5,LightGBM_Tweedie,revenue_window_xof_7j,treatment_group,traitement_15pct,0.16388021055243512,51316.37605375057,117238.77407944003,-0.002311780657304355,73
5,LightGBM_Tweedie,revenue_window_xof_7j,treatment_group,traitement_5pct,0.13801926601985479,45373.583777248256,131757.22177969987,0.02472742666732138,74
5,LightGBM_L1,revenue_window_xof_7j,categorie,Alimentation & Epicerie,0.12754758195271035,4421.031964818004,8234.620062340693,0.014959661941466532,40
5,LightGBM_L1,revenue_window_xof_7j,categorie,Beaute & Soins,0.1484429421787414,8183.1683987360375,16817.848411918323,0.04329100840975744,39
5,LightGBM_L1,revenue_window_xof_7j,categorie,Bebe & Enfant,0.1227256828606108,13134.593482474009,23072.90402392173,-0.03958372952240497,42
5,LightGBM_L1,revenue_window_xof_7j,categorie,Electronique & High-Tech,0.16181554176618182,207767.69200463346,354452.7959932209,-0.04359580074641884,42
5,LightGBM_L1,revenue_window_xof_7j,categorie,Maison & Cuisine,0.14351284213372764,19947.44640341692,44433.67121067614,0.016171301326427506,32
5,LightGBM_L1,revenue_window_xof_7j,categorie,Mode & Vetements,0.1844963116166501,19183.53035746551,37958.61158898203,0.057687746417280014,34
5,LightGBM_L1,revenue_window_xof_7j,categorie,Sport & Loisirs,0.11613129887179856,15398.572802508072,36232.6489810575,0.043706736972947885,30
5,LightGBM_L1,revenue_window_xof_7j,categorie,Telephonie & Accessoires,0.16952312896046753,108351.48933536024,248086.18322088066,-0.05268891375426686,41
5,LightGBM_L1,revenue_window_xof_7j,classe_abc,A,0.14828367844518903,323224.8451143175,454312.08225125045,-0.02520091915464542,36
5,LightGBM_L1,revenue_window_xof_7j,classe_abc,B,0.1188489181964571,36134.159534508915,62326.7702254863,-0.013090686210689883,50
5,LightGBM_L1,revenue_window_xof_7j,classe_abc,C,0.39155340673254246,11803.761680603959,41197.291446358126,-0.18129063708704873,214
5,LightGBM_L1,revenue_window_xof_7j,treatment_group,controle_0pct,0.13618196421865833,42165.896150266664,156728.8757424524,-0.027757028060608813,76
5,LightGBM_L1,revenue_window_xof_7j,treatment_group,traitement_10pct,0.18215927563947812,69568.02549829984,212151.8113764394,-0.034171822627896004,77
5,LightGBM_L1,revenue_window_xof_7j,treatment_group,traitement_15pct,0.15995920423163698,50088.57780899038,104620.82885463895,-0.042286940039125996,73
5,LightGBM_L1,revenue_window_xof_7j,treatment_group,traitement_5pct,0.15418829764161343,50689.12364384415,158382.37061679465,-0.02965494301553755,74
5,LightGBM_Monotone,revenue_window_xof_7j,categorie,Alimentation & Epicerie,0.16350016244478838,5667.214018132827,11115.905932113119,0.04522345678852077,40
5,LightGBM_Monotone,revenue_window_xof_7j,categorie,Beaute & Soins,0.14827604827151408,8173.968089664289,15026.953156694126,0.07580098339083036,39
5,LightGBM_Monotone,revenue_window_xof_7j,categorie,Bebe & Enfant,0.1590486065289767,17022.0180651572,26484.777540528852,-0.02013517434459079,42
5,LightGBM_Monotone,revenue_window_xof_7j,categorie,Electronique & High-Tech,0.14838105156278117,190518.09414553115,341645.81595737196,0.005403862516829106,42
5,LightGBM_Monotone,revenue_window_xof_7j,categorie,Maison & Cuisine,0.12751153282443015,17723.357917075846,34067.78415460342,-0.005368369754027197,32
5,LightGBM_Monotone,revenue_window_xof_7j,categorie,Mode & Vetements,0.190793677809551,19838.3169733877,37345.40402200897,0.07167041338226213,34
5,LightGBM_Monotone,revenue_window_xof_7j,categorie,Sport & Loisirs,0.1246235819138631,16524.61754628637,31792.182454730326,0.025901689527025273,30
5,LightGBM_Monotone,revenue_window_xof_7j,categorie,Telephonie & Accessoires,0.16287343990053402,104101.30991925903,215713.2633323733,-0.00711347865793632,41
5,LightGBM_Monotone,revenue_window_xof_7j,classe_abc,A,0.13416886301959086,292457.7433159727,423936.55402782746,0.015402251241488309,36
5,LightGBM_Monotone,revenue_window_xof_7j,classe_abc,B,0.1288029781582887,39160.536182568416,61875.28984528361,-0.006859901074701506,50
5,LightGBM_Monotone,revenue_window_xof_7j,classe_abc,C,0.43111013139915927,12996.237963025758,37863.679888865874,-0.08241318584350332,214
5,LightGBM_Monotone,revenue_window_xof_7j,treatment_group,controle_0pct,0.11884704892968438,36798.502295711005,133388.9639182249,-0.005640186346226341,76
5,LightGBM_Monotone,revenue_window_xof_7j,treatment_group,traitement_10pct,0.1788750623230877,68313.75922536684,205540.863359178,0.0025137502018079834,77
5,LightGBM_Monotone,revenue_window_xof_7j,treatment_group,traitement_15pct,0.1650839484423213,51693.30665457979,116153.7157093843,-0.0003341219518015841,73
5,LightGBM_Monotone,revenue_window_xof_7j,treatment_group,traitement_5pct,0.14129123029510648,46449.23610782896,136464.7899933049,0.026272199795355788,74
5,CatBoost_MAE,revenue_window_xof_7j,categorie,Alimentation & Epicerie,0.1780089162289303,6170.113902766842,12404.545611280979,0.03672085128358256,40
5,CatBoost_MAE,revenue_window_xof_7j,categorie,Beaute & Soins,0.20167557398915276,11117.707313277258,23102.418997983143,0.0786784616197348,39
5,CatBoost_MAE,revenue_window_xof_7j,categorie,Bebe & Enfant,0.1983758522512695,21230.97721133987,37695.54930593057,-0.06272866015607709,42
5,CatBoost_MAE,revenue_window_xof_7j,categorie,Electronique & High-Tech,0.1899066687314405,243836.09774414127,416584.70546501863,-0.023803641220240774,42
5,CatBoost_MAE,revenue_window_xof_7j,categorie,Maison & Cuisine,0.26551532517778753,36905.07859453096,78704.34193269638,0.1770047846732243,32
5,CatBoost_MAE,revenue_window_xof_7j,categorie,Mode & Vetements,0.23457086133629004,24390.174524309863,51676.56683279175,0.03759530647309956,34
5,CatBoost_MAE,revenue_window_xof_7j,categorie,Sport & Loisirs,0.1805547437831356,23940.878936108864,45061.225000132414,0.0672763027852045,30
5,CatBoost_MAE,revenue_window_xof_7j,categorie,Telephonie & Accessoires,0.18724474249947534,119678.34032113315,290498.4034831376,-0.05473907210384305,41
5,CatBoost_MAE,revenue_window_xof_7j,classe_abc,A,0.1728359249481283,376743.1834529127,537208.7852552941,-0.010117253675379089,36
5,CatBoost_MAE,revenue_window_xof_7j,classe_abc,B,0.19290582112417837,58650.0055819969,87990.63761878206,0.008837111701145144,50
5,CatBoost_MAE,revenue_window_xof_7j,classe_abc,C,0.4577762067688139,13800.112972688052,43710.29737417991,-0.1445653708717355,214
5,CatBoost_MAE,revenue_window_xof_7j,treatment_group,controle_0pct,0.1797160987672442,55645.33013331612,203473.57963608764,-0.005958643618128587,76
5,CatBoost_MAE,revenue_window_xof_7j,treatment_group,traitement_10pct,0.23754105277166665,90718.75125820324,255327.35958675723,-0.020220309987982934,77
5,CatBoost_MAE,revenue_window_xof_7j,treatment_group,traitement_15pct,0.1631875253902823,51099.473157738525,109635.02057388122,-0.04694234350866935,73
5,CatBoost_MAE,revenue_window_xof_7j,treatment_group,traitement_5pct,0.18513424684083585,60862.54840582915,170118.84966192394,0.008865358963247477,74
5,Hurdle_zero_positif,revenue_window_xof_7j,categorie,Alimentation & Epicerie,0.14779851782935985,5122.966360260651,9728.18951044109,0.02346110970751938,40
5,Hurdle_zero_positif,revenue_window_xof_7j,categorie,Beaute & Soins,0.13490507805104437,7436.870728465139,12730.633774784228,0.0744750602688028,39
5,Hurdle_zero_positif,revenue_window_xof_7j,categorie,Bebe & Enfant,0.14015770686951326,15000.238420002786,22512.52999974734,-0.026271975023445165,42
5,Hurdle_zero_positif,revenue_window_xof_7j,categorie,Electronique & High-Tech,0.149225860065867,191602.8101805685,334284.37910948915,0.002282047556082228,42
5,Hurdle_zero_positif,revenue_window_xof_7j,categorie,Maison & Cuisine,0.12953199238936536,18004.18998954126,33726.462593797696,-0.007842794771383409,32
5,Hurdle_zero_positif,revenue_window_xof_7j,categorie,Mode & Vetements,0.18125904365376583,18846.926185289547,37306.25186296976,0.07765620723203806,34
5,Hurdle_zero_positif,revenue_window_xof_7j,categorie,Sport & Loisirs,0.11810206430878023,15659.888876235364,30279.696667304794,0.015988162967917885,30
5,Hurdle_zero_positif,revenue_window_xof_7j,categorie,Telephonie & Accessoires,0.165938336084447,106060.25244363089,213437.25407434744,0.000599856424234263,41
5,Hurdle_zero_positif,revenue_window_xof_7j,classe_abc,A,0.1365394093407806,297624.9975649701,417263.4150856012,0.014248475684047898,36
5,Hurdle_zero_positif,revenue_window_xof_7j,classe_abc,B,0.11948449304944163,36327.39615359115,55894.62043458715,-0.013587560981091663,50
5,Hurdle_zero_positif,revenue_window_xof_7j,classe_abc,C,0.4148987668211339,12507.530469472766,36146.071592014545,-0.06122298152210307,214
5,Hurdle_zero_positif,revenue_window_xof_7j,treatment_group,controle_0pct,0.11496990207332257,35598.02488563201,129639.59835573327,-0.008057348547207577,76
5,Hurdle_zero_positif,revenue_window_xof_7j,treatment_group,traitement_10pct,0.17830356795315677,68095.50113908538,201754.8155497721,-0.003022848568900077,77
5,Hurdle_zero_positif,revenue_window_xof_7j,treatment_group,traitement_15pct,0.16427420192967174,51439.7479337845,114356.48359396521,0.0023554913500809546,73
5,Hurdle_zero_positif,revenue_window_xof_7j,treatment_group,traitement_5pct,0.14401789993630115,47345.62381488885,134440.81303068958,0.03046934024685321,74
5,S_learner,revenue_window_xof_7j,categorie,Alimentation & Epicerie,0.1658240122945595,5747.76289495187,11171.938788249394,0.043391442135388744,40
5,S_learner,revenue_window_xof_7j,categorie,Beaute & Soins,0.1462218717834783,8060.728134462644,14821.851952884273,0.0702561315952378,39
5,S_learner,revenue_window_xof_7j,categorie,Bebe & Enfant,0.16036112468134442,17162.489007896205,27279.408338747344,-0.024145742609641713,42
5,S_learner,revenue_window_xof_7j,categorie,Electronique & High-Tech,0.14891496533226198,191203.6279972474,343008.1538010999,0.0024618133882125448,42
5,S_learner,revenue_window_xof_7j,categorie,Maison & Cuisine,0.121366806309091,16869.27683968928,33435.15206274231,-0.005629396983440269,32
5,S_learner,revenue_window_xof_7j,categorie,Mode & Vetements,0.19752734670928793,20538.469407999117,38423.87046283588,0.07214543294669513,34
5,S_learner,revenue_window_xof_7j,categorie,Sport & Loisirs,0.12850414120632347,17039.16509169328,34316.528093087814,0.023778699459005063,30
5,S_learner,revenue_window_xof_7j,categorie,Telephonie & Accessoires,0.16216471399931054,103648.32449243849,215171.57184865707,-0.008529153521352245,41
5,S_learner,revenue_window_xof_7j,classe_abc,A,0.13519889356014367,294702.9766782963,425105.61470512685,0.01318703524464887,36
5,S_learner,revenue_window_xof_7j,classe_abc,B,0.12764342545770863,38807.99227297917,61748.99912567865,-0.00817476045411395,50
5,S_learner,revenue_window_xof_7j,classe_abc,C,0.4254732623299283,12826.30901342676,38028.47409782389,-0.08897775076330482,214
5,S_learner,revenue_window_xof_7j,treatment_group,controle_0pct,0.12401597442334514,38398.951935460755,137390.32080738226,-0.006122689472330403,76
5,S_learner,revenue_window_xof_7j,treatment_group,traitement_10pct,0.179293890823269,68473.7130442308,206493.84337802167,-0.0023160218353347355,77
5,S_learner,revenue_window_xof_7j,treatment_group,traitement_15pct,0.16388021055243512,51316.37605375057,117238.77407944003,-0.002311780657304355,73
5,S_learner,revenue_window_xof_7j,treatment_group,traitement_5pct,0.13801926601985479,45373.583777248256,131757.22177969987,0.02472742666732138,74
5,T_learner,revenue_window_xof_7j,categorie,Alimentation & Epicerie,0.12494312928389038,4330.756882190583,8136.445364870393,0.006296380855112019,40
5,T_learner,revenue_window_xof_7j,categorie,Beaute & Soins,0.14123692240357713,7785.92436382741,13180.885816145828,0.0363465213411324,39
5,T_learner,revenue_window_xof_7j,categorie,Bebe & Enfant,0.11719182531433563,12542.337912441455,18897.909543902224,-0.03049151275290586,42
5,T_learner,revenue_window_xof_7j,categorie,Electronique & High-Tech,0.13157745595165926,168942.63705781382,292316.2347645391,-0.012630537785497432,42
5,T_learner,revenue_window_xof_7j,categorie,Maison & Cuisine,0.14938721729243193,20763.950222096984,37206.8860535133,-0.018773744643554816,32
5,T_learner,revenue_window_xof_7j,categorie,Mode & Vetements,0.18956342980435628,19710.398427222386,42292.041867919375,0.05727033531337388,34
5,T_learner,revenue_window_xof_7j,categorie,Sport & Loisirs,0.08437736273347757,11188.120477059496,21690.822524606,0.012982816643108505,30
5,T_learner,revenue_window_xof_7j,categorie,Telephonie & Accessoires,0.16891965418451438,107965.77565043824,222145.54925338936,0.004583489843411057,41
5,T_learner,revenue_window_xof_7j,classe_abc,A,0.12705642599840067,276954.24098406034,383850.79810347897,0.00775295042285634,36
5,T_learner,revenue_window_xof_7j,classe_abc,B,0.12325414110389805,37473.498838038984,54987.1324689788,-0.008394341790543196,50
5,T_learner,revenue_window_xof_7j,classe_abc,C,0.36459084246004037,10990.948722018275,37461.669849777136,-0.14282159789296528,214
5,T_learner,revenue_window_xof_7j,treatment_group,controle_0pct,0.11348329352199632,35137.727649129585,122639.1742535807,0.00041348128089464277,76
5,T_learner,revenue_window_xof_7j,treatment_group,traitement_10pct,0.15238000647864353,58195.094040217715,181530.51387843455,-0.024407616999236114,77
5,T_learner,revenue_window_xof_7j,treatment_group,traitement_15pct,0.15682752098305844,49107.943022620806,100554.92479015041,-0.013722576771540415,73
5,T_learner,revenue_window_xof_7j,treatment_group,traitement_5pct,0.14221520162758677,46752.99001024458,134425.45539305932,0.023886948054025574,74
5,Ensemble_contraint,revenue_window_xof_7j,categorie,Alimentation & Epicerie,0.14301780480922316,4957.258122181452,9423.651643080064,0.024993649117050726,40
5,Ensemble_contraint,revenue_window_xof_7j,categorie,Beaute & Soins,0.13823863202121495,7620.638532469818,13196.173307063627,0.062207521666921846,39
5,Ensemble_contraint,revenue_window_xof_7j,categorie,Bebe & Enfant,0.13382958102778753,14322.977079917931,21455.730937305307,-0.025632887373647262,42
5,Ensemble_contraint,revenue_window_xof_7j,categorie,Electronique & High-Tech,0.142966760411084,183566.26019836494,320396.8523895328,-0.001648209237528682,42
5,Ensemble_contraint,revenue_window_xof_7j,categorie,Maison & Cuisine,0.1231919765718038,17122.964840367636,32643.713799804915,-0.01066163638965518,32
5,Ensemble_contraint,revenue_window_xof_7j,categorie,Mode & Vetements,0.18496702149281985,19232.47375974785,38638.43431111523,0.0688656519758914,34
5,Ensemble_contraint,revenue_window_xof_7j,categorie,Sport & Loisirs,0.10600798532861962,14056.259557830224,27417.79623748984,0.018290889712683903,30
5,Ensemble_contraint,revenue_window_xof_7j,categorie,Telephonie & Accessoires,0.16244859442032336,103829.76797214834,215246.30821247748,-0.0006433774634303327,41
5,Ensemble_contraint,revenue_window_xof_7j,classe_abc,A,0.13109033838378215,285747.256639196,404766.7566752556,0.012467892449464196,36
5,Ensemble_contraint,revenue_window_xof_7j,classe_abc,B,0.1196147119339105,36366.98717399932,56131.02728715826,-0.00961393461544544,50
5,Ensemble_contraint,revenue_window_xof_7j,classe_abc,C,0.40025481177984673,12066.074074516908,36970.447900146675,-0.09548592175285724,214
5,Ensemble_contraint,revenue_window_xof_7j,treatment_group,controle_0pct,0.11081401503830351,34311.24141076975,126568.14192376277,-0.0044280178708463935,76
5,Ensemble_contraint,revenue_window_xof_7j,treatment_group,traitement_10pct,0.167716904771212,64052.37321382352,195261.0351279975,-0.008305571788776049,77
5,Ensemble_contraint,revenue_window_xof_7j,treatment_group,traitement_15pct,0.1619763076976766,50720.20038046306,109382.81205500566,-0.0039004024577537,73
5,Ensemble_contraint,revenue_window_xof_7j,treatment_group,traitement_5pct,0.14161536177820996,46555.79374595844,133632.55934848805,0.026876162698744866,74
6,baseline_moyenne_produit,revenue_window_xof_7j,categorie,Alimentation & Epicerie,0.12120548821207987,4034.7882861314893,7489.906590359153,0.04529617575716982,40
6,baseline_moyenne_produit,revenue_window_xof_7j,categorie,Beaute & Soins,0.15051520138269187,8824.54030440929,16980.718480806827,-0.029402425734421266,39
6,baseline_moyenne_produit,revenue_window_xof_7j,categorie,Bebe & Enfant,0.09765187195811847,10106.929221907565,16653.72653835884,-0.006269476437351607,42
6,baseline_moyenne_produit,revenue_window_xof_7j,categorie,Electronique & High-Tech,0.098869581076995,131955.8767818612,225373.7956478264,-0.045424651516334416,42
6,baseline_moyenne_produit,revenue_window_xof_7j,categorie,Maison & Cuisine,0.18345390449807927,25004.91623938561,49810.08284381731,-0.048149640739970974,32
6,baseline_moyenne_produit,revenue_window_xof_7j,categorie,Mode & Vetements,0.14004501114320922,16077.587414273848,25176.20485999134,-0.01681846594418896,34
6,baseline_moyenne_produit,revenue_window_xof_7j,categorie,Sport & Loisirs,0.20302194956575736,26958.452292843704,53369.02008491317,-0.0026454431882516017,30
6,baseline_moyenne_produit,revenue_window_xof_7j,categorie,Telephonie & Accessoires,0.08759953401216078,54777.04622193428,101627.68497869263,0.02717439530000025,41
6,baseline_moyenne_produit,revenue_window_xof_7j,classe_abc,A,0.08716922133028521,196787.75694251165,265658.8191181398,-0.02758846362547597,36
6,baseline_moyenne_produit,revenue_window_xof_7j,classe_abc,B,0.1381270507068498,43028.93550520979,59801.921342803966,-0.038271011427950724,50
6,baseline_moyenne_produit,revenue_window_xof_7j,classe_abc,C,0.32371852965241366,7653.215822032092,15101.898067956485,0.13209284964238124,214
6,baseline_moyenne_produit,revenue_window_xof_7j,treatment_group,controle_0pct,0.13159515606145325,41759.35060026266,125323.11240806761,-0.043542057320559394,76
6,baseline_moyenne_produit,revenue_window_xof_7j,treatment_group,traitement_10pct,0.10299715618144538,41651.452041220495,110191.98904561161,-0.06866828616871773,77
6,baseline_moyenne_produit,revenue_window_xof_7j,treatment_group,traitement_15pct,0.1069117601211274,33536.75606988313,67450.25709002952,-0.002484333527961314,73
6,baseline_moyenne_produit,revenue_window_xof_7j,treatment_group,traitement_5pct,0.08607929229843236,27628.89952986983,64471.591749808664,0.045270751816564356,74
6,baseline_mediane_produit,revenue_window_xof_7j,categorie,Alimentation & Epicerie,0.1080002072767663,3595.2,7226.491219810621,0.03815244304958196,40
6,baseline_mediane_produit,revenue_window_xof_7j,categorie,Beaute & Soins,0.14010505889499664,8214.205128205129,15881.652189127246,-0.029009935154931474,39
6,baseline_mediane_produit,revenue_window_xof_7j,categorie,Bebe & Enfant,0.08278960373205968,8568.690476190477,16037.218204479705,-0.005382813781420355,42
6,baseline_mediane_produit,revenue_window_xof_7j,categorie,Electronique & High-Tech,0.08997617809297226,120086.33333333333,229920.89099058564,-0.05198575416635403,42
6,baseline_mediane_produit,revenue_window_xof_7j,categorie,Maison & Cuisine,0.200951663439277,27389.875,54035.500455718924,-0.07783335847686161,32
6,baseline_mediane_produit,revenue_window_xof_7j,categorie,Mode & Vetements,0.15165160164394145,17410.058823529413,29154.570389361514,-0.02287345432149498,34
6,baseline_mediane_produit,revenue_window_xof_7j,categorie,Sport & Loisirs,0.2405662046949262,31943.8,63086.24839799347,-0.008163015300068256,30
6,baseline_mediane_produit,revenue_window_xof_7j,categorie,Telephonie & Accessoires,0.06702643499567729,41912.439024390245,108983.36946413474,0.025658758875324497,41
6,baseline_mediane_produit,revenue_window_xof_7j,classe_abc,A,0.08340512371040329,188290.16666666666,275377.3240287265,-0.02708819682530636,36
6,baseline_mediane_produit,revenue_window_xof_7j,classe_abc,B,0.14264771613806856,44437.2,64899.33608967044,-0.03173797083614163,50
6,baseline_mediane_produit,revenue_window_xof_7j,classe_abc,C,0.2001283972852355,4731.35046728972,12061.044831408,-0.011978541682767388,214
6,baseline_mediane_produit,revenue_window_xof_7j,treatment_group,controle_0pct,0.12389834985195232,39316.90789473684,124118.3853659693,-0.0381036711098248,76
6,baseline_mediane_produit,revenue_window_xof_7j,treatment_group,traitement_10pct,0.10309498386122092,41691.01298701299,122652.5368663048,-0.08217422417942272,77
6,baseline_mediane_produit,revenue_window_xof_7j,treatment_group,traitement_15pct,0.08281172260867359,25976.904109589042,58239.66571012747,-0.00788851929165254,73
6,baseline_mediane_produit,revenue_window_xof_7j,treatment_group,traitement_5pct,0.08076051483245168,25921.72972972973,73053.84276312547,0.037972777226825495,74
6,GLM_Poisson,revenue_window_xof_7j,categorie,Alimentation & Epicerie,0.7683663532358703,25578.01306875707,44021.494653141475,0.5590651843165022,40
6,GLM_Poisson,revenue_window_xof_7j,categorie,Beaute & Soins,0.34915688390072025,20470.683135252875,32782.99115982271,0.008920947852737587,39
6,GLM_Poisson,revenue_window_xof_7j,categorie,Bebe & Enfant,0.32640709294195724,33783.00200233591,50755.7950033983,0.029371521200991617,42
6,GLM_Poisson,revenue_window_xof_7j,categorie,Electronique & High-Tech,0.2646026881221067,353150.8814910332,590924.5567289746,-0.03982714932140142,42
6,GLM_Poisson,revenue_window_xof_7j,categorie,Maison & Cuisine,0.30892886803040304,42107.25571724921,76592.19100538912,0.1769784688846433,32
6,GLM_Poisson,revenue_window_xof_7j,categorie,Mode & Vetements,0.3784721563843003,43449.73896938683,66906.52024442799,-0.017583751844851427,34
6,GLM_Poisson,revenue_window_xof_7j,categorie,Sport & Loisirs,0.41554139239740207,55178.037776742196,99244.19768433415,0.0468289534798238,30
6,GLM_Poisson,revenue_window_xof_7j,categorie,Telephonie & Accessoires,0.15863463614543302,99196.15320478543,199123.0517391556,0.05881137272200004,41
6,GLM_Poisson,revenue_window_xof_7j,classe_abc,A,0.21455907929923623,484375.09596380644,665379.3633522027,0.009538137369401027,36
6,GLM_Poisson,revenue_window_xof_7j,classe_abc,B,0.34125159970327995,106305.70188489463,143970.95701449827,-0.08297735214426868,50
6,GLM_Poisson,revenue_window_xof_7j,classe_abc,C,0.7643390861249059,18070.179651469523,29009.362221072406,0.3112824439439127,214
6,GLM_Poisson,revenue_window_xof_7j,treatment_group,controle_0pct,0.22423532331356066,71157.03771680927,169347.57118719895,-0.025391424966981917,76
6,GLM_Poisson,revenue_window_xof_7j,treatment_group,traitement_10pct,0.27557032390323766,111439.03924705651,313384.27811421413,0.07897577937853607,77
6,GLM_Poisson,revenue_window_xof_7j,treatment_group,traitement_15pct,0.30534911389773783,95783.83834801099,262335.7365719163,-0.05502404043009439,73
6,GLM_Poisson,revenue_window_xof_7j,treatment_group,traitement_5pct,0.237407047862282,76200.62035744039,179682.8055878738,0.01982167658355626,74
6,GLM_Tweedie,revenue_window_xof_7j,categorie,Alimentation & Epicerie,0.6600098695888724,21970.953047016796,36551.74545550974,0.42433791265526044,40
6,GLM_Tweedie,revenue_window_xof_7j,categorie,Beaute & Soins,0.3408519390094578,19983.77337301227,32864.136210017336,-0.02694628148820121,39
6,GLM_Tweedie,revenue_window_xof_7j,categorie,Bebe & Enfant,0.31566206434982913,32670.895892228888,49294.97863410016,0.02227820338508441,42
6,GLM_Tweedie,revenue_window_xof_7j,categorie,Electronique & High-Tech,0.2793362180008559,372814.92610479635,642996.9110161535,-0.04324556291205585,42
6,GLM_Tweedie,revenue_window_xof_7j,categorie,Maison & Cuisine,0.31079920043956555,42362.18354426314,74514.66613185377,0.16967376283662444,32
6,GLM_Tweedie,revenue_window_xof_7j,categorie,Mode & Vetements,0.3619121341111186,41548.59873235875,65125.74918098712,-0.021653238591057576,34
6,GLM_Tweedie,revenue_window_xof_7j,categorie,Sport & Loisirs,0.4243056077095774,56341.80199476318,105894.82550114667,0.09732199895726877,30
6,GLM_Tweedie,revenue_window_xof_7j,categorie,Telephonie & Accessoires,0.16986673823278348,106219.72224709182,210945.14087096023,0.059388291390051744,41
6,GLM_Tweedie,revenue_window_xof_7j,classe_abc,A,0.23004029080945762,519324.506333159,723990.340183798,0.008851070763170963,36
6,GLM_Tweedie,revenue_window_xof_7j,classe_abc,B,0.3310042022764463,103113.4625608879,142012.90613558114,-0.08546772806668079,50
6,GLM_Tweedie,revenue_window_xof_7j,classe_abc,C,0.7215941964971357,17059.623147454997,27918.94810987274,0.2675917003835147,214
6,GLM_Tweedie,revenue_window_xof_7j,treatment_group,controle_0pct,0.24632966539488568,78168.27889673025,196603.64265260028,-0.025720112785610368,76
6,GLM_Tweedie,revenue_window_xof_7j,treatment_group,traitement_10pct,0.2794110282065507,112992.19777127965,321521.09119216463,0.08524000103851116,77
6,GLM_Tweedie,revenue_window_xof_7j,treatment_group,traitement_15pct,0.3088700328237628,96888.30243157069,291160.75476170355,-0.0797120153998687,73
6,GLM_Tweedie,revenue_window_xof_7j,treatment_group,traitement_5pct,0.24369011986873407,78217.30010201078,199963.245043127,0.022454273337399275,74
6,LightGBM_Poisson,revenue_window_xof_7j,categorie,Alimentation & Epicerie,0.30268011246658344,10075.865294880414,12258.449774308901,0.2499095778170848,40
6,LightGBM_Poisson,revenue_window_xof_7j,categorie,Beaute & Soins,0.2264864645620396,13278.65170142684,22620.74704454122,0.08337219226843401,39
6,LightGBM_Poisson,revenue_window_xof_7j,categorie,Bebe & Enfant,0.22454515894865007,23240.33306385904,32563.152779109358,0.06795860389146437,42
6,LightGBM_Poisson,revenue_window_xof_7j,categorie,Electronique & High-Tech,0.11912974533031327,158996.02106758623,263942.15641430696,-0.04781682959635174,42
6,LightGBM_Poisson,revenue_window_xof_7j,categorie,Maison & Cuisine,0.21637969989800362,29492.72890460406,49211.84257549349,0.06042863523114743,32
6,LightGBM_Poisson,revenue_window_xof_7j,categorie,Mode & Vetements,0.2080584032205003,23885.728864923094,32815.284784761345,-0.026967755641710903,34
6,LightGBM_Poisson,revenue_window_xof_7j,categorie,Sport & Loisirs,0.29269784133479254,38866.14628969763,62789.620519707925,0.07456134169560535,30
6,LightGBM_Poisson,revenue_window_xof_7j,categorie,Telephonie & Accessoires,0.09015454285886511,56374.72410083653,91131.50747200477,0.012122277698991824,41
6,LightGBM_Poisson,revenue_window_xof_7j,classe_abc,A,0.09749419844495653,220096.77652386492,299181.5972733823,-0.034947715194406766,36
6,LightGBM_Poisson,revenue_window_xof_7j,classe_abc,B,0.18164796802791763,56586.44458799026,72458.10418330962,-0.0219895230325206,50
6,LightGBM_Poisson,revenue_window_xof_7j,classe_abc,C,0.6038888210343965,14276.882713050743,19869.38392730757,0.41256787401074785,214
6,LightGBM_Poisson,revenue_window_xof_7j,treatment_group,controle_0pct,0.16377868341490423,51972.212855453035,128886.7151802522,-0.02364873252821313,76
6,LightGBM_Poisson,revenue_window_xof_7j,treatment_group,traitement_10pct,0.13297917738016574,53776.0073625093,140380.33238348368,-0.05066858130179072,77
6,LightGBM_Poisson,revenue_window_xof_7j,treatment_group,traitement_15pct,0.12756613968110964,40015.752284079965,75643.70097055454,0.001991153274459591,73
6,LightGBM_Poisson,revenue_window_xof_7j,treatment_group,traitement_5pct,0.11772867048150756,37787.411137648975,70875.84018977135,0.04239815480717504,74
6,LightGBM_Tweedie,revenue_window_xof_7j,categorie,Alimentation & Epicerie,0.13500439749971763,4494.137762598538,8883.630016711044,0.08374678284880813,40
6,LightGBM_Tweedie,revenue_window_xof_7j,categorie,Beaute & Soins,0.15206708895971643,8915.525761994706,20357.69144735575,0.008609009300509956,39
6,LightGBM_Tweedie,revenue_window_xof_7j,categorie,Bebe & Enfant,0.19534095535363916,20217.709812524485,31561.64543079912,0.015460322745908936,42
6,LightGBM_Tweedie,revenue_window_xof_7j,categorie,Electronique & High-Tech,0.11414664312856743,152345.3443583067,256039.50120680663,-0.0340392804173843,42
6,LightGBM_Tweedie,revenue_window_xof_7j,categorie,Maison & Cuisine,0.19325028200472316,26340.170453097897,49766.24773356293,0.009802314103375979,32
6,LightGBM_Tweedie,revenue_window_xof_7j,categorie,Mode & Vetements,0.188348681323492,21622.993661980854,32791.19445542421,-0.031602818513606946,34
6,LightGBM_Tweedie,revenue_window_xof_7j,categorie,Sport & Loisirs,0.24314381995285142,32286.070961877336,59600.884463300106,0.02471957075510378,30
6,LightGBM_Tweedie,revenue_window_xof_7j,categorie,Telephonie & Accessoires,0.09125599137413899,57063.47315541327,99898.33895867402,0.012480961585253523,41
6,LightGBM_Tweedie,revenue_window_xof_7j,classe_abc,A,0.09797201460777921,221175.46427027116,294389.123783165,-0.022353912110126144,36
6,LightGBM_Tweedie,revenue_window_xof_7j,classe_abc,B,0.1780503285320181,55465.71843733497,72170.77953630779,-0.03165850524670034,50
6,LightGBM_Tweedie,revenue_window_xof_7j,classe_abc,C,0.3806395279887468,8998.917859976087,17521.275780551827,0.18540590782495492,214
6,LightGBM_Tweedie,revenue_window_xof_7j,treatment_group,controle_0pct,0.14749229829174224,46804.02212013888,129898.89669214374,-0.029217659047894126,76
6,LightGBM_Tweedie,revenue_window_xof_7j,treatment_group,traitement_10pct,0.11730947608942933,47439.27112620403,128703.94228513922,-0.05581706310092602,77
6,LightGBM_Tweedie,revenue_window_xof_7j,treatment_group,traitement_15pct,0.12315229145494494,38631.188498742755,78112.57726746578,-0.0006501227993688718,73
6,LightGBM_Tweedie,revenue_window_xof_7j,treatment_group,traitement_5pct,0.11078588508851875,35558.98296452574,77351.9728061095,0.04571318247857709,74
6,LightGBM_L1,revenue_window_xof_7j,categorie,Alimentation & Epicerie,0.11977518721005527,3987.175246377768,7422.463556161566,0.07838334957561666,40
6,LightGBM_L1,revenue_window_xof_7j,categorie,Beaute & Soins,0.1451846622556312,8512.016672650812,22245.15442395672,-0.019181054258536452,39
6,LightGBM_L1,revenue_window_xof_7j,categorie,Bebe & Enfant,0.18255880044000747,18894.761952692974,30083.531500755817,0.009378743712014059,42
6,LightGBM_L1,revenue_window_xof_7j,categorie,Electronique & High-Tech,0.15174306273859697,202523.2500342371,410541.6403851417,-0.08585407768454206,42
6,LightGBM_L1,revenue_window_xof_7j,categorie,Maison & Cuisine,0.15696064757475153,21393.86379496479,46313.7804720362,0.04242290783733614,32
6,LightGBM_L1,revenue_window_xof_7j,categorie,Mode & Vetements,0.20315391842099256,23322.67929648521,42891.86061458608,-0.06990778841931797,34
6,LightGBM_L1,revenue_window_xof_7j,categorie,Sport & Loisirs,0.23342893048102667,30996.07061996056,61575.94949360225,0.04265406917846162,30
6,LightGBM_L1,revenue_window_xof_7j,categorie,Telephonie & Accessoires,0.08368231585748222,52327.5624165702,126970.38837653452,-0.03172918670061664,41
6,LightGBM_L1,revenue_window_xof_7j,classe_abc,A,0.12586001819099144,284133.66886350594,462929.5327670383,-0.06342068784551831,36
6,LightGBM_L1,revenue_window_xof_7j,classe_abc,B,0.17695821601294295,55125.50673436123,75681.88152277468,-0.041482061423393266,50
6,LightGBM_L1,revenue_window_xof_7j,classe_abc,C,0.2685771685142907,6349.587209966567,14171.054399657505,0.07070852052642466,214
6,LightGBM_L1,revenue_window_xof_7j,treatment_group,controle_0pct,0.15791170342888397,50110.432516923465,145395.49270081948,-0.05203829611385197,76
6,LightGBM_L1,revenue_window_xof_7j,treatment_group,traitement_10pct,0.1404453320856009,56795.27698290476,244632.5966169655,-0.09588228573086635,77
6,LightGBM_L1,revenue_window_xof_7j,treatment_group,traitement_15pct,0.132721889732184,41633.040519015674,114769.35306270333,-0.04391907608843796,73
6,LightGBM_L1,revenue_window_xof_7j,treatment_group,traitement_5pct,0.13148718263218848,42203.485430799024,108306.3429251722,-0.008265641696088302,74
6,LightGBM_Monotone,revenue_window_xof_7j,categorie,Alimentation & Epicerie,0.13764229473598047,4581.950262064475,8804.773101514105,0.09625725761484541,40
6,LightGBM_Monotone,revenue_window_xof_7j,categorie,Beaute & Soins,0.1547221362350048,9071.188256385047,21056.980100970108,0.011059127400597514,39
6,LightGBM_Monotone,revenue_window_xof_7j,categorie,Bebe & Enfant,0.19427881615806747,20107.778835696303,32077.586555892893,0.012163211440730022,42
6,LightGBM_Monotone,revenue_window_xof_7j,categorie,Electronique & High-Tech,0.11345853331159395,151426.9614418237,253893.0983944012,-0.03563420738966974,42
6,LightGBM_Monotone,revenue_window_xof_7j,categorie,Maison & Cuisine,0.1936617066992217,26396.24797324061,50061.665345403075,0.015372261955733204,32
6,LightGBM_Monotone,revenue_window_xof_7j,categorie,Mode & Vetements,0.18892884471612872,21689.598159945726,32419.881213018394,-0.034643635241594646,34
6,LightGBM_Monotone,revenue_window_xof_7j,categorie,Sport & Loisirs,0.2395958424819474,31814.949580223616,58596.82776902154,0.023775134472026706,30
6,LightGBM_Monotone,revenue_window_xof_7j,categorie,Telephonie & Accessoires,0.08979886436231847,56152.3140427787,98589.97375147408,0.017043637735131806,41
6,LightGBM_Monotone,revenue_window_xof_7j,classe_abc,A,0.09670021010891623,218304.31834535408,291566.5013473342,-0.021588807737055182,36
6,LightGBM_Monotone,revenue_window_xof_7j,classe_abc,B,0.17938740837842723,55882.241646815186,72834.94663631558,-0.03410283265726915,50
6,LightGBM_Monotone,revenue_window_xof_7j,classe_abc,C,0.38093544164464305,9005.913724796344,17133.143414539965,0.18936994817651465,214
6,LightGBM_Monotone,revenue_window_xof_7j,treatment_group,controle_0pct,0.1455497831885451,46187.59996852995,126594.0333777164,-0.02672313015420846,76
6,LightGBM_Monotone,revenue_window_xof_7j,treatment_group,traitement_10pct,0.11801561592675056,47724.829977137415,131290.39230880293,-0.05659798421346826,77
6,LightGBM_Monotone,revenue_window_xof_7j,treatment_group,traitement_15pct,0.12294595933641507,38566.46493680085,76964.55065369152,0.00043698455421935434,73
6,LightGBM_Monotone,revenue_window_xof_7j,treatment_group,traitement_5pct,0.10861960316892157,34863.67072494064,74507.54755027713,0.0450153624940162,74
6,CatBoost_MAE,revenue_window_xof_7j,categorie,Alimentation & Epicerie,0.16042975850298993,5340.5181555982945,10439.184269172265,0.09091130209978905,40
6,CatBoost_MAE,revenue_window_xof_7j,categorie,Beaute & Soins,0.1574308188573018,9229.995332034096,22221.26322099796,-0.01954010678370739,39
6,CatBoost_MAE,revenue_window_xof_7j,categorie,Bebe & Enfant,0.2379550146054326,24628.247696537317,37049.33790425636,0.0005124450976147475,42
6,CatBoost_MAE,revenue_window_xof_7j,categorie,Electronique & High-Tech,0.15328162502974088,204576.68582206854,425861.5164349324,-0.06393980324186284,42
6,CatBoost_MAE,revenue_window_xof_7j,categorie,Maison & Cuisine,0.2656252421723508,36204.93632860068,68170.92138864247,0.13030556165669394,32
6,CatBoost_MAE,revenue_window_xof_7j,categorie,Mode & Vetements,0.24974913351707115,28671.94977516032,53308.799028956986,-0.09670630355858074,34
6,CatBoost_MAE,revenue_window_xof_7j,categorie,Sport & Loisirs,0.2484982252834289,32997.060492662866,65761.34873336175,0.034788172636318664,30
6,CatBoost_MAE,revenue_window_xof_7j,categorie,Telephonie & Accessoires,0.11583853400186583,72435.23384976502,178594.40248806364,-0.03977333771710986,41
6,CatBoost_MAE,revenue_window_xof_7j,classe_abc,A,0.1366715348127627,308541.069465189,494979.63392388396,-0.04944241375759497,36
6,CatBoost_MAE,revenue_window_xof_7j,classe_abc,B,0.22299563874273653,69466.95023387216,99168.25466801134,-0.03612952046724703,50
6,CatBoost_MAE,revenue_window_xof_7j,classe_abc,C,0.3384921654145269,8002.487836472989,17984.947221421946,0.07613671569604415,214
6,CatBoost_MAE,revenue_window_xof_7j,treatment_group,controle_0pct,0.17316998868025296,54952.374290777065,163945.77996676057,-0.058267466881625096,76
6,CatBoost_MAE,revenue_window_xof_7j,treatment_group,traitement_10pct,0.15355106137764377,62095.157827295305,247133.4882790702,-0.05614998581064799,77
6,CatBoost_MAE,revenue_window_xof_7j,treatment_group,traitement_15pct,0.17104993577561148,53656.02404615398,148474.6896875883,-0.05018473546958167,73
6,CatBoost_MAE,revenue_window_xof_7j,treatment_group,traitement_5pct,0.1439368947023435,46199.473719940484,117768.05060518096,0.004507123016055569,74
6,Hurdle_zero_positif,revenue_window_xof_7j,categorie,Alimentation & Epicerie,0.11869175897307924,3951.109193397014,7706.026564053037,0.06289384394041528,40
6,Hurdle_zero_positif,revenue_window_xof_7j,categorie,Beaute & Soins,0.15865334137414017,9301.670479286888,19101.539402557704,0.00829597036703837,39
6,Hurdle_zero_positif,revenue_window_xof_7j,categorie,Bebe & Enfant,0.17288914564919328,17893.9565957516,26061.788258501598,0.0022340867310177252,42
6,Hurdle_zero_positif,revenue_window_xof_7j,categorie,Electronique & High-Tech,0.11093272996339996,148055.90846719904,237118.16540957484,-0.03645626576085265,42
6,Hurdle_zero_positif,revenue_window_xof_7j,categorie,Maison & Cuisine,0.20156426963705365,27473.37372249949,51514.431540894395,0.009937323538874585,32
6,Hurdle_zero_positif,revenue_window_xof_7j,categorie,Mode & Vetements,0.18056105488522586,20728.950783988585,32423.772040667267,-0.04391946189680426,34
6,Hurdle_zero_positif,revenue_window_xof_7j,categorie,Sport & Loisirs,0.23533892157688197,31249.69050661569,56768.53950737202,0.006800149803959482,30
6,Hurdle_zero_positif,revenue_window_xof_7j,categorie,Telephonie & Accessoires,0.08137627159154662,50885.565095814534,90811.74637519277,0.01483657012845785,41
6,Hurdle_zero_positif,revenue_window_xof_7j,classe_abc,A,0.09262985607184805,209115.34282518097,272115.82163771905,-0.025945032073561376,36
6,Hurdle_zero_positif,revenue_window_xof_7j,classe_abc,B,0.1636404720670452,50976.80202814748,68205.56601326374,-0.040742068201452285,50
6,Hurdle_zero_positif,revenue_window_xof_7j,classe_abc,C,0.39955009082498405,9445.993345142848,17259.990280060483,0.2157264574991535,214
6,Hurdle_zero_positif,revenue_window_xof_7j,treatment_group,controle_0pct,0.1339366183095895,42502.37143677081,118543.14695793287,-0.029942583215791557,76
6,Hurdle_zero_positif,revenue_window_xof_7j,treatment_group,traitement_10pct,0.11490372139748357,46466.397894655805,121337.88447082268,-0.06068103476011333,77
6,Hurdle_zero_positif,revenue_window_xof_7j,treatment_group,traitement_15pct,0.12196727020374576,38259.46354917623,73495.78564371527,0.0006864249675310807,73
6,Hurdle_zero_positif,revenue_window_xof_7j,treatment_group,traitement_5pct,0.10514574840950049,33748.66638920967,70334.68145132935,0.03975131045937907,74
6,S_learner,revenue_window_xof_7j,categorie,Alimentation & Epicerie,0.13500439749971763,4494.137762598538,8883.630016711044,0.08374678284880813,40
6,S_learner,revenue_window_xof_7j,categorie,Beaute & Soins,0.15206708895971643,8915.525761994706,20357.69144735575,0.008609009300509956,39
6,S_learner,revenue_window_xof_7j,categorie,Bebe & Enfant,0.19534095535363916,20217.709812524485,31561.64543079912,0.015460322745908936,42
6,S_learner,revenue_window_xof_7j,categorie,Electronique & High-Tech,0.11414664312856743,152345.3443583067,256039.50120680663,-0.0340392804173843,42
6,S_learner,revenue_window_xof_7j,categorie,Maison & Cuisine,0.19325028200472316,26340.170453097897,49766.24773356293,0.009802314103375979,32
6,S_learner,revenue_window_xof_7j,categorie,Mode & Vetements,0.188348681323492,21622.993661980854,32791.19445542421,-0.031602818513606946,34
6,S_learner,revenue_window_xof_7j,categorie,Sport & Loisirs,0.24314381995285142,32286.070961877336,59600.884463300106,0.02471957075510378,30
6,S_learner,revenue_window_xof_7j,categorie,Telephonie & Accessoires,0.09125599137413899,57063.47315541327,99898.33895867402,0.012480961585253523,41
6,S_learner,revenue_window_xof_7j,classe_abc,A,0.09797201460777921,221175.46427027116,294389.123783165,-0.022353912110126144,36
6,S_learner,revenue_window_xof_7j,classe_abc,B,0.1780503285320181,55465.71843733497,72170.77953630779,-0.03165850524670034,50
6,S_learner,revenue_window_xof_7j,classe_abc,C,0.3806395279887468,8998.917859976087,17521.275780551827,0.18540590782495492,214
6,S_learner,revenue_window_xof_7j,treatment_group,controle_0pct,0.14749229829174224,46804.02212013888,129898.89669214374,-0.029217659047894126,76
6,S_learner,revenue_window_xof_7j,treatment_group,traitement_10pct,0.11730947608942933,47439.27112620403,128703.94228513922,-0.05581706310092602,77
6,S_learner,revenue_window_xof_7j,treatment_group,traitement_15pct,0.12315229145494494,38631.188498742755,78112.57726746578,-0.0006501227993688718,73
6,S_learner,revenue_window_xof_7j,treatment_group,traitement_5pct,0.11078588508851875,35558.98296452574,77351.9728061095,0.04571318247857709,74
6,T_learner,revenue_window_xof_7j,categorie,Alimentation & Epicerie,0.13405779059977835,4462.626331162666,7978.766111667026,0.05407907450469037,40
6,T_learner,revenue_window_xof_7j,categorie,Beaute & Soins,0.1447625551898233,8487.269000782593,17383.819192419443,-0.02315116438379722,39
6,T_learner,revenue_window_xof_7j,categorie,Bebe & Enfant,0.12701133196426476,13145.621448952748,18147.960687774423,0.0030555163223533297,42
6,T_learner,revenue_window_xof_7j,categorie,Electronique & High-Tech,0.10476573279948105,139825.15125136293,260613.44096611568,-0.052945764407576465,42
6,T_learner,revenue_window_xof_7j,categorie,Maison & Cuisine,0.18172413584085984,24769.147365969566,54434.42849692476,0.005167407906095835,32
6,T_learner,revenue_window_xof_7j,categorie,Mode & Vetements,0.15869336928268846,18218.474873760482,31507.23350337501,-0.04006242861874346,34
6,T_learner,revenue_window_xof_7j,categorie,Sport & Loisirs,0.21375846206688395,28384.109768167044,55085.46266301347,0.006765102996815258,30
6,T_learner,revenue_window_xof_7j,categorie,Telephonie & Accessoires,0.07820085255477038,48899.93723474218,101115.14403941369,0.02573057852991562,41
6,T_learner,revenue_window_xof_7j,classe_abc,A,0.08741353049162463,197339.29395439255,299668.03363475617,-0.031960182215998174,36
6,T_learner,revenue_window_xof_7j,classe_abc,B,0.14820437359757674,46168.1937063462,66315.41079661256,-0.032261458231740446,50
6,T_learner,revenue_window_xof_7j,classe_abc,C,0.3538274805972384,8365.038836930684,17675.25899571668,0.14176037852564333,214
6,T_learner,revenue_window_xof_7j,treatment_group,controle_0pct,0.14087531032190995,44704.24026782732,148908.01587891337,-0.04154357517586308,76
6,T_learner,revenue_window_xof_7j,treatment_group,traitement_10pct,0.1048530493870287,42401.964479736795,113788.73072178075,-0.06740734062502537,77
6,T_learner,revenue_window_xof_7j,treatment_group,traitement_15pct,0.11404145950418625,35773.24519690097,87129.19015533921,-0.015081604607182934,73
6,T_learner,revenue_window_xof_7j,treatment_group,traitement_5pct,0.08120739262174931,26065.164244732816,61864.93248112414,0.0447749564710891,74
6,Ensemble_contraint,revenue_window_xof_7j,categorie,Alimentation & Epicerie,0.1242148052778124,4134.964915302173,7813.408140574608,0.07107672535331706,40
6,Ensemble_contraint,revenue_window_xof_7j,categorie,Beaute & Soins,0.14706456221575948,8622.233134602919,18841.634212373585,-0.0012653555387204295,39
6,Ensemble_contraint,revenue_window_xof_7j,categorie,Bebe & Enfant,0.16178226616323788,16744.39906459691,24692.10341036789,0.005817604831367004,42
6,Ensemble_contraint,revenue_window_xof_7j,categorie,Electronique & High-Tech,0.10953924563854035,146196.10038603167,245957.65428892145,-0.04167874585269962,42
6,Ensemble_contraint,revenue_window_xof_7j,categorie,Maison & Cuisine,0.18706954699266035,25497.731249106535,50358.81472357425,0.010158997800234533,32
6,Ensemble_contraint,revenue_window_xof_7j,categorie,Mode & Vetements,0.17174201137439415,19716.498131814573,31569.55325820548,-0.03954184191904744,34
6,Ensemble_contraint,revenue_window_xof_7j,categorie,Sport & Loisirs,0.22956440870857114,30482.916618335457,56433.61874906277,0.012446795757600522,30
6,Ensemble_contraint,revenue_window_xof_7j,categorie,Telephonie & Accessoires,0.08265773733537905,51686.88109678767,92121.96462633795,0.019203595464501753,41
6,Ensemble_contraint,revenue_window_xof_7j,classe_abc,A,0.09211220110570421,207946.7174996017,281336.62555204716,-0.026498007342204904,36
6,Ensemble_contraint,revenue_window_xof_7j,classe_abc,B,0.16046267162261635,49986.862912876306,67882.4774657601,-0.0357021196968206,50
6,Ensemble_contraint,revenue_window_xof_7j,classe_abc,C,0.37152980940434754,8783.549766962558,16939.24777860809,0.18228559473377048,214
6,Ensemble_contraint,revenue_window_xof_7j,treatment_group,controle_0pct,0.1396417652506677,44312.796975741585,128465.66358254912,-0.03273642951528772,76
6,Ensemble_contraint,revenue_window_xof_7j,treatment_group,traitement_10pct,0.11165749732073071,45153.643722980094,120935.22097954903,-0.06156211986620231,77
6,Ensemble_contraint,revenue_window_xof_7j,treatment_group,traitement_15pct,0.11865010248259875,37218.91343026547,77267.49486595982,-0.0046527316951441655,73
6,Ensemble_contraint,revenue_window_xof_7j,treatment_group,traitement_5pct,0.09698297912618667,31128.65957465211,66268.99721060404,0.04318054314149482,74
