window,model,target,segment_type,segment_value,wape_micro,mae,rmse,forecast_bias,n
1,baseline_moyenne_produit,units_sold_window_7j,categorie,Alimentation & Epicerie,0.10768794582310465,0.505304976554568,0.9318084240715715,-0.07223008696378064,39
1,baseline_moyenne_produit,units_sold_window_7j,categorie,Bebe & Enfant,0.1432557892967166,0.5968991220696525,0.97993298240918,0.03156504102060245,42
1,baseline_moyenne_produit,units_sold_window_7j,categorie,Electronique & High-Tech,0.13722118077661152,0.6926402458248011,1.1834687922297717,0.055503101132068036,42
1,baseline_moyenne_produit,units_sold_window_7j,categorie,Mode & Vetements,0.15802663221902763,0.8888998062320305,1.3525326368714736,0.009756006019830009,32
1,baseline_moyenne_produit,units_sold_window_7j,categorie,Sport & Loisirs,0.19216221082652327,0.5499814999517735,0.8571643422545324,0.021417694298874225,29
1,baseline_moyenne_produit,units_sold_window_7j,categorie,Telephonie & Accessoires,0.19733925767371077,0.9000595410971687,1.4849079671490035,0.03940503503360576,41
1,baseline_moyenne_produit,units_sold_window_7j,classe_abc,A,0.1457624689868416,1.4973780905011906,1.8008152638005017,0.02936445493907096,33
1,baseline_moyenne_produit,units_sold_window_7j,classe_abc,B,0.1272487576694413,1.0636691025702016,1.3537522443178498,0.014550138730682123,39
1,baseline_moyenne_produit,units_sold_window_7j,classe_abc,C,0.1810357015026151,0.4200501570812311,0.9030739966856638,0.0007803648319572042,153
1,baseline_moyenne_produit,units_sold_window_7j,treatment_group,controle_0pct,0.13756518663981282,0.5398784683222843,0.9340774202493405,-0.0192494325511426,53
1,baseline_moyenne_produit,units_sold_window_7j,treatment_group,traitement_10pct,0.11022777611712345,0.4521207088193877,0.7478558251207531,0.04446754559597202,59
1,baseline_moyenne_produit,units_sold_window_7j,treatment_group,traitement_15pct,0.16747715483226835,0.8491385569565888,1.2503617080564153,0.0017890243764661228,57
1,baseline_moyenne_produit,units_sold_window_7j,treatment_group,traitement_5pct,0.18318387057742,0.9191904934331253,1.5521498011139157,0.027404387393259625,56
1,baseline_mediane_produit,units_sold_window_7j,categorie,Alimentation & Epicerie,0.10109289617486339,0.47435897435897434,0.9640991543856781,-0.07923497267759563,39
1,baseline_mediane_produit,units_sold_window_7j,categorie,Bebe & Enfant,0.13714285714285715,0.5714285714285714,0.9697815168769667,0.02857142857142857,42
1,baseline_mediane_produit,units_sold_window_7j,categorie,Electronique & High-Tech,0.13679245283018868,0.6904761904761905,1.224744871391589,0.05188679245283019,42
1,baseline_mediane_produit,units_sold_window_7j,categorie,Mode & Vetements,0.15,0.84375,1.334634781503914,0.005555555555555556,32
1,baseline_mediane_produit,units_sold_window_7j,categorie,Sport & Loisirs,0.1746987951807229,0.5,0.8560132129176834,0.030120481927710843,29
1,baseline_mediane_produit,units_sold_window_7j,categorie,Telephonie & Accessoires,0.18983957219251338,0.8658536585365854,1.5,0.040106951871657755,41
1,baseline_mediane_produit,units_sold_window_7j,classe_abc,A,0.14896755162241887,1.5303030303030303,1.8849483555339928,0.03687315634218289,33
1,baseline_mediane_produit,units_sold_window_7j,classe_abc,B,0.1273006134969325,1.064102564102564,1.3751456799283635,0.019938650306748466,39
1,baseline_mediane_produit,units_sold_window_7j,classe_abc,C,0.1591549295774648,0.369281045751634,0.879133560384009,-0.018309859154929577,153
1,baseline_mediane_produit,units_sold_window_7j,treatment_group,controle_0pct,0.12980769230769232,0.5094339622641509,0.9059551407112452,-0.019230769230769232,53
1,baseline_mediane_produit,units_sold_window_7j,treatment_group,traitement_10pct,0.10537190082644628,0.4322033898305085,0.7945790912196153,0.04338842975206612,59
1,baseline_mediane_produit,units_sold_window_7j,treatment_group,traitement_15pct,0.16089965397923875,0.8157894736842105,1.2994600768119313,-0.005190311418685121,57
1,baseline_mediane_produit,units_sold_window_7j,treatment_group,traitement_5pct,0.17615658362989323,0.8839285714285714,1.5367521409964402,0.026690391459074734,56
1,GLM_Poisson,units_sold_window_7j,categorie,Alimentation & Epicerie,0.3847781314448768,1.8054973860105759,2.686330898298192,-0.15085962952261722,39
1,GLM_Poisson,units_sold_window_7j,categorie,Bebe & Enfant,0.37997272477537847,1.5832196865640769,2.1288007369982056,0.18777271170806886,42
1,GLM_Poisson,units_sold_window_7j,categorie,Electronique & High-Tech,0.2896619279718239,1.462103065000635,2.0865936425796003,0.06903753632737746,42
1,GLM_Poisson,units_sold_window_7j,categorie,Mode & Vetements,0.3060567596906996,1.7215692732601853,2.1867570693093263,-0.030221887173442097,32
1,GLM_Poisson,units_sold_window_7j,categorie,Sport & Loisirs,0.43461307126718884,1.2438925832819543,1.6401526815269691,0.3085137053408376,29
1,GLM_Poisson,units_sold_window_7j,categorie,Telephonie & Accessoires,0.2904732472197033,1.32484139585572,2.1483763348882556,0.020960509608973794,41
1,GLM_Poisson,units_sold_window_7j,classe_abc,A,0.2167961893645235,2.2270881271082867,2.8645141362026574,-0.0024026926012965634,33
1,GLM_Poisson,units_sold_window_7j,classe_abc,B,0.2936561875746008,2.454664542290253,2.9634116021980894,0.05151051506874067,39
1,GLM_Poisson,units_sold_window_7j,classe_abc,C,0.49175697793189904,1.1410047527178049,1.7370185771256696,0.07886554387621195,153
1,GLM_Poisson,units_sold_window_7j,treatment_group,controle_0pct,0.2982394695908875,1.1704492391491432,1.6259484571613023,0.08100888384092873,53
1,GLM_Poisson,units_sold_window_7j,treatment_group,traitement_10pct,0.418277649236591,1.7156473070382208,2.228673001976724,0.16469286786721676,59
1,GLM_Poisson,units_sold_window_7j,treatment_group,traitement_15pct,0.31620180440796447,1.603198622349153,2.335935915695736,0.003404043300036822,57
1,GLM_Poisson,units_sold_window_7j,treatment_group,traitement_5pct,0.3172961930450396,1.5921469686724308,2.430139062234262,-0.048804651885640926,56
1,GLM_Tweedie,units_sold_window_7j,categorie,Alimentation & Epicerie,0.3875144502091369,1.8183370355967194,2.7934925921766123,-0.1827116022223756,39
1,GLM_Tweedie,units_sold_window_7j,categorie,Bebe & Enfant,0.39889101646529795,1.6620459019387415,2.2654158277502856,0.19034243954159735,42
1,GLM_Tweedie,units_sold_window_7j,categorie,Electronique & High-Tech,0.3060227692137673,1.5446863588885396,2.1988471023529392,0.08468277696324775,42
1,GLM_Tweedie,units_sold_window_7j,categorie,Mode & Vetements,0.3075906554082453,1.73019743667138,2.2331086912911586,-0.03830441572760456,32
1,GLM_Tweedie,units_sold_window_7j,categorie,Sport & Loisirs,0.43388393889077764,1.241805756135674,1.6595426085343365,0.3266873419187716,29
1,GLM_Tweedie,units_sold_window_7j,categorie,Telephonie & Accessoires,0.2833959241228018,1.2925618978283886,2.05225928500142,0.037890214780417104,41
1,GLM_Tweedie,units_sold_window_7j,classe_abc,A,0.22881627786202943,2.3505672180372112,2.8810154882750743,0.03230280264271597,33
1,GLM_Tweedie,units_sold_window_7j,classe_abc,B,0.3142228153200155,2.626580456264745,3.116702542250017,0.0687228542595816,39
1,GLM_Tweedie,units_sold_window_7j,classe_abc,C,0.4787782142699928,1.1108906278813557,1.7755342361319841,0.033177117062017515,153
1,GLM_Tweedie,units_sold_window_7j,treatment_group,controle_0pct,0.30254099006549323,1.187330677992879,1.6770602912277062,0.07933076575288202,53
1,GLM_Tweedie,units_sold_window_7j,treatment_group,traitement_10pct,0.41820427195671395,1.7153463358224539,2.238859845550025,0.14960656417242413,59
1,GLM_Tweedie,units_sold_window_7j,treatment_group,traitement_15pct,0.33194849095423573,1.6830370857153354,2.401083735962826,0.02239593069974709,57
1,GLM_Tweedie,units_sold_window_7j,treatment_group,traitement_5pct,0.31994501217964055,1.6054383646871249,2.541322100171851,-0.04998517664424371,56
1,LightGBM_Poisson,units_sold_window_7j,categorie,Alimentation & Epicerie,0.17057603833068655,0.8003952567824523,1.2967970721767645,-0.05630473098282967,39
1,LightGBM_Poisson,units_sold_window_7j,categorie,Bebe & Enfant,0.2313202951949841,0.9638345633124337,1.4652788205928313,0.07945777020331725,42
1,LightGBM_Poisson,units_sold_window_7j,categorie,Electronique & High-Tech,0.17665900987541072,0.8917073831806446,1.491090948944398,0.11806948416263048,42
1,LightGBM_Poisson,units_sold_window_7j,categorie,Mode & Vetements,0.19737937428339494,1.1102589803440965,1.654779153586846,0.05910773407595235,32
1,LightGBM_Poisson,units_sold_window_7j,categorie,Sport & Loisirs,0.3402321842111606,0.9737679755009079,1.4293169629005558,0.13357195807907088,29
1,LightGBM_Poisson,units_sold_window_7j,categorie,Telephonie & Accessoires,0.19656985081212938,0.8965502951675169,1.4107998529280363,0.04202253383982836,41
1,LightGBM_Poisson,units_sold_window_7j,classe_abc,A,0.1742633173662622,1.7901595329443296,2.2382904639081196,0.05888846711350646,33
1,LightGBM_Poisson,units_sold_window_7j,classe_abc,B,0.17172075128136416,1.4354093568647361,1.773779082474346,0.029247854582479686,39
1,LightGBM_Poisson,units_sold_window_7j,classe_abc,C,0.26652976908378295,0.6184187452597578,1.1131539797140664,0.08089623153553661,153
1,LightGBM_Poisson,units_sold_window_7j,treatment_group,controle_0pct,0.1948671745149769,0.7647617414927396,1.3177254061541122,0.03578156470270712,53
1,LightGBM_Poisson,units_sold_window_7j,treatment_group,traitement_10pct,0.2329525047058335,0.9555001040476561,1.4446959298433122,0.13553736831652827,59
1,LightGBM_Poisson,units_sold_window_7j,treatment_group,traitement_15pct,0.17985230952362716,0.9118827623215483,1.3673490039020522,0.03136323138094773,57
1,LightGBM_Poisson,units_sold_window_7j,treatment_group,traitement_5pct,0.21633488127891592,1.0855375292745602,1.6683885721840173,0.03170665722642611,56
1,LightGBM_Tweedie,units_sold_window_7j,categorie,Alimentation & Epicerie,0.14240136208994106,0.6681910067297234,1.1361663865765816,-0.05153343190470144,39
1,LightGBM_Tweedie,units_sold_window_7j,categorie,Bebe & Enfant,0.21770897138806775,0.907120714116949,1.4460424828754896,0.08285936799583825,42
1,LightGBM_Tweedie,units_sold_window_7j,categorie,Electronique & High-Tech,0.1721610333185091,0.869003311036284,1.5795834756804015,0.10296783060129512,42
1,LightGBM_Tweedie,units_sold_window_7j,categorie,Mode & Vetements,0.1903229928818721,1.0705668349605306,1.6866491041530272,0.06626935580730815,32
1,LightGBM_Tweedie,units_sold_window_7j,categorie,Sport & Loisirs,0.2860502369686982,0.8186955058069638,1.2591531016055375,0.0935557386364751,29
1,LightGBM_Tweedie,units_sold_window_7j,categorie,Telephonie & Accessoires,0.17986223582259173,0.8203472707030404,1.3518891142817928,0.039262156044178105,41
1,LightGBM_Tweedie,units_sold_window_7j,classe_abc,A,0.1752762926488575,1.8005655517564452,2.300694767669854,0.06399391282034021,33
1,LightGBM_Tweedie,units_sold_window_7j,classe_abc,B,0.167990710149353,1.4042300386843352,1.7550410014719717,0.03646993832987999,39
1,LightGBM_Tweedie,units_sold_window_7j,classe_abc,C,0.22002132419213186,0.5105069940405674,1.022947824141375,0.0573280243350814,153
1,LightGBM_Tweedie,units_sold_window_7j,treatment_group,controle_0pct,0.17366480001871937,0.6815524227149742,1.2554612941922711,0.030494928106702394,53
1,LightGBM_Tweedie,units_sold_window_7j,treatment_group,traitement_10pct,0.2132241991288863,0.8745806133761098,1.4284803241486073,0.1272450551102853,59
1,LightGBM_Tweedie,units_sold_window_7j,treatment_group,traitement_15pct,0.17021169753679913,0.8630031682128938,1.39610270536628,0.02651409073585778,57
1,LightGBM_Tweedie,units_sold_window_7j,treatment_group,traitement_5pct,0.19707291681010508,0.9888837432792773,1.5804345461874578,0.032511616993039366,56
1,LightGBM_L1,units_sold_window_7j,categorie,Alimentation & Epicerie,0.196251913180479,0.9208743618468629,1.4982329039854427,-0.002405868945813583,39
1,LightGBM_L1,units_sold_window_7j,categorie,Bebe & Enfant,0.2242055947814368,0.9341899782559867,1.3948838747875967,0.11505415809750265,42
1,LightGBM_L1,units_sold_window_7j,categorie,Electronique & High-Tech,0.173845169529864,0.8775041890555041,1.4956361646382947,0.13472790766881115,42
1,LightGBM_L1,units_sold_window_7j,categorie,Mode & Vetements,0.20779917198347772,1.1688703424070621,1.7130270015656828,0.08547353878677574,32
1,LightGBM_L1,units_sold_window_7j,categorie,Sport & Loisirs,0.3206779782125215,0.9178024893668718,1.3742793308987105,0.16058256824492514,29
1,LightGBM_L1,units_sold_window_7j,categorie,Telephonie & Accessoires,0.20617347007835257,0.9403521684061447,1.6033499638401494,0.08382878440466437,41
1,LightGBM_L1,units_sold_window_7j,classe_abc,A,0.17633421413840009,1.8114332906944737,2.2323464642953805,0.08635482647521339,33
1,LightGBM_L1,units_sold_window_7j,classe_abc,B,0.17854410023517714,1.4924455558119936,1.9232838688662603,0.057614964578852866,39
1,LightGBM_L1,units_sold_window_7j,classe_abc,C,0.2721046251347664,0.6313538687767456,1.1675742530441824,0.1256037416269981,153
1,LightGBM_L1,units_sold_window_7j,treatment_group,controle_0pct,0.1883780309319982,0.7392949138463326,1.2782714463366174,0.08569307720782376,53
1,LightGBM_L1,units_sold_window_7j,treatment_group,traitement_10pct,0.270858633917628,1.1109794814926435,1.7076151954042176,0.1967664465192811,59
1,LightGBM_L1,units_sold_window_7j,treatment_group,traitement_15pct,0.19644409693769585,0.9960060353507738,1.5239033229188437,0.04521394335170947,57
1,LightGBM_L1,units_sold_window_7j,treatment_group,traitement_5pct,0.1888863108025329,0.947804523848424,1.5016377209800784,0.05031182619163804,56
1,LightGBM_Monotone,units_sold_window_7j,categorie,Alimentation & Epicerie,0.13595221573257668,0.6379296276682445,1.082553535784495,-0.04830625085438446,39
1,LightGBM_Monotone,units_sold_window_7j,categorie,Bebe & Enfant,0.2206100144147011,0.9192083933945879,1.4450983551261374,0.08014268789500384,42
1,LightGBM_Monotone,units_sold_window_7j,categorie,Electronique & High-Tech,0.17438176768253585,0.8802127321118476,1.618437860425648,0.11990464132652538,42
1,LightGBM_Monotone,units_sold_window_7j,categorie,Mode & Vetements,0.19876703783746216,1.1180645878357247,1.759098109141046,0.06586493624197334,32
1,LightGBM_Monotone,units_sold_window_7j,categorie,Sport & Loisirs,0.2910787171568831,0.8330873628972861,1.2423304946033102,0.0943535333764136,29
1,LightGBM_Monotone,units_sold_window_7j,categorie,Telephonie & Accessoires,0.18022490749398803,0.8220014073506284,1.3420780315989094,0.04699277225476397,41
1,LightGBM_Monotone,units_sold_window_7j,classe_abc,A,0.17585902561885725,1.8065518086300791,2.3139673502082534,0.07502606389577968,33
1,LightGBM_Monotone,units_sold_window_7j,classe_abc,B,0.16869116144293508,1.4100850930870983,1.720651781301447,0.035513224953061175,39
1,LightGBM_Monotone,units_sold_window_7j,classe_abc,C,0.2239016125951624,0.5195102775900827,1.0506532457476805,0.06216406661005024,153
1,LightGBM_Monotone,units_sold_window_7j,treatment_group,controle_0pct,0.16590979760625005,0.651117696266038,1.2117919647667992,0.03199107541984798,53
1,LightGBM_Monotone,units_sold_window_7j,treatment_group,traitement_10pct,0.2258758703529812,0.9264739089054483,1.5040201126015047,0.13589699693728502,59
1,LightGBM_Monotone,units_sold_window_7j,treatment_group,traitement_15pct,0.17138346060214926,0.8689442125266865,1.3977462967244645,0.028932780358092533,57
1,LightGBM_Monotone,units_sold_window_7j,treatment_group,traitement_5pct,0.19713018556914405,0.9891711097308836,1.5720992267789131,0.03977437783734876,56
1,CatBoost_Poisson,units_sold_window_7j,categorie,Alimentation & Epicerie,0.13598480982567404,0.6380825691820089,1.08707016991196,-0.056224633149009835,39
1,CatBoost_Poisson,units_sold_window_7j,categorie,Bebe & Enfant,0.23402689517380423,0.9751120632241843,1.4416419331232089,0.09874010234881597,42
1,CatBoost_Poisson,units_sold_window_7j,categorie,Electronique & High-Tech,0.1828393192891214,0.9229032306974699,1.4457305132745484,0.10787348234178816,42
1,CatBoost_Poisson,units_sold_window_7j,categorie,Mode & Vetements,0.17394975358276274,0.9784673639030405,1.5668401811460542,0.08062548775229063,32
1,CatBoost_Poisson,units_sold_window_7j,categorie,Sport & Loisirs,0.3144725491639006,0.9000421234690947,1.3493089985414717,0.1488060735139948,29
1,CatBoost_Poisson,units_sold_window_7j,categorie,Telephonie & Accessoires,0.174360547600993,0.7952542049118462,1.3051336558295379,0.0554798867355906,41
1,CatBoost_Poisson,units_sold_window_7j,classe_abc,A,0.17322451942221243,1.7794882449736367,2.1051332050608895,0.08234551735942224,33
1,CatBoost_Poisson,units_sold_window_7j,classe_abc,B,0.17257423856347442,1.4425436351716068,1.7323063702401413,0.04752884166850441,39
1,CatBoost_Poisson,units_sold_window_7j,classe_abc,C,0.2243299952503433,0.5205042373455678,1.0196830885145372,0.06672756689883332,153
1,CatBoost_Poisson,units_sold_window_7j,treatment_group,controle_0pct,0.1879131454520494,0.7374704576231373,1.2983174739846124,0.024724978160397478,53
1,CatBoost_Poisson,units_sold_window_7j,treatment_group,traitement_10pct,0.22009865335867784,0.9027775273355939,1.3842875343132985,0.14750692127057335,59
1,CatBoost_Poisson,units_sold_window_7j,treatment_group,traitement_15pct,0.17288980926895905,0.8765816645391081,1.313385174593886,0.042829224071964815,57
1,CatBoost_Poisson,units_sold_window_7j,treatment_group,traitement_5pct,0.18613700684747003,0.9340089093596264,1.473807641417819,0.049397519061292305,56
1,Hurdle_zero_positif,units_sold_window_7j,categorie,Alimentation & Epicerie,0.1292935870934032,0.6066852932844303,1.0381819598276318,-0.047292004203995756,39
1,Hurdle_zero_positif,units_sold_window_7j,categorie,Bebe & Enfant,0.2062008707310764,0.8591702947128184,1.3010370982736164,0.0709522475710882,42
1,Hurdle_zero_positif,units_sold_window_7j,categorie,Electronique & High-Tech,0.1795269011931127,0.9061834060223785,1.5800496032553508,0.11766789095444175,42
1,Hurdle_zero_positif,units_sold_window_7j,categorie,Mode & Vetements,0.17176481622391412,0.9661770912595169,1.5377442456439727,0.0587976104093255,32
1,Hurdle_zero_positif,units_sold_window_7j,categorie,Sport & Loisirs,0.26956806392354904,0.7715223898501575,1.1816574523639616,0.09116443231009,29
1,Hurdle_zero_positif,units_sold_window_7j,categorie,Telephonie & Accessoires,0.17475742542582162,0.7970643549909426,1.3090443906935152,0.05487732531196327,41
1,Hurdle_zero_positif,units_sold_window_7j,classe_abc,A,0.17476580499824923,1.7953214513456512,2.2717542498252996,0.08301682115296939,33
1,Hurdle_zero_positif,units_sold_window_7j,classe_abc,B,0.16461296046378585,1.3759955156716457,1.6649197346309743,0.033002613089988815,39
1,Hurdle_zero_positif,units_sold_window_7j,classe_abc,C,0.19962705251819188,0.4631869519212949,0.9074434103086199,0.051319782502848105,153
1,Hurdle_zero_positif,units_sold_window_7j,treatment_group,controle_0pct,0.16811798562910932,0.6597837926576365,1.1847025387451806,0.02865863272690192,53
1,Hurdle_zero_positif,units_sold_window_7j,treatment_group,traitement_10pct,0.2042186330458831,0.8376425287644697,1.3905886745602805,0.1342204077299062,59
1,Hurdle_zero_positif,units_sold_window_7j,treatment_group,traitement_15pct,0.16453897769495573,0.8342414834007404,1.251253614512039,0.02273993653661801,57
1,Hurdle_zero_positif,units_sold_window_7j,treatment_group,traitement_5pct,0.1844691170382852,0.9256396765671095,1.5040724267883827,0.04308149854017276,56
1,S_learner,units_sold_window_7j,categorie,Alimentation & Epicerie,0.14240136208994106,0.6681910067297234,1.1361663865765816,-0.05153343190470144,39
1,S_learner,units_sold_window_7j,categorie,Bebe & Enfant,0.21770897138806775,0.907120714116949,1.4460424828754896,0.08285936799583825,42
1,S_learner,units_sold_window_7j,categorie,Electronique & High-Tech,0.1721610333185091,0.869003311036284,1.5795834756804015,0.10296783060129512,42
1,S_learner,units_sold_window_7j,categorie,Mode & Vetements,0.1903229928818721,1.0705668349605306,1.6866491041530272,0.06626935580730815,32
1,S_learner,units_sold_window_7j,categorie,Sport & Loisirs,0.2860502369686982,0.8186955058069638,1.2591531016055375,0.0935557386364751,29
1,S_learner,units_sold_window_7j,categorie,Telephonie & Accessoires,0.17986223582259173,0.8203472707030404,1.3518891142817928,0.039262156044178105,41
1,S_learner,units_sold_window_7j,classe_abc,A,0.1752762926488575,1.8005655517564452,2.300694767669854,0.06399391282034021,33
1,S_learner,units_sold_window_7j,classe_abc,B,0.167990710149353,1.4042300386843352,1.7550410014719717,0.03646993832987999,39
1,S_learner,units_sold_window_7j,classe_abc,C,0.22002132419213186,0.5105069940405674,1.022947824141375,0.0573280243350814,153
1,S_learner,units_sold_window_7j,treatment_group,controle_0pct,0.17366480001871937,0.6815524227149742,1.2554612941922711,0.030494928106702394,53
1,S_learner,units_sold_window_7j,treatment_group,traitement_10pct,0.2132241991288863,0.8745806133761098,1.4284803241486073,0.1272450551102853,59
1,S_learner,units_sold_window_7j,treatment_group,traitement_15pct,0.17021169753679913,0.8630031682128938,1.39610270536628,0.02651409073585778,57
1,S_learner,units_sold_window_7j,treatment_group,traitement_5pct,0.19707291681010508,0.9888837432792773,1.5804345461874578,0.032511616993039366,56
1,T_learner,units_sold_window_7j,categorie,Alimentation & Epicerie,0.1300734032481881,0.6103444306261134,1.1112502656090386,-0.07926676121792339,39
1,T_learner,units_sold_window_7j,categorie,Bebe & Enfant,0.19477401626538637,0.8115584011057765,1.2875462778275697,0.06113682476450136,42
1,T_learner,units_sold_window_7j,categorie,Electronique & High-Tech,0.16414433862228883,0.8285380901886961,1.3224373385458064,0.09920585457394802,42
1,T_learner,units_sold_window_7j,categorie,Mode & Vetements,0.15232969312666136,0.8568545238374702,1.3394020233891093,0.041084802333317356,32
1,T_learner,units_sold_window_7j,categorie,Sport & Loisirs,0.2781239761337151,0.7960100006585639,1.4013542569734212,0.03272444089741243,29
1,T_learner,units_sold_window_7j,categorie,Telephonie & Accessoires,0.1495706697333729,0.6821881765887984,1.126234410619334,0.022100760672425307,41
1,T_learner,units_sold_window_7j,classe_abc,A,0.15611938251890198,1.6037718386032658,1.9896974324622878,0.053656478078502205,33
1,T_learner,units_sold_window_7j,classe_abc,B,0.15478042202744466,1.29380557899864,1.6525164590202386,0.026606501748457724,39
1,T_learner,units_sold_window_7j,classe_abc,C,0.19092379491822442,0.4429931189279064,0.8872937806229533,0.012973909358313121,153
1,T_learner,units_sold_window_7j,treatment_group,controle_0pct,0.15671997994675996,0.61505199677219,1.1041180530567911,0.00658458831682785,53
1,T_learner,units_sold_window_7j,treatment_group,traitement_10pct,0.13784970977083089,0.5654174536362894,0.9681719634013111,0.052135294510344175,59
1,T_learner,units_sold_window_7j,treatment_group,traitement_15pct,0.18876224696794985,0.9570577083111843,1.3854623161326594,0.03865747116758427,57
1,T_learner,units_sold_window_7j,treatment_group,traitement_5pct,0.18025324015523034,0.9044850086360665,1.5134730142178972,0.022457859971442305,56
1,Ensemble_contraint,units_sold_window_7j,categorie,Alimentation & Epicerie,0.1309139912640104,0.614288728238818,1.0372660588917781,-0.05828833875876785,39
1,Ensemble_contraint,units_sold_window_7j,categorie,Bebe & Enfant,0.20433502878903254,0.8513959532876356,1.320279078942419,0.07074392007686443,42
1,Ensemble_contraint,units_sold_window_7j,categorie,Electronique & High-Tech,0.17083483950211473,0.8623091898678171,1.4560197613621675,0.11225946228497172,42
1,Ensemble_contraint,units_sold_window_7j,categorie,Mode & Vetements,0.17004729809195926,0.9565160517672708,1.518856436302441,0.05524911632820542,32
1,Ensemble_contraint,units_sold_window_7j,categorie,Sport & Loisirs,0.27735551761050664,0.7938106193680018,1.2468305810116096,0.07274746886130536,29
1,Ensemble_contraint,units_sold_window_7j,categorie,Telephonie & Accessoires,0.16276409201901226,0.742363053842812,1.2312022710913975,0.041323619413050856,41
1,Ensemble_contraint,units_sold_window_7j,classe_abc,A,0.16510349276215863,1.696063152920357,2.129210602787307,0.07056645437575045,33
1,Ensemble_contraint,units_sold_window_7j,classe_abc,B,0.1616974377377189,1.3516247359614453,1.6514445363213968,0.03170744659716924,39
1,Ensemble_contraint,units_sold_window_7j,classe_abc,C,0.20088826617114025,0.46611329732519474,0.9192813869968811,0.04215258615707048,153
1,Ensemble_contraint,units_sold_window_7j,treatment_group,controle_0pct,0.1608433155755438,0.6312341441455304,1.1497896943397912,0.022411432154525915,53
1,Ensemble_contraint,units_sold_window_7j,treatment_group,traitement_10pct,0.1861252891812961,0.7634291522351466,1.242340593701426,0.10741756639251179,59
1,Ensemble_contraint,units_sold_window_7j,treatment_group,traitement_15pct,0.17246162538885204,0.8744106971469867,1.3076453693011498,0.030110062687431615,57
1,Ensemble_contraint,units_sold_window_7j,treatment_group,traitement_5pct,0.1838421490414873,0.9224936407260345,1.5039992812717062,0.03510457878298794,56
2,baseline_moyenne_produit,units_sold_window_7j,categorie,Alimentation & Epicerie,0.1465906751622356,0.6120160688023336,1.14049354097862,0.018788176917428706,40
2,baseline_moyenne_produit,units_sold_window_7j,categorie,Bebe & Enfant,0.12487064807506797,0.5381330309901738,0.8628393161899347,-0.0024993422783478004,42
2,baseline_moyenne_produit,units_sold_window_7j,categorie,Electronique & High-Tech,0.18670336530751677,0.9690793723104443,1.5009254140107662,0.02516889174334656,42
2,baseline_moyenne_produit,units_sold_window_7j,categorie,Sport & Loisirs,0.2191777879899772,0.6136978063719362,1.2077406799985917,0.07567789357544862,30
2,baseline_moyenne_produit,units_sold_window_7j,categorie,Telephonie & Accessoires,0.13163428065972907,0.6132231123416647,1.1600846094908381,-0.011463402434034022,41
2,baseline_moyenne_produit,units_sold_window_7j,classe_abc,A,0.15251601979330617,1.5806205687669914,1.9989469328244125,0.019743290695895546,33
2,baseline_moyenne_produit,units_sold_window_7j,classe_abc,B,0.11252174648265766,0.8820253030737358,1.2014829433395027,0.030045831989060228,31
2,baseline_moyenne_produit,units_sold_window_7j,classe_abc,C,0.2024741497003481,0.39567467422358105,0.8747503616608422,-0.006694712511802869,131
2,baseline_moyenne_produit,units_sold_window_7j,treatment_group,controle_0pct,0.18205561343008123,0.6789157250830112,1.3029415520079881,0.012762333870903232,48
2,baseline_moyenne_produit,units_sold_window_7j,treatment_group,traitement_10pct,0.14508229403021908,0.6122472808075246,1.1365257094497354,0.035667199793696334,50
2,baseline_moyenne_produit,units_sold_window_7j,treatment_group,traitement_15pct,0.1489573131792605,0.7204670045609131,1.1977200628566087,-0.03230523324230252,49
2,baseline_moyenne_produit,units_sold_window_7j,treatment_group,traitement_5pct,0.15342730570112215,0.6840300712508363,1.122561198470171,0.04759625956719846,48
2,baseline_mediane_produit,units_sold_window_7j,categorie,Alimentation & Epicerie,0.15568862275449102,0.65,1.2449899597988732,0.011976047904191617,40
2,baseline_mediane_produit,units_sold_window_7j,categorie,Bebe & Enfant,0.1298342541436464,0.5595238095238095,0.9161253813129043,-0.0027624309392265192,42
2,baseline_mediane_produit,units_sold_window_7j,categorie,Electronique & High-Tech,0.19036697247706422,0.9880952380952381,1.541103500742244,0.020642201834862386,42
2,baseline_mediane_produit,units_sold_window_7j,categorie,Sport & Loisirs,0.19047619047619047,0.5333333333333333,1.1254628677422756,0.07142857142857142,30
2,baseline_mediane_produit,units_sold_window_7j,categorie,Telephonie & Accessoires,0.11518324607329843,0.5365853658536586,1.1686974195815552,-0.010471204188481676,41
2,baseline_mediane_produit,units_sold_window_7j,classe_abc,A,0.15204678362573099,1.5757575757575757,2.041241452319315,0.023391812865497075,33
2,baseline_mediane_produit,units_sold_window_7j,classe_abc,B,0.10905349794238683,0.8548387096774194,1.2345823376296523,0.03909465020576132,31
2,baseline_mediane_produit,units_sold_window_7j,classe_abc,C,0.197265625,0.38549618320610685,0.9005935277860242,-0.029296875,131
2,baseline_mediane_produit,units_sold_window_7j,treatment_group,controle_0pct,0.1871508379888268,0.6979166666666666,1.3090231727004173,0.013966480446927373,48
2,baseline_mediane_produit,units_sold_window_7j,treatment_group,traitement_10pct,0.14454976303317535,0.61,1.2020815280171309,0.030805687203791468,50
2,baseline_mediane_produit,units_sold_window_7j,treatment_group,traitement_15pct,0.13924050632911392,0.673469387755102,1.2330483215451478,-0.0379746835443038,49
2,baseline_mediane_produit,units_sold_window_7j,treatment_group,traitement_5pct,0.14953271028037382,0.6666666666666666,1.136515141415488,0.04672897196261682,48
2,GLM_Poisson,units_sold_window_7j,categorie,Alimentation & Epicerie,0.3782730603773073,1.579290027075258,2.3122183875021056,-0.043288082470879306,40
2,GLM_Poisson,units_sold_window_7j,categorie,Bebe & Enfant,0.3591483490892116,1.5477583615511263,2.1056489780342083,0.1391533931469776,42
2,GLM_Poisson,units_sold_window_7j,categorie,Electronique & High-Tech,0.28117253944256854,1.4594193713923795,2.4891171327546138,0.06272924724179224,42
2,GLM_Poisson,units_sold_window_7j,categorie,Sport & Loisirs,0.3989109958395439,1.116950788350723,1.6277280143309008,0.298201391483271,30
2,GLM_Poisson,units_sold_window_7j,categorie,Telephonie & Accessoires,0.32726165576958216,1.5245603963900047,2.3767216623127307,0.0030355389803140786,41
2,GLM_Poisson,units_sold_window_7j,classe_abc,A,0.23178517967611034,2.4021373166433255,3.3227616615067577,0.00548386442055081,33
2,GLM_Poisson,units_sold_window_7j,classe_abc,B,0.2521413620656624,1.976462934901805,2.4893092557198195,0.0978022361708915,31
2,GLM_Poisson,units_sold_window_7j,classe_abc,C,0.566201888038921,1.1064708651752961,1.7797342570115027,0.12351527380529907,131
2,GLM_Poisson,units_sold_window_7j,treatment_group,controle_0pct,0.316332693023159,1.1796573343988637,1.8417149162591848,0.06647224317007007,48
2,GLM_Poisson,units_sold_window_7j,treatment_group,traitement_10pct,0.4040591792636832,1.705129736492743,2.60636078204172,0.16050746126145374,50
2,GLM_Poisson,units_sold_window_7j,treatment_group,traitement_15pct,0.2777051626911468,1.3431861950571793,1.958576611771756,0.004668650010006028,49
2,GLM_Poisson,units_sold_window_7j,treatment_group,traitement_5pct,0.3635159034372199,1.6206750694909386,2.4193006773946806,0.04854794023145263,48
2,GLM_Tweedie,units_sold_window_7j,categorie,Alimentation & Epicerie,0.38165631361925495,1.5934151093603894,2.4423338288005967,-0.0804562021300849,40
2,GLM_Tweedie,units_sold_window_7j,categorie,Bebe & Enfant,0.3695534807824974,1.592599524324572,2.216283659233949,0.13974297534193125,42
2,GLM_Tweedie,units_sold_window_7j,categorie,Electronique & High-Tech,0.3028328155135559,1.5718465186179806,2.579689637914801,0.07608800793733102,42
2,GLM_Tweedie,units_sold_window_7j,categorie,Sport & Loisirs,0.4137817103354454,1.1585887889392472,1.710616976783147,0.31446526261552055,30
2,GLM_Tweedie,units_sold_window_7j,categorie,Telephonie & Accessoires,0.31124511574826624,1.4499467587297281,2.2613587883960933,0.01681606301952467,41
2,GLM_Tweedie,units_sold_window_7j,classe_abc,A,0.24544130254735544,2.543664408218047,3.3570582920110454,0.03812021253152656,33
2,GLM_Tweedie,units_sold_window_7j,classe_abc,B,0.27319748718703435,2.141515786659656,2.6345371316736204,0.11253115380969848,31
2,GLM_Tweedie,units_sold_window_7j,classe_abc,C,0.5489097816267741,1.072678657224841,1.8217984253100756,0.06909861541561585,131
2,GLM_Tweedie,units_sold_window_7j,treatment_group,controle_0pct,0.3339484180552136,1.2453493089975674,2.0322578051865783,0.0644538982363921,48
2,GLM_Tweedie,units_sold_window_7j,treatment_group,traitement_10pct,0.40256402744323205,1.6988201958104392,2.5503071988360957,0.14536679193904767,50
2,GLM_Tweedie,units_sold_window_7j,treatment_group,traitement_15pct,0.2772150051308182,1.3408154329796718,1.9354382088883335,0.02106334977447844,49
2,GLM_Tweedie,units_sold_window_7j,treatment_group,traitement_5pct,0.3758461968022894,1.675647627410207,2.5611462356003636,0.050793335644541304,48
2,LightGBM_Poisson,units_sold_window_7j,categorie,Alimentation & Epicerie,0.17537424799294837,0.7321874853705594,1.2057427017761424,0.054266870124020344,40
2,LightGBM_Poisson,units_sold_window_7j,categorie,Bebe & Enfant,0.24234162756553757,1.0443770140324358,1.4227526879366215,0.03602183874122369,42
2,LightGBM_Poisson,units_sold_window_7j,categorie,Electronique & High-Tech,0.19521486332246762,1.013258100102332,1.6588550043959482,0.07220119363418359,42
2,LightGBM_Poisson,units_sold_window_7j,categorie,Sport & Loisirs,0.27459778181401995,0.7688737890792559,1.1482788503367762,0.1294732759415167,30
2,LightGBM_Poisson,units_sold_window_7j,categorie,Telephonie & Accessoires,0.19131374885726946,0.8912420983350845,1.560151533713525,0.02431446781705762,41
2,LightGBM_Poisson,units_sold_window_7j,classe_abc,A,0.16148335300231023,1.6735547492966696,2.259402156883563,0.043858943027729344,33
2,LightGBM_Poisson,units_sold_window_7j,classe_abc,B,0.17627547448144446,1.381772267709387,1.6118775758240582,0.04450976286862375,31
2,LightGBM_Poisson,units_sold_window_7j,classe_abc,C,0.30176979252663144,0.5897180678383027,1.0668306579675069,0.08213503115121606,131
2,LightGBM_Poisson,units_sold_window_7j,treatment_group,controle_0pct,0.18819173159985889,0.7017983324244738,1.205011931101144,0.036544993601258,48
2,LightGBM_Poisson,units_sold_window_7j,treatment_group,traitement_10pct,0.2662508057511596,1.1235784002698936,1.7494185086332745,0.12029700552041268,50
2,LightGBM_Poisson,units_sold_window_7j,treatment_group,traitement_15pct,0.193437994782893,0.9356082604805233,1.3606297373207037,0.0025632982197506234,49
2,LightGBM_Poisson,units_sold_window_7j,treatment_group,traitement_5pct,0.18507135130459668,0.8251097745663268,1.3280844758235955,0.06687137929793066,48
2,LightGBM_Tweedie,units_sold_window_7j,categorie,Alimentation & Epicerie,0.16760825007598956,0.6997644440672565,1.2258176005886114,0.05209569599898474,40
2,LightGBM_Tweedie,units_sold_window_7j,categorie,Bebe & Enfant,0.2206115697424743,0.9507308124616155,1.3300407573743265,0.03261935473117514,42
2,LightGBM_Tweedie,units_sold_window_7j,categorie,Electronique & High-Tech,0.194284035084329,1.0084266582948505,1.6212278146175014,0.06501874111040763,42
2,LightGBM_Tweedie,units_sold_window_7j,categorie,Sport & Loisirs,0.23442958544127399,0.6564028392355671,0.9760237254192954,0.10860533502169842,30
2,LightGBM_Tweedie,units_sold_window_7j,categorie,Telephonie & Accessoires,0.16827972370301614,0.7839372494457582,1.4348581518472234,0.020444002134260942,41
2,LightGBM_Tweedie,units_sold_window_7j,classe_abc,A,0.16362842684186354,1.6957855145429495,2.225859170263305,0.052954301690403036,33
2,LightGBM_Tweedie,units_sold_window_7j,classe_abc,B,0.16743914361868584,1.3125068354626017,1.5179807356524861,0.04793636934985547,31
2,LightGBM_Tweedie,units_sold_window_7j,classe_abc,C,0.2557033986701053,0.49969519129425155,0.9684196770937563,0.047058256326467984,131
2,LightGBM_Tweedie,units_sold_window_7j,treatment_group,controle_0pct,0.1752029489809899,0.6533609972416081,1.1804660242210805,0.029578184616700906,48
2,LightGBM_Tweedie,units_sold_window_7j,treatment_group,traitement_10pct,0.24760585279778385,1.044896698806648,1.6663743182103172,0.11450147044151451,50
2,LightGBM_Tweedie,units_sold_window_7j,treatment_group,traitement_15pct,0.17516252688489756,0.8472146708514433,1.2710690671907896,-0.009353947259836378,49
2,LightGBM_Tweedie,units_sold_window_7j,treatment_group,traitement_5pct,0.1728458984072646,0.7706046303990547,1.2323104246274539,0.0680766483212183,48
2,LightGBM_L1,units_sold_window_7j,categorie,Alimentation & Epicerie,0.22273845240300222,0.9299330387825343,1.4778675271049515,0.08578461905093832,40
2,LightGBM_L1,units_sold_window_7j,categorie,Bebe & Enfant,0.22148653255484743,0.9545014855339854,1.350019203418617,0.06124251501043626,42
2,LightGBM_L1,units_sold_window_7j,categorie,Electronique & High-Tech,0.20406430508235948,1.0591909168560565,1.8242744871037464,0.0824783447064558,42
2,LightGBM_L1,units_sold_window_7j,categorie,Sport & Loisirs,0.23972833255178166,0.6712393311449887,1.0570194529642023,0.09685059370712981,30
2,LightGBM_L1,units_sold_window_7j,categorie,Telephonie & Accessoires,0.18066978327403974,0.8416567952522339,1.7111536644644836,0.02469276761148708,41
2,LightGBM_L1,units_sold_window_7j,classe_abc,A,0.16805523453676835,1.7416633397446901,2.452192895151445,0.0496642419905154,33
2,LightGBM_L1,units_sold_window_7j,classe_abc,B,0.16093665615614156,1.2615357240626581,1.6393325896957787,0.059842520933197446,31
2,LightGBM_L1,units_sold_window_7j,classe_abc,C,0.3118555208353796,0.6094275827011998,1.1574766893728636,0.09654715188309654,131
2,LightGBM_L1,units_sold_window_7j,treatment_group,controle_0pct,0.18655803833984932,0.6957060179756881,1.2157385907466647,0.057585163836504506,48
2,LightGBM_L1,units_sold_window_7j,treatment_group,traitement_10pct,0.2707398790808162,1.1425222897210445,1.9001855123136167,0.13798502275843516,50
2,LightGBM_L1,units_sold_window_7j,treatment_group,traitement_15pct,0.19720986801580145,0.9538518106070397,1.5491330673117039,0.0071855002591223295,49
2,LightGBM_L1,units_sold_window_7j,treatment_group,traitement_5pct,0.18298490150815033,0.8158076858905036,1.3554171918268014,0.07064218009074698,48
2,LightGBM_Monotone,units_sold_window_7j,categorie,Alimentation & Epicerie,0.15156999005767377,0.632804708490788,1.127630957611674,0.04858353094567976,40
2,LightGBM_Monotone,units_sold_window_7j,categorie,Bebe & Enfant,0.2104338666776969,0.9068697587776937,1.2813397820409855,0.028916905978598004,42
2,LightGBM_Monotone,units_sold_window_7j,categorie,Electronique & High-Tech,0.1895181237763636,0.9836893091249349,1.6155155323220094,0.0626832207728034,42
2,LightGBM_Monotone,units_sold_window_7j,categorie,Sport & Loisirs,0.23457891951849572,0.656820974651788,0.9703095457815073,0.09450622364261936,30
2,LightGBM_Monotone,units_sold_window_7j,categorie,Telephonie & Accessoires,0.16127249357738632,0.7512938115434339,1.3780475727299348,0.008349483631740748,41
2,LightGBM_Monotone,units_sold_window_7j,classe_abc,A,0.1602588472963194,1.660864417434583,2.1937238197443705,0.048022046569113075,33
2,LightGBM_Monotone,units_sold_window_7j,classe_abc,B,0.1556026854437882,1.2197242762206622,1.4294896455184534,0.04109921731593695,31
2,LightGBM_Monotone,units_sold_window_7j,classe_abc,C,0.24454439986794752,0.47788829287171425,0.9303301950073894,0.039589750795933826,131
2,LightGBM_Monotone,units_sold_window_7j,treatment_group,controle_0pct,0.16966115807715143,0.6326947353293771,1.1353470570978772,0.027248350558766236,48
2,LightGBM_Monotone,units_sold_window_7j,treatment_group,traitement_10pct,0.2317404586210919,0.9779447353810079,1.5985772582460391,0.10424551345769976,50
2,LightGBM_Monotone,units_sold_window_7j,treatment_group,traitement_15pct,0.17176132369314648,0.8307639533729737,1.2555038916600736,-0.015502650124133582,49
2,LightGBM_Monotone,units_sold_window_7j,treatment_group,traitement_5pct,0.16471648095439323,0.7343609775883365,1.1959631180463668,0.06236680340184237,48
2,CatBoost_Poisson,units_sold_window_7j,categorie,Alimentation & Epicerie,0.15658853540937637,0.6537571353341464,1.1973665969966256,0.05817517960599313,40
2,CatBoost_Poisson,units_sold_window_7j,categorie,Bebe & Enfant,0.20262816981142018,0.8732309222825488,1.2464848679988632,0.05171161980658583,42
2,CatBoost_Poisson,units_sold_window_7j,categorie,Electronique & High-Tech,0.17430360605925985,0.9047187171647296,1.4458374964289125,0.06555403619243177,42
2,CatBoost_Poisson,units_sold_window_7j,categorie,Sport & Loisirs,0.24470778359154655,0.6851817940563303,1.0617002593203626,0.12983083746172425,30
2,CatBoost_Poisson,units_sold_window_7j,categorie,Telephonie & Accessoires,0.17501889444178398,0.8153319228873351,1.4852135492289713,0.024862343095033414,41
2,CatBoost_Poisson,units_sold_window_7j,classe_abc,A,0.1474451027275208,1.5280674282670335,2.0297706106562705,0.061525228405134205,33
2,CatBoost_Poisson,units_sold_window_7j,classe_abc,B,0.14964445652879727,1.173019449564443,1.4741185104433423,0.05657239783720242,31
2,CatBoost_Poisson,units_sold_window_7j,classe_abc,C,0.2656968939879389,0.5192244645871172,1.0012828966926615,0.05559224671126228,131
2,CatBoost_Poisson,units_sold_window_7j,treatment_group,controle_0pct,0.16687752885329185,0.6223141180154009,1.1134798896393918,0.021214606834667145,48
2,CatBoost_Poisson,units_sold_window_7j,treatment_group,traitement_10pct,0.23045222596285933,0.9725083935632663,1.5118063323972442,0.11739074409865456,50
2,CatBoost_Poisson,units_sold_window_7j,treatment_group,traitement_15pct,0.162652448350692,0.7867067399819185,1.2275503860323589,0.002562546285464344,49
2,CatBoost_Poisson,units_sold_window_7j,treatment_group,traitement_5pct,0.17646310901030665,0.7867313610042839,1.3465376461354273,0.09273902265982549,48
2,Hurdle_zero_positif,units_sold_window_7j,categorie,Alimentation & Epicerie,0.1550900108162668,0.6475007951579139,1.1594866948297935,0.05596055731660222,40
2,Hurdle_zero_positif,units_sold_window_7j,categorie,Bebe & Enfant,0.20027272483011446,0.8630800760535886,1.1705808403774285,0.02184464668704,42
2,Hurdle_zero_positif,units_sold_window_7j,categorie,Electronique & High-Tech,0.18312676858257615,0.9505151321667048,1.5013429262189353,0.06070623070152466,42
2,Hurdle_zero_positif,units_sold_window_7j,categorie,Sport & Loisirs,0.2284073047047746,0.6395404531733689,0.939226007118578,0.07944424946169526,30
2,Hurdle_zero_positif,units_sold_window_7j,categorie,Telephonie & Accessoires,0.1660484501874527,0.773542780141548,1.367149373151732,0.029088856144826522,41
2,Hurdle_zero_positif,units_sold_window_7j,classe_abc,A,0.1578969454999832,1.636386526090735,2.1137934351824557,0.055400648968369805,33
2,Hurdle_zero_positif,units_sold_window_7j,classe_abc,B,0.15269293707389853,1.196915603514753,1.4250927253574805,0.04287303694007042,31
2,Hurdle_zero_positif,units_sold_window_7j,classe_abc,C,0.24166937133836644,0.4722699165085634,0.8679549612881933,0.03670848035149949,131
2,Hurdle_zero_positif,units_sold_window_7j,treatment_group,controle_0pct,0.1741104914968059,0.6492870412068387,1.1659972095895144,0.03007430327687969,48
2,Hurdle_zero_positif,units_sold_window_7j,treatment_group,traitement_10pct,0.22458835097533025,0.9477628411158936,1.507583920004023,0.09973204814419737,50
2,Hurdle_zero_positif,units_sold_window_7j,treatment_group,traitement_15pct,0.17435566376734743,0.8433120880175784,1.215578263647456,-0.009234153596025417,49
2,Hurdle_zero_positif,units_sold_window_7j,treatment_group,traitement_5pct,0.15465554105602394,0.6895059538747734,1.097261584478955,0.06787043388259052,48
2,S_learner,units_sold_window_7j,categorie,Alimentation & Epicerie,0.16760825007598956,0.6997644440672565,1.2258176005886114,0.05209569599898474,40
2,S_learner,units_sold_window_7j,categorie,Bebe & Enfant,0.2206115697424743,0.9507308124616155,1.3300407573743265,0.03261935473117514,42
2,S_learner,units_sold_window_7j,categorie,Electronique & High-Tech,0.194284035084329,1.0084266582948505,1.6212278146175014,0.06501874111040763,42
2,S_learner,units_sold_window_7j,categorie,Sport & Loisirs,0.23442958544127399,0.6564028392355671,0.9760237254192954,0.10860533502169842,30
2,S_learner,units_sold_window_7j,categorie,Telephonie & Accessoires,0.16827972370301614,0.7839372494457582,1.4348581518472234,0.020444002134260942,41
2,S_learner,units_sold_window_7j,classe_abc,A,0.16362842684186354,1.6957855145429495,2.225859170263305,0.052954301690403036,33
2,S_learner,units_sold_window_7j,classe_abc,B,0.16743914361868584,1.3125068354626017,1.5179807356524861,0.04793636934985547,31
2,S_learner,units_sold_window_7j,classe_abc,C,0.2557033986701053,0.49969519129425155,0.9684196770937563,0.047058256326467984,131
2,S_learner,units_sold_window_7j,treatment_group,controle_0pct,0.1752029489809899,0.6533609972416081,1.1804660242210805,0.029578184616700906,48
2,S_learner,units_sold_window_7j,treatment_group,traitement_10pct,0.24760585279778385,1.044896698806648,1.6663743182103172,0.11450147044151451,50
2,S_learner,units_sold_window_7j,treatment_group,traitement_15pct,0.17516252688489756,0.8472146708514433,1.2710690671907896,-0.009353947259836378,49
2,S_learner,units_sold_window_7j,treatment_group,traitement_5pct,0.1728458984072646,0.7706046303990547,1.2323104246274539,0.0680766483212183,48
2,T_learner,units_sold_window_7j,categorie,Alimentation & Epicerie,0.1531978723611442,0.639601117107777,1.1305926105599908,0.030637180636101383,40
2,T_learner,units_sold_window_7j,categorie,Bebe & Enfant,0.19294906686644034,0.8315185976863262,1.2423154285916627,0.0009008036733442255,42
2,T_learner,units_sold_window_7j,categorie,Electronique & High-Tech,0.18368237347343677,0.953398986124029,1.5099701649505526,0.05252043384082624,42
2,T_learner,units_sold_window_7j,categorie,Sport & Loisirs,0.20048893495346437,0.5613690178697002,0.8747447644879857,0.015514254410769297,30
2,T_learner,units_sold_window_7j,categorie,Telephonie & Accessoires,0.16243476796111578,0.7567083092822711,1.497663368222341,-0.02470401700365315,41
2,T_learner,units_sold_window_7j,classe_abc,A,0.15187305394310857,1.5739571045013072,2.04494929124448,0.03569749165847636,33
2,T_learner,units_sold_window_7j,classe_abc,B,0.1443249904687038,1.1313216994804849,1.3549890030317542,0.014682058461429707,31
2,T_learner,units_sold_window_7j,classe_abc,C,0.23986381753348424,0.4687415060196333,1.0027174534381398,-0.009619699305137142,131
2,T_learner,units_sold_window_7j,treatment_group,controle_0pct,0.166890717728192,0.6223633015280493,1.1781690268544411,0.004600344214267028,48
2,T_learner,units_sold_window_7j,treatment_group,traitement_10pct,0.16813936092347334,0.7095481030970575,1.3084457443331852,0.027955438820901724,50
2,T_learner,units_sold_window_7j,treatment_group,traitement_15pct,0.18286516578973136,0.884470291676864,1.3070109389620956,-0.01945912409427812,49
2,T_learner,units_sold_window_7j,treatment_group,traitement_5pct,0.18563928271329225,0.8276418020967613,1.374573483413791,0.05235230157005177,48
2,Ensemble_contraint,units_sold_window_7j,categorie,Alimentation & Epicerie,0.1530692915597951,0.6390642922621446,1.1231909591103748,0.0450604229661278,40
2,Ensemble_contraint,units_sold_window_7j,categorie,Bebe & Enfant,0.2004223363095506,0.8637248302863967,1.2097686936539485,0.017220785446327425,42
2,Ensemble_contraint,units_sold_window_7j,categorie,Electronique & High-Tech,0.18324831627813923,0.9511460225865322,1.5172056538339533,0.058636628438384755,42
2,Ensemble_contraint,units_sold_window_7j,categorie,Sport & Loisirs,0.21873943748438154,0.6124704249562682,0.8927945528842149,0.06315490917169464,30
2,Ensemble_contraint,units_sold_window_7j,categorie,Telephonie & Accessoires,0.1624271576703749,0.7566728564644295,1.381778940241389,0.004244774257638076,41
2,Ensemble_contraint,units_sold_window_7j,classe_abc,A,0.15481709637893862,1.6044680897453638,2.0850158627552005,0.04637339573198642,33
2,Ensemble_contraint,units_sold_window_7j,classe_abc,B,0.14998069362698052,1.1756551145598797,1.3723929018204348,0.03288477090581238,31
2,Ensemble_contraint,units_sold_window_7j,classe_abc,C,0.2413753588356452,0.4716953577246196,0.911996864940007,0.022226177280765407,131
2,Ensemble_contraint,units_sold_window_7j,treatment_group,controle_0pct,0.17022078910071642,0.6347816926880884,1.1491763240569777,0.02064099934997098,48
2,Ensemble_contraint,units_sold_window_7j,treatment_group,traitement_10pct,0.20647493741088147,0.8713242358739198,1.4401642459338728,0.07731100014093295,50
2,Ensemble_contraint,units_sold_window_7j,treatment_group,traitement_15pct,0.17360652332367862,0.8396886944430986,1.2310986723244628,-0.014731975938145684,49
2,Ensemble_contraint,units_sold_window_7j,treatment_group,traitement_5pct,0.1682447117030018,0.7500910063425495,1.2028465262326957,0.06086317961816154,48
3,baseline_moyenne_produit,units_sold_window_7j,categorie,Alimentation & Epicerie,0.12688148090203571,0.5170420346757956,0.9335189490486344,0.04337002063128279,40
3,baseline_moyenne_produit,units_sold_window_7j,categorie,Beaute & Soins,0.14620271776068877,0.43860815328206637,0.718366315743356,0.013795310353281385,39
3,baseline_moyenne_produit,units_sold_window_7j,categorie,Bebe & Enfant,0.13708077506756663,0.5581145842036641,0.8544775006681392,0.0555689609530788,42
3,baseline_moyenne_produit,units_sold_window_7j,categorie,Electronique & High-Tech,0.11646308467695929,0.6322281739606361,0.9902728404259539,-0.020067491136297178,42
3,baseline_moyenne_produit,units_sold_window_7j,categorie,Sport & Loisirs,0.16149659098817876,0.4683401138657184,0.752328526021827,-0.025171979488487622,30
3,baseline_moyenne_produit,units_sold_window_7j,categorie,Telephonie & Accessoires,0.12340067900675387,0.5830682083069121,1.2929019462760847,-0.0002164446103697682,40
3,baseline_moyenne_produit,units_sold_window_7j,classe_abc,A,0.10605745145878964,1.1602042417158502,1.7004350008437958,-0.034318329217095184,33
3,baseline_moyenne_produit,units_sold_window_7j,classe_abc,B,0.12852281036903798,1.0281824829523039,1.2215468394822637,0.024717088526231758,36
3,baseline_moyenne_produit,units_sold_window_7j,classe_abc,C,0.16291966533750019,0.30398425361753084,0.6125878722063315,0.05441109190552954,164
3,baseline_moyenne_produit,units_sold_window_7j,treatment_group,controle_0pct,0.12934291568139553,0.4537963312889639,0.7710643771154759,0.014745014889788504,59
3,baseline_moyenne_produit,units_sold_window_7j,treatment_group,traitement_10pct,0.13124551072850518,0.5583495456416069,0.8910277872172587,0.012279411034703355,59
3,baseline_moyenne_produit,units_sold_window_7j,treatment_group,traitement_15pct,0.16897944681556729,0.7341865620262579,1.3224331258583533,0.04295654998838995,58
3,baseline_moyenne_produit,units_sold_window_7j,treatment_group,traitement_5pct,0.09328693722348748,0.40097016876762165,0.6924223101448692,-0.02277551868447186,57
3,baseline_mediane_produit,units_sold_window_7j,categorie,Alimentation & Epicerie,0.11349693251533742,0.4625,0.9253377761660874,0.03374233128834356,40
3,baseline_mediane_produit,units_sold_window_7j,categorie,Beaute & Soins,0.1111111111111111,0.3333333333333333,0.6887372317211945,0.008547008547008548,39
3,baseline_mediane_produit,units_sold_window_7j,categorie,Bebe & Enfant,0.13157894736842105,0.5357142857142857,0.8694552207862006,0.049707602339181284,42
3,baseline_mediane_produit,units_sold_window_7j,categorie,Electronique & High-Tech,0.10526315789473684,0.5714285714285714,0.9759000729485332,-0.02631578947368421,42
3,baseline_mediane_produit,units_sold_window_7j,categorie,Sport & Loisirs,0.16091954022988506,0.4666666666666667,0.816496580927726,-0.022988505747126436,30
3,baseline_mediane_produit,units_sold_window_7j,categorie,Telephonie & Accessoires,0.10846560846560846,0.5125,1.2170661444638085,0.0026455026455026454,40
3,baseline_mediane_produit,units_sold_window_7j,classe_abc,A,0.09556786703601108,1.0454545454545454,1.5883095645141954,-0.03185595567867036,33
3,baseline_mediane_produit,units_sold_window_7j,classe_abc,B,0.1284722222222222,1.0277777777777777,1.2638125740085917,0.03125,36
3,baseline_mediane_produit,units_sold_window_7j,classe_abc,C,0.13398692810457516,0.25,0.619795402906003,0.032679738562091505,164
3,baseline_mediane_produit,units_sold_window_7j,treatment_group,controle_0pct,0.12318840579710146,0.4322033898305085,0.7784164716845543,0.021739130434782608,59
3,baseline_mediane_produit,units_sold_window_7j,treatment_group,traitement_10pct,0.12350597609561753,0.5254237288135594,0.9205746178983234,0.00398406374501992,59
3,baseline_mediane_produit,units_sold_window_7j,treatment_group,traitement_15pct,0.14285714285714285,0.6206896551724138,1.2456821978060995,0.031746031746031744,58
3,baseline_mediane_produit,units_sold_window_7j,treatment_group,traitement_5pct,0.08163265306122448,0.3508771929824561,0.7008766440504623,-0.024489795918367346,57
3,GLM_Poisson,units_sold_window_7j,categorie,Alimentation & Epicerie,0.3309362256013167,1.3485651193253656,1.8611819607400992,-0.02245209481480548,40
3,GLM_Poisson,units_sold_window_7j,categorie,Beaute & Soins,0.32131186135973383,0.9639355840792015,1.2062667485522953,0.23059832165687552,39
3,GLM_Poisson,units_sold_window_7j,categorie,Bebe & Enfant,0.33371838862993564,1.3587105822790237,1.816136898862966,0.20300437883688766,42
3,GLM_Poisson,units_sold_window_7j,categorie,Electronique & High-Tech,0.32602429090577856,1.7698461506313694,2.914186101131292,0.02497730654966905,42
3,GLM_Poisson,units_sold_window_7j,categorie,Sport & Loisirs,0.3537632839577826,1.0259135234775696,1.4640868680099428,0.236305613901168,30
3,GLM_Poisson,units_sold_window_7j,categorie,Telephonie & Accessoires,0.3664034874246688,1.7312564780815598,2.7508979006537455,0.030259086819419245,40
3,GLM_Poisson,units_sold_window_7j,classe_abc,A,0.26115134744568413,2.856837467511878,3.919012250473595,-0.04444849692240642,33
3,GLM_Poisson,units_sold_window_7j,classe_abc,B,0.27293169741441986,2.183453579315359,2.7049142282375795,0.11216854524552085,36
3,GLM_Poisson,units_sold_window_7j,classe_abc,C,0.49046789176040706,0.9151413102358814,1.323555949086746,0.24100591186282366,164
3,GLM_Poisson,units_sold_window_7j,treatment_group,controle_0pct,0.2833476204233102,0.994117922502122,1.3417746071445007,0.13963843508964338,59
3,GLM_Poisson,units_sold_window_7j,treatment_group,traitement_10pct,0.34415712659201253,1.4641260809253416,2.1530977461136005,0.12985651148431285,59
3,GLM_Poisson,units_sold_window_7j,treatment_group,traitement_15pct,0.37836361589665024,1.6439246759647563,2.73286754862049,0.10484447721307212,58
3,GLM_Poisson,units_sold_window_7j,treatment_group,traitement_5pct,0.33705760307654387,1.4487563641009342,2.0715923665614535,0.00851630190992833,57
3,GLM_Tweedie,units_sold_window_7j,categorie,Alimentation & Epicerie,0.3308676908479982,1.3482858402055926,1.9445379221212826,-0.05968326076986726,40
3,GLM_Tweedie,units_sold_window_7j,categorie,Beaute & Soins,0.30943130601817204,0.928293918054516,1.2608339872566583,0.21902757415342733,39
3,GLM_Tweedie,units_sold_window_7j,categorie,Bebe & Enfant,0.3488014635995929,1.4201202446554855,1.9288506764237408,0.20787863472279755,42
3,GLM_Tweedie,units_sold_window_7j,categorie,Electronique & High-Tech,0.3482544486908885,1.890524150036252,3.067527209498313,0.035442558352708035,42
3,GLM_Tweedie,units_sold_window_7j,categorie,Sport & Loisirs,0.35557924343305136,1.031179805955849,1.5259008747579346,0.2569126137438084,30
3,GLM_Tweedie,units_sold_window_7j,categorie,Telephonie & Accessoires,0.35925832259709406,1.6974955742712694,2.6592521954784787,0.044956534243347016,40
3,GLM_Tweedie,units_sold_window_7j,classe_abc,A,0.274586531309547,3.0038102364468626,3.975455754469908,-0.014640991980982135,33
3,GLM_Tweedie,units_sold_window_7j,classe_abc,B,0.2933765710792843,2.347012568634274,2.8955301464805876,0.13193588076923007,36
3,GLM_Tweedie,units_sold_window_7j,classe_abc,C,0.47189211720702195,0.880481633325297,1.3390565536245096,0.1884380762214988,164
3,GLM_Tweedie,units_sold_window_7j,treatment_group,controle_0pct,0.3123294678243988,1.0957999972822128,1.548426119555745,0.14513613499829858,59
3,GLM_Tweedie,units_sold_window_7j,treatment_group,traitement_10pct,0.3337591186708202,1.4198904879046756,2.103890028893275,0.11654285614391123,59
3,GLM_Tweedie,units_sold_window_7j,treatment_group,traitement_15pct,0.38263156242275914,1.6624681677678501,2.767747277534452,0.11822162799099255,58
3,GLM_Tweedie,units_sold_window_7j,treatment_group,traitement_5pct,0.33946239094843816,1.4590927330239887,2.178492237233587,0.0052526522027865116,57
3,LightGBM_Poisson,units_sold_window_7j,categorie,Alimentation & Epicerie,0.1874698592278897,0.7639396763536505,1.29685359349507,0.08403966177125687,40
3,LightGBM_Poisson,units_sold_window_7j,categorie,Beaute & Soins,0.23157035915728755,0.6947110774718627,0.9946443314012984,0.1100077792579209,39
3,LightGBM_Poisson,units_sold_window_7j,categorie,Bebe & Enfant,0.19764883951566253,0.804713132313769,1.1844957563571907,0.10175387186467458,42
3,LightGBM_Poisson,units_sold_window_7j,categorie,Electronique & High-Tech,0.19048692192663302,1.0340718618874365,1.7004199798165534,0.035501775999327065,42
3,LightGBM_Poisson,units_sold_window_7j,categorie,Sport & Loisirs,0.2671007048964385,0.7745920441996716,1.1205638903211161,0.08053137105119972,30
3,LightGBM_Poisson,units_sold_window_7j,categorie,Telephonie & Accessoires,0.2088745890922002,0.9869324334606459,1.862872842308304,0.030814543334172047,40
3,LightGBM_Poisson,units_sold_window_7j,classe_abc,A,0.1788411362410061,1.9564136419091878,2.616207603586899,-0.011942062838931069,33
3,LightGBM_Poisson,units_sold_window_7j,classe_abc,B,0.16453761494066843,1.3163009195253474,1.6885475972741846,0.05512054614395981,36
3,LightGBM_Poisson,units_sold_window_7j,classe_abc,C,0.2798917131062078,0.5222369768932902,0.9045705962596293,0.17428182165230108,164
3,LightGBM_Poisson,units_sold_window_7j,treatment_group,controle_0pct,0.17179463718463805,0.6027371169020352,1.017052558542557,0.0701107370059419,59
3,LightGBM_Poisson,units_sold_window_7j,treatment_group,traitement_10pct,0.23230838873277282,0.9882950096936607,1.4257814507860769,0.09228052528825482,59
3,LightGBM_Poisson,units_sold_window_7j,treatment_group,traitement_15pct,0.24397446524746852,1.060026986937277,1.8530268281305375,0.08852524179364132,58
3,LightGBM_Poisson,units_sold_window_7j,treatment_group,traitement_5pct,0.1724199460608455,0.7411032769281956,1.2036694471103764,0.020041529349513795,57
3,LightGBM_Tweedie,units_sold_window_7j,categorie,Alimentation & Epicerie,0.18300116196920163,0.7457297350244967,1.3297221142743008,0.08448172358812037,40
3,LightGBM_Tweedie,units_sold_window_7j,categorie,Beaute & Soins,0.20619941552510743,0.6185982465753224,0.952275518514372,0.09487703241105135,39
3,LightGBM_Tweedie,units_sold_window_7j,categorie,Bebe & Enfant,0.18000445665698472,0.7328752878177236,1.1045604575663317,0.0928424672613578,42
3,LightGBM_Tweedie,units_sold_window_7j,categorie,Electronique & High-Tech,0.1754507294408758,0.9524468169647543,1.5316940377538208,0.037886022168327024,42
3,LightGBM_Tweedie,units_sold_window_7j,categorie,Sport & Loisirs,0.22422654378393927,0.6502569769734239,0.9906426058032972,0.052828390655424,30
3,LightGBM_Tweedie,units_sold_window_7j,categorie,Telephonie & Accessoires,0.19125483055146592,0.9036790743556764,1.7954889132756626,0.033309547806373664,40
3,LightGBM_Tweedie,units_sold_window_7j,classe_abc,A,0.16913451564810272,1.8502290954231844,2.4280293717384973,0.00150608131680672,33
3,LightGBM_Tweedie,units_sold_window_7j,classe_abc,B,0.15675493269336377,1.2540394615469102,1.6228494829548719,0.057972379560905146,36
3,LightGBM_Tweedie,units_sold_window_7j,classe_abc,C,0.24245078737600476,0.45237768864059424,0.872710306797835,0.1406439298906731,164
3,LightGBM_Tweedie,units_sold_window_7j,treatment_group,controle_0pct,0.1599332593669176,0.561121774389016,1.023258397141591,0.061771819485254384,59
3,LightGBM_Tweedie,units_sold_window_7j,treatment_group,traitement_10pct,0.21606589658855588,0.9191955939614834,1.3817684150682832,0.09238167213908365,59
3,LightGBM_Tweedie,units_sold_window_7j,treatment_group,traitement_15pct,0.22698289035208688,0.9862015235987223,1.7399026014452865,0.08034558383118479,58
3,LightGBM_Tweedie,units_sold_window_7j,treatment_group,traitement_5pct,0.1463449330624732,0.6290264666720339,1.061757486283805,0.016551549998521074,57
3,LightGBM_L1,units_sold_window_7j,categorie,Alimentation & Epicerie,0.2181085212295018,0.88879222401022,1.5443470964009935,0.11753005333302113,40
3,LightGBM_L1,units_sold_window_7j,categorie,Beaute & Soins,0.23250096963909667,0.69750290891729,0.9841187880698677,0.11919226578247445,39
3,LightGBM_L1,units_sold_window_7j,categorie,Bebe & Enfant,0.2010020594833031,0.8183655278963055,1.23107397626684,0.1064179390276838,42
3,LightGBM_L1,units_sold_window_7j,categorie,Electronique & High-Tech,0.21812648705516863,1.184115215442344,2.110346306490154,0.03151004829985062,42
3,LightGBM_L1,units_sold_window_7j,categorie,Sport & Loisirs,0.26796328250887763,0.7770935192757451,1.2313083538591236,0.07746411580705763,30
3,LightGBM_L1,units_sold_window_7j,categorie,Telephonie & Accessoires,0.22147714659926024,1.0464795176815047,2.130357350217015,0.044136121726785556,40
3,LightGBM_L1,units_sold_window_7j,classe_abc,A,0.1883532295708193,2.060470178032296,2.934307457033356,-0.019647732127253594,33
3,LightGBM_L1,units_sold_window_7j,classe_abc,B,0.18670648703902026,1.493651896312162,2.0062452960492934,0.0758649231473308,36
3,LightGBM_L1,units_sold_window_7j,classe_abc,C,0.2949787443517494,0.5503871693392397,1.0530394636504423,0.19218787872227316,164
3,LightGBM_L1,units_sold_window_7j,treatment_group,controle_0pct,0.18984205076372607,0.6660560086117169,1.0644769602294362,0.09676960886024957,59
3,LightGBM_L1,units_sold_window_7j,treatment_group,traitement_10pct,0.25723231384113515,1.0943273012563546,1.7571833527790286,0.11176857590311937,59
3,LightGBM_L1,units_sold_window_7j,treatment_group,traitement_15pct,0.27404002258242965,1.1906566498409012,2.249683053334796,0.095243229115577,58
3,LightGBM_L1,units_sold_window_7j,treatment_group,traitement_5pct,0.1596317507793896,0.6861364726482535,1.0948409417602158,0.006037722998482842,57
3,LightGBM_Monotone,units_sold_window_7j,categorie,Alimentation & Epicerie,0.18217750524751503,0.7423733338836238,1.3284367964115036,0.09198802208008966,40
3,LightGBM_Monotone,units_sold_window_7j,categorie,Beaute & Soins,0.20496161595114987,0.6148848478534495,0.9437728440643928,0.09213853965675882,39
3,LightGBM_Monotone,units_sold_window_7j,categorie,Bebe & Enfant,0.17952410780571137,0.7309195817803963,1.0888681887710445,0.0892109324908504,42
3,LightGBM_Monotone,units_sold_window_7j,categorie,Electronique & High-Tech,0.1732029595932075,0.9402446377916979,1.5627467782522775,0.03018808672135706,42
3,LightGBM_Monotone,units_sold_window_7j,categorie,Sport & Loisirs,0.21846496490008677,0.6335483982102517,0.9451829425651619,0.04796500483045216,30
3,LightGBM_Monotone,units_sold_window_7j,categorie,Telephonie & Accessoires,0.1860457024822757,0.8790659442287527,1.7762765299652707,0.035513581767409284,40
3,LightGBM_Monotone,units_sold_window_7j,classe_abc,A,0.16413041107939336,1.7954872242321513,2.401100900260295,-0.0007560727092535061,33
3,LightGBM_Monotone,units_sold_window_7j,classe_abc,B,0.15657901742655772,1.2526321394124618,1.6446239271041092,0.05396170985704026,36
3,LightGBM_Monotone,units_sold_window_7j,classe_abc,C,0.24080913052485448,0.44931459719881384,0.8662932792392585,0.14225229461046673,164
3,LightGBM_Monotone,units_sold_window_7j,treatment_group,controle_0pct,0.1588462335402954,0.5573079719125618,0.9970765319404066,0.06488892962056665,59
3,LightGBM_Monotone,units_sold_window_7j,treatment_group,traitement_10pct,0.21165586098593678,0.9004342560588158,1.3750582105525506,0.08771625696064016,59
3,LightGBM_Monotone,units_sold_window_7j,treatment_group,traitement_15pct,0.22540119766100122,0.9793293415615915,1.7598235473883121,0.07673410732313593,58
3,LightGBM_Monotone,units_sold_window_7j,treatment_group,traitement_5pct,0.1437776983601287,0.617991861372483,1.0333581517405523,0.01637325864319053,57
3,CatBoost_Poisson,units_sold_window_7j,categorie,Alimentation & Epicerie,0.15184863209534522,0.6187831757885317,1.1835846168789224,0.06923094906500421,40
3,CatBoost_Poisson,units_sold_window_7j,categorie,Beaute & Soins,0.21695474238557497,0.6508642271567249,1.0217018219184555,0.1189354187214683,39
3,CatBoost_Poisson,units_sold_window_7j,categorie,Bebe & Enfant,0.1969456652267236,0.801850208423089,1.1605249991228903,0.12128814399952792,42
3,CatBoost_Poisson,units_sold_window_7j,categorie,Electronique & High-Tech,0.1663773028768291,0.9031910727599294,1.3802885191348493,0.036463326547018435,42
3,CatBoost_Poisson,units_sold_window_7j,categorie,Sport & Loisirs,0.23029056384142557,0.6678426351401342,0.9897024087739899,0.07716441250169366,30
3,CatBoost_Poisson,units_sold_window_7j,categorie,Telephonie & Accessoires,0.1735808926038123,0.820169717553013,1.6285532144364803,0.03760655238756189,40
3,CatBoost_Poisson,units_sold_window_7j,classe_abc,A,0.15369889383877913,1.6813727477514928,2.1692765922904447,0.014092633179364539,33
3,CatBoost_Poisson,units_sold_window_7j,classe_abc,B,0.14664470571008026,1.173157645680642,1.4917493076383155,0.06373094620485321,36
3,CatBoost_Poisson,units_sold_window_7j,classe_abc,C,0.2512086847593545,0.46871864351440534,0.901901412077442,0.14585944107449403,164
3,CatBoost_Poisson,units_sold_window_7j,treatment_group,controle_0pct,0.1572323605889815,0.5516457396935452,0.9487357681903767,0.0672594071839727,59
3,CatBoost_Poisson,units_sold_window_7j,treatment_group,traitement_10pct,0.20541093491779924,0.8738668587180951,1.3057653886904326,0.09528357233478606,59
3,CatBoost_Poisson,units_sold_window_7j,treatment_group,traitement_15pct,0.2286764691197828,0.9935598313480217,1.656714316382289,0.08904638166354509,58
3,CatBoost_Poisson,units_sold_window_7j,treatment_group,traitement_5pct,0.134110693600787,0.5764407005647862,0.9903782360434249,0.03182195890292444,57
3,Hurdle_zero_positif,units_sold_window_7j,categorie,Alimentation & Epicerie,0.16968442487102078,0.6914640313494097,1.2181269993438903,0.07614945792014474,40
3,Hurdle_zero_positif,units_sold_window_7j,categorie,Beaute & Soins,0.1984207996206954,0.5952623988620862,0.89735265213652,0.10380580499579288,39
3,Hurdle_zero_positif,units_sold_window_7j,categorie,Bebe & Enfant,0.17917611348409718,0.7295027477566813,1.0775778321901592,0.10595626645345299,42
3,Hurdle_zero_positif,units_sold_window_7j,categorie,Electronique & High-Tech,0.1617276980638707,0.8779503609181551,1.3497588852726377,0.04525919413429279,42
3,Hurdle_zero_positif,units_sold_window_7j,categorie,Sport & Loisirs,0.18212825290649798,0.5281719334288442,0.8330777305285936,0.04643946474028419,30
3,Hurdle_zero_positif,units_sold_window_7j,categorie,Telephonie & Accessoires,0.16374728296286625,0.7737059119995431,1.6494847122861864,0.04034245528940353,40
3,Hurdle_zero_positif,units_sold_window_7j,classe_abc,A,0.15125366292482503,1.6546234035109646,2.1765031971300606,0.011813955439487772,33
3,Hurdle_zero_positif,units_sold_window_7j,classe_abc,B,0.1458219268824441,1.1665754150595529,1.5193899295691813,0.06172654726303939,36
3,Hurdle_zero_positif,units_sold_window_7j,classe_abc,C,0.2241206947672621,0.4181764182852573,0.8049509504011546,0.13927494316451677,164
3,Hurdle_zero_positif,units_sold_window_7j,treatment_group,controle_0pct,0.16325152416440641,0.5727638220683412,0.986610781410883,0.07432904240984496,59
3,Hurdle_zero_positif,units_sold_window_7j,treatment_group,traitement_10pct,0.18581470398198363,0.790499842364032,1.2241845258734723,0.09058855141073305,59
3,Hurdle_zero_positif,units_sold_window_7j,treatment_group,traitement_15pct,0.2147985009190067,0.9332624522687878,1.6169439093422904,0.08116127171557891,58
3,Hurdle_zero_positif,units_sold_window_7j,treatment_group,traitement_5pct,0.12497323030076826,0.5371656390120741,0.919631432110886,0.02483158154487668,57
3,S_learner,units_sold_window_7j,categorie,Alimentation & Epicerie,0.18300116196920163,0.7457297350244967,1.3297221142743008,0.08448172358812037,40
3,S_learner,units_sold_window_7j,categorie,Beaute & Soins,0.20619941552510743,0.6185982465753224,0.952275518514372,0.09487703241105135,39
3,S_learner,units_sold_window_7j,categorie,Bebe & Enfant,0.18000445665698472,0.7328752878177236,1.1045604575663317,0.0928424672613578,42
3,S_learner,units_sold_window_7j,categorie,Electronique & High-Tech,0.1754507294408758,0.9524468169647543,1.5316940377538208,0.037886022168327024,42
3,S_learner,units_sold_window_7j,categorie,Sport & Loisirs,0.22422654378393927,0.6502569769734239,0.9906426058032972,0.052828390655424,30
3,S_learner,units_sold_window_7j,categorie,Telephonie & Accessoires,0.19125483055146592,0.9036790743556764,1.7954889132756626,0.033309547806373664,40
3,S_learner,units_sold_window_7j,classe_abc,A,0.16913451564810272,1.8502290954231844,2.4280293717384973,0.00150608131680672,33
3,S_learner,units_sold_window_7j,classe_abc,B,0.15675493269336377,1.2540394615469102,1.6228494829548719,0.057972379560905146,36
3,S_learner,units_sold_window_7j,classe_abc,C,0.24245078737600476,0.45237768864059424,0.872710306797835,0.1406439298906731,164
3,S_learner,units_sold_window_7j,treatment_group,controle_0pct,0.1599332593669176,0.561121774389016,1.023258397141591,0.061771819485254384,59
3,S_learner,units_sold_window_7j,treatment_group,traitement_10pct,0.21606589658855588,0.9191955939614834,1.3817684150682832,0.09238167213908365,59
3,S_learner,units_sold_window_7j,treatment_group,traitement_15pct,0.22698289035208688,0.9862015235987223,1.7399026014452865,0.08034558383118479,58
3,S_learner,units_sold_window_7j,treatment_group,traitement_5pct,0.1463449330624732,0.6290264666720339,1.061757486283805,0.016551549998521074,57
3,T_learner,units_sold_window_7j,categorie,Alimentation & Epicerie,0.14602771137734716,0.5950629238626897,1.0308300489438764,0.05735142401867463,40
3,T_learner,units_sold_window_7j,categorie,Beaute & Soins,0.18236961277145172,0.5471088383143552,0.8727305023589308,0.09719963461460783,39
3,T_learner,units_sold_window_7j,categorie,Bebe & Enfant,0.16866888754821635,0.6867233278748809,1.026410271246042,0.0671799796170176,42
3,T_learner,units_sold_window_7j,categorie,Electronique & High-Tech,0.15141040039332695,0.821942173563775,1.2613494842209416,0.01775266983028571,42
3,T_learner,units_sold_window_7j,categorie,Sport & Loisirs,0.1952343923674556,0.5661797378656213,0.9164758483533804,-0.0178438138099939,30
3,T_learner,units_sold_window_7j,categorie,Telephonie & Accessoires,0.14934000321513954,0.7056315151915344,1.5355551264606755,0.013401149854340455,40
3,T_learner,units_sold_window_7j,classe_abc,A,0.13684055738797102,1.4969527641532587,2.085681548221557,-0.012984962138326483,33
3,T_learner,units_sold_window_7j,classe_abc,B,0.13451245025580427,1.0760996020464342,1.3745973621551104,0.034895658044400264,36
3,T_learner,units_sold_window_7j,classe_abc,C,0.21429849203297988,0.3998496253786088,0.7457976514002389,0.10416356842129966,164
3,T_learner,units_sold_window_7j,treatment_group,controle_0pct,0.1377288963634473,0.48321833130904385,0.8654065656853874,0.04635723338473698,59
3,T_learner,units_sold_window_7j,treatment_group,traitement_10pct,0.15642721278052707,0.665478481490039,1.0245491020945616,0.01662153789742328,59
3,T_learner,units_sold_window_7j,treatment_group,traitement_15pct,0.2099771809244631,0.9123146481545639,1.548567811728212,0.07827365172939582,58
3,T_learner,units_sold_window_7j,treatment_group,traitement_5pct,0.1348040975702466,0.5794211211352706,1.0051380806616879,0.015279659441092112,57
3,Ensemble_contraint,units_sold_window_7j,categorie,Alimentation & Epicerie,0.165963213831961,0.676300096365241,1.171109553879801,0.07516296800630298,40
3,Ensemble_contraint,units_sold_window_7j,categorie,Beaute & Soins,0.19402844773020028,0.5820853431906009,0.8922209549077433,0.09771465975571983,39
3,Ensemble_contraint,units_sold_window_7j,categorie,Bebe & Enfant,0.17489451697030475,0.7120705333790979,1.0434548056359332,0.08744905952044034,42
3,Ensemble_contraint,units_sold_window_7j,categorie,Electronique & High-Tech,0.16149814792567038,0.8767042315964964,1.3652305793243191,0.03106665022864515,42
3,Ensemble_contraint,units_sold_window_7j,categorie,Sport & Loisirs,0.19089220699210502,0.5535874002771045,0.8629708447967506,0.025520218586914122,30
3,Ensemble_contraint,units_sold_window_7j,categorie,Telephonie & Accessoires,0.16362058372657415,0.7731072581080628,1.632608978023946,0.029752395637051038,40
3,Ensemble_contraint,units_sold_window_7j,classe_abc,A,0.14929808684095539,1.6332305863510574,2.1886176226869005,-0.0006423598026974465,33
3,Ensemble_contraint,units_sold_window_7j,classe_abc,B,0.14432753279862567,1.1546202623890054,1.4873574971310295,0.05019463838815996,36
3,Ensemble_contraint,units_sold_window_7j,classe_abc,C,0.22402237223877317,0.4179929628357597,0.7853991667389855,0.12856360206542772,164
3,Ensemble_contraint,units_sold_window_7j,treatment_group,controle_0pct,0.1514153024855809,0.531236739229072,0.9362415865146723,0.06185840180504949,59
3,Ensemble_contraint,units_sold_window_7j,treatment_group,traitement_10pct,0.18063638205196525,0.7684700321193776,1.1706399873362985,0.06497544875626549,59
3,Ensemble_contraint,units_sold_window_7j,treatment_group,traitement_15pct,0.2159560537007282,0.9382918195273019,1.6257215537417606,0.07872301025603687,58
3,Ensemble_contraint,units_sold_window_7j,treatment_group,traitement_5pct,0.13432718227963938,0.5773712220791518,0.9643968883087201,0.018828166543053065,57
4,baseline_moyenne_produit,units_sold_window_7j,categorie,Alimentation & Epicerie,0.12555857430591755,0.5493187625883893,1.2464010301262287,-0.029114011709620736,40
4,baseline_moyenne_produit,units_sold_window_7j,categorie,Beaute & Soins,0.16910413887764367,0.468288384584244,0.8372447872376702,0.09839074713796908,39
4,baseline_moyenne_produit,units_sold_window_7j,categorie,Bebe & Enfant,0.13806758056758056,0.5917182024324882,1.0380233074835177,0.001649447872852113,42
4,baseline_moyenne_produit,units_sold_window_7j,categorie,Electronique & High-Tech,0.13346038690980735,0.7022558454063673,1.0661048057725575,0.011336253591552324,42
4,baseline_moyenne_produit,units_sold_window_7j,categorie,Maison & Cuisine,0.2745619272796812,0.5920241556968125,1.1809877960698087,0.07180738245352515,32
4,baseline_moyenne_produit,units_sold_window_7j,categorie,Mode & Vetements,0.11301482125018301,0.6780889275010981,1.252597450803488,-0.03357132313481229,34
4,baseline_moyenne_produit,units_sold_window_7j,categorie,Sport & Loisirs,0.12588275390220297,0.3524717109261683,0.5537611242158483,0.010157393990796544,30
4,baseline_moyenne_produit,units_sold_window_7j,categorie,Telephonie & Accessoires,0.12838283034828724,0.568094024291171,0.9358387721837299,0.06700716897262587,40
4,baseline_moyenne_produit,units_sold_window_7j,classe_abc,A,0.09617359476157214,0.9430355264120824,1.1640547854396468,0.05517424366289651,36
4,baseline_moyenne_produit,units_sold_window_7j,classe_abc,B,0.14958881126634632,1.220644699933386,1.7561160142895436,-0.013709156798870328,50
4,baseline_moyenne_produit,units_sold_window_7j,classe_abc,C,0.16389300302147916,0.35163897831369,0.7558862745610694,0.011531594609788445,213
4,baseline_moyenne_produit,units_sold_window_7j,treatment_group,controle_0pct,0.136256998210102,0.47152092801653717,1.0084539223560691,0.011943334528061293,76
4,baseline_moyenne_produit,units_sold_window_7j,treatment_group,traitement_10pct,0.12937755740870183,0.5277242473249679,0.8160585172190157,0.02305915667383459,76
4,baseline_moyenne_produit,units_sold_window_7j,treatment_group,traitement_15pct,0.16267137849328944,0.7086232652173431,1.159277170796861,0.03714645557350076,73
4,baseline_moyenne_produit,units_sold_window_7j,treatment_group,traitement_5pct,0.12907793468348563,0.5703849275878351,1.1547165515116804,-0.009018035615918638,74
4,baseline_mediane_produit,units_sold_window_7j,categorie,Alimentation & Epicerie,0.12571428571428572,0.55,1.3416407864998738,-0.03428571428571429,40
4,baseline_mediane_produit,units_sold_window_7j,categorie,Beaute & Soins,0.17592592592592593,0.48717948717948717,0.9473309334313419,0.10185185185185185,39
4,baseline_mediane_produit,units_sold_window_7j,categorie,Bebe & Enfant,0.1361111111111111,0.5833333333333334,1.026436275942851,-0.008333333333333333,42
4,baseline_mediane_produit,units_sold_window_7j,categorie,Electronique & High-Tech,0.1334841628959276,0.7023809523809523,1.104643877110671,0.0022624434389140274,42
4,baseline_mediane_produit,units_sold_window_7j,categorie,Maison & Cuisine,0.2608695652173913,0.5625,1.14564392373896,0.028985507246376812,32
4,baseline_mediane_produit,units_sold_window_7j,categorie,Mode & Vetements,0.09803921568627451,0.5882352941176471,1.2833778958394957,-0.0392156862745098,34
4,baseline_mediane_produit,units_sold_window_7j,categorie,Sport & Loisirs,0.13095238095238096,0.36666666666666664,0.6582805886043833,0.011904761904761904,30
4,baseline_mediane_produit,units_sold_window_7j,categorie,Telephonie & Accessoires,0.12429378531073447,0.55,1.0,0.06779661016949153,40
4,baseline_mediane_produit,units_sold_window_7j,classe_abc,A,0.09348441926345609,0.9166666666666666,1.2133516482134197,0.053824362606232294,36
4,baseline_mediane_produit,units_sold_window_7j,classe_abc,B,0.15073529411764705,1.23,1.8179658962697842,-0.013480392156862746,50
4,baseline_mediane_produit,units_sold_window_7j,classe_abc,C,0.15645514223194748,0.33568075117370894,0.796854143379826,-0.005470459518599562,213
4,baseline_mediane_produit,units_sold_window_7j,treatment_group,controle_0pct,0.13878326996197718,0.48026315789473684,1.0146946649893724,0.013307984790874524,76
4,baseline_mediane_produit,units_sold_window_7j,treatment_group,traitement_10pct,0.11935483870967742,0.4868421052631579,0.835085876453812,0.016129032258064516,76
4,baseline_mediane_produit,units_sold_window_7j,treatment_group,traitement_15pct,0.1619496855345912,0.7054794520547946,1.2564900012684825,0.02358490566037736,73
4,baseline_mediane_produit,units_sold_window_7j,treatment_group,traitement_5pct,0.12538226299694188,0.5540540540540541,1.202474925287819,-0.01529051987767584,74
4,GLM_Poisson,units_sold_window_7j,categorie,Alimentation & Epicerie,0.37042386475793315,1.6206044083159576,2.650634229737515,-0.08745569554699921,40
4,GLM_Poisson,units_sold_window_7j,categorie,Beaute & Soins,0.3662490219062083,1.014228060663346,1.3072634678216455,0.3240735545130196,39
4,GLM_Poisson,units_sold_window_7j,categorie,Bebe & Enfant,0.32775074290581097,1.4046460410249042,1.933004276719642,0.14955270062054907,42
4,GLM_Poisson,units_sold_window_7j,categorie,Electronique & High-Tech,0.33907760384604857,1.7841940583327793,2.6603010536663594,0.05832542823946051,42
4,GLM_Poisson,units_sold_window_7j,categorie,Maison & Cuisine,0.6856312574366533,1.4783923988477836,2.1654760051483244,0.553851869869117,32
4,GLM_Poisson,units_sold_window_7j,categorie,Mode & Vetements,0.3084910580274837,1.8509463481649022,2.7161168670261113,-0.09136668039067189,34
4,GLM_Poisson,units_sold_window_7j,categorie,Sport & Loisirs,0.3302105130213868,0.924589436459883,1.3824093275003195,0.2613645645685644,30
4,GLM_Poisson,units_sold_window_7j,categorie,Telephonie & Accessoires,0.31765155995657246,1.4056081528078332,2.1636797814570703,0.11629638901207916,40
4,GLM_Poisson,units_sold_window_7j,classe_abc,A,0.23607045741028157,2.3148019851619277,2.887521752566335,0.0693069489776334,36
4,GLM_Poisson,units_sold_window_7j,classe_abc,B,0.29539086966841904,2.4103894964942993,3.231284293729003,0.07321294124764087,50
4,GLM_Poisson,units_sold_window_7j,classe_abc,C,0.5003517513956952,1.0735246497081348,1.7131304818427469,0.14723070109699832,213
4,GLM_Poisson,units_sold_window_7j,treatment_group,controle_0pct,0.31057847546540235,1.0747649874658003,1.5703621008810167,0.15779468447562672,76
4,GLM_Poisson,units_sold_window_7j,treatment_group,traitement_10pct,0.3744627324991161,1.5274137772990262,2.219655679764138,0.1562654917518104,76
4,GLM_Poisson,units_sold_window_7j,treatment_group,traitement_15pct,0.3531646184399411,1.5384431323822092,2.1706229313096004,0.10869988943929468,73
4,GLM_Poisson,units_sold_window_7j,treatment_group,traitement_5pct,0.37443780395213777,1.6546102958425546,2.705169590957487,-0.008832433891059522,74
4,GLM_Tweedie,units_sold_window_7j,categorie,Alimentation & Epicerie,0.3712824646279732,1.6243607827473827,2.7677979661465857,-0.12245050496231227,40
4,GLM_Tweedie,units_sold_window_7j,categorie,Beaute & Soins,0.35577796117207283,0.985231277091894,1.3425091983928377,0.3100252482599544,39
4,GLM_Tweedie,units_sold_window_7j,categorie,Bebe & Enfant,0.3445767709883984,1.4767575899502787,2.0276640782801434,0.15201460935054292,42
4,GLM_Tweedie,units_sold_window_7j,categorie,Electronique & High-Tech,0.3621169212154414,1.9054247521098227,2.798154284179723,0.06821173523747706,42
4,GLM_Tweedie,units_sold_window_7j,categorie,Maison & Cuisine,0.6742793445281798,1.4539148366388877,2.1540404727607068,0.5467659875792813,32
4,GLM_Tweedie,units_sold_window_7j,categorie,Mode & Vetements,0.31235994995700467,1.8741596997420282,2.7960544881400313,-0.10360830508692154,34
4,GLM_Tweedie,units_sold_window_7j,categorie,Sport & Loisirs,0.3437740750558951,0.9625674101565062,1.4482535125528924,0.27769360900360507,30
4,GLM_Tweedie,units_sold_window_7j,categorie,Telephonie & Accessoires,0.3131882246324201,1.385857893998459,2.1586656107199524,0.12980898629029555,40
4,GLM_Tweedie,units_sold_window_7j,classe_abc,A,0.2587143240941181,2.5368376779228803,3.075902423100555,0.10187748242872881,36
4,GLM_Tweedie,units_sold_window_7j,classe_abc,B,0.3141868422128761,2.5637646324570693,3.3447295525247305,0.09054148981822917,50
4,GLM_Tweedie,units_sold_window_7j,classe_abc,C,0.48248088420838764,1.0351819910010946,1.7359552918168173,0.09733226500217809,213
4,GLM_Tweedie,units_sold_window_7j,treatment_group,controle_0pct,0.32688431765218146,1.1311917834542595,1.70063615383305,0.15811300073207948,76
4,GLM_Tweedie,units_sold_window_7j,treatment_group,traitement_10pct,0.3664147941301075,1.494586660267544,2.1607461336033253,0.140429059639015,76
4,GLM_Tweedie,units_sold_window_7j,treatment_group,traitement_15pct,0.3589352999023709,1.5635811694377253,2.2512289026585037,0.11968407294590108,73
4,GLM_Tweedie,units_sold_window_7j,treatment_group,traitement_5pct,0.38626166672629747,1.7068589867499901,2.8409314453542955,-0.01771173892432404,74
4,LightGBM_Poisson,units_sold_window_7j,categorie,Alimentation & Epicerie,0.1647218006505541,0.7206578778461743,1.339961862665077,-0.0014985839069454382,40
4,LightGBM_Poisson,units_sold_window_7j,categorie,Beaute & Soins,0.24175555687355718,0.6694769267267737,1.0576090175819046,0.17827371064266356,39
4,LightGBM_Poisson,units_sold_window_7j,categorie,Bebe & Enfant,0.22689232646961927,0.9723956848697969,1.4432979098376324,0.03375399287755546,42
4,LightGBM_Poisson,units_sold_window_7j,categorie,Electronique & High-Tech,0.19259545306145512,1.0134189315852757,1.6383975733972682,0.0635002852438908,42
4,LightGBM_Poisson,units_sold_window_7j,categorie,Maison & Cuisine,0.35491697341529765,0.7652897239267356,1.112454768183743,0.2001536678842913,32
4,LightGBM_Poisson,units_sold_window_7j,categorie,Mode & Vetements,0.1709067159359737,1.0254402956158424,1.771022079413326,-0.011793468660405445,34
4,LightGBM_Poisson,units_sold_window_7j,categorie,Sport & Loisirs,0.2130565930880016,0.5965584606464045,0.912722850876986,0.10227174384434155,30
4,LightGBM_Poisson,units_sold_window_7j,categorie,Telephonie & Accessoires,0.2019502417673297,0.8936298198204339,1.389862430883124,0.1010723114240295,40
4,LightGBM_Poisson,units_sold_window_7j,classe_abc,A,0.16448042227735432,1.6128219184418355,1.9310447734018128,0.08236518151964821,36
4,LightGBM_Poisson,units_sold_window_7j,classe_abc,B,0.19244941986958053,1.5703872661357772,2.1694369862600014,0.012327995009342067,50
4,LightGBM_Poisson,units_sold_window_7j,classe_abc,C,0.2511058306464178,0.538757580307103,0.955870275797119,0.09383199204502406,213
4,LightGBM_Poisson,units_sold_window_7j,treatment_group,controle_0pct,0.17434994270064766,0.6033425648719781,1.1021137444749909,0.044047976173987244,76
4,LightGBM_Poisson,units_sold_window_7j,treatment_group,traitement_10pct,0.21620807957455013,0.8819013772119808,1.2793410023604355,0.08256316724411875,76
4,LightGBM_Poisson,units_sold_window_7j,treatment_group,traitement_15pct,0.21526415250293576,0.9377260341908709,1.4376925004685759,0.08174398977629849,73
4,LightGBM_Poisson,units_sold_window_7j,treatment_group,traitement_5pct,0.21407882838468933,0.9459969848891002,1.6299061797188714,0.04223903081506117,74
4,LightGBM_Tweedie,units_sold_window_7j,categorie,Alimentation & Epicerie,0.1359323798969346,0.5947041620490888,1.2353493274301266,0.0017106366992893163,40
4,LightGBM_Tweedie,units_sold_window_7j,categorie,Beaute & Soins,0.21860462395798164,0.6053666509605645,0.9626760421293301,0.16447773914897088,39
4,LightGBM_Tweedie,units_sold_window_7j,categorie,Bebe & Enfant,0.20824043589927094,0.8924590109968755,1.3593488471665005,0.03650392919792218,42
4,LightGBM_Tweedie,units_sold_window_7j,categorie,Electronique & High-Tech,0.18830383277109686,0.9908368343431524,1.6148237400403196,0.05529394414049802,42
4,LightGBM_Tweedie,units_sold_window_7j,categorie,Maison & Cuisine,0.28514498926569265,0.6148438831041498,1.0029721512667078,0.14378549410893945,32
4,LightGBM_Tweedie,units_sold_window_7j,categorie,Mode & Vetements,0.17617602613371003,1.05705615680226,1.7983072911857734,0.001810790785776891,34
4,LightGBM_Tweedie,units_sold_window_7j,categorie,Sport & Loisirs,0.1666824768289683,0.4667109351211112,0.7259790954357125,0.0896066354240662,30
4,LightGBM_Tweedie,units_sold_window_7j,categorie,Telephonie & Accessoires,0.17674598821643628,0.7821009978577306,1.3197421562073521,0.09542436281923398,40
4,LightGBM_Tweedie,units_sold_window_7j,classe_abc,A,0.15536465093929558,1.5234367161547595,1.8384513324753777,0.0883091298070691,36
4,LightGBM_Tweedie,units_sold_window_7j,classe_abc,B,0.18573652580482766,1.5156100505673935,2.125810056523661,0.01673825255142549,50
4,LightGBM_Tweedie,units_sold_window_7j,classe_abc,C,0.21175481098975482,0.4543283972878777,0.8783001215145526,0.07343318666675018,213
4,LightGBM_Tweedie,units_sold_window_7j,treatment_group,controle_0pct,0.15065135327588858,0.5213329725205091,1.0155761605471134,0.029592390073412474,76
4,LightGBM_Tweedie,units_sold_window_7j,treatment_group,traitement_10pct,0.20852789460720483,0.8505743069504408,1.2658060899460943,0.08952433165452864,76
4,LightGBM_Tweedie,units_sold_window_7j,treatment_group,traitement_15pct,0.19885263514032414,0.8662347667756586,1.3816625884148848,0.06985439416757824,73
4,LightGBM_Tweedie,units_sold_window_7j,treatment_group,traitement_5pct,0.1831684456203171,0.8094065097005904,1.5264601515989835,0.04223931933357978,74
4,LightGBM_L1,units_sold_window_7j,categorie,Alimentation & Epicerie,0.20543519196554932,0.8987789648492782,1.6686244434030182,0.03346903019538249,40
4,LightGBM_L1,units_sold_window_7j,categorie,Beaute & Soins,0.22345354478190405,0.6187944317037343,0.9073739701143375,0.1650333852737598,39
4,LightGBM_L1,units_sold_window_7j,categorie,Bebe & Enfant,0.21606859002551565,0.9260082429664956,1.3922080976758977,0.02896997285333783,42
4,LightGBM_L1,units_sold_window_7j,categorie,Electronique & High-Tech,0.21644966055876463,1.138937499606833,1.8093608726860513,0.057227348752741915,42
4,LightGBM_L1,units_sold_window_7j,categorie,Maison & Cuisine,0.4004915980070172,0.8635600082026309,1.3696816280444288,0.26367651274062825,32
4,LightGBM_L1,units_sold_window_7j,categorie,Mode & Vetements,0.19381060893389823,1.1628636536033894,2.021973831543392,-0.013027595229632476,34
4,LightGBM_L1,units_sold_window_7j,categorie,Sport & Loisirs,0.19455658648460913,0.5447584421569055,0.9688865723719075,0.08559661828451486,30
4,LightGBM_L1,units_sold_window_7j,categorie,Telephonie & Accessoires,0.21038404557996013,0.9309494016913236,1.652640655829518,0.12691069689997675,40
4,LightGBM_L1,units_sold_window_7j,classe_abc,A,0.1701298992548241,1.6682181788042474,1.9769732159632394,0.08513589745053496,36
4,LightGBM_L1,units_sold_window_7j,classe_abc,B,0.20668278547395147,1.686531529467444,2.4734310774619415,0.011562976958600825,50
4,LightGBM_L1,units_sold_window_7j,classe_abc,C,0.2695436444759978,0.57831664565977,1.0882209120885529,0.11370069567181675,213
4,LightGBM_L1,units_sold_window_7j,treatment_group,controle_0pct,0.18118883642040345,0.6270087365600804,1.1147738858395007,0.07716187850260751,76
4,LightGBM_L1,units_sold_window_7j,treatment_group,traitement_10pct,0.25383268367936324,1.0353701571131921,1.6511224203150419,0.10420055181088284,76
4,LightGBM_L1,units_sold_window_7j,treatment_group,traitement_15pct,0.22591659503745515,0.9841298249576813,1.5947610766346574,0.07665999976754719,73
4,LightGBM_L1,units_sold_window_7j,treatment_group,traitement_5pct,0.2121761568647604,0.937589233713198,1.6907522586948172,0.029841771521494708,74
4,LightGBM_Monotone,units_sold_window_7j,categorie,Alimentation & Epicerie,0.145535784666331,0.6367190579151981,1.3123762313976026,-0.003841034538243035,40
4,LightGBM_Monotone,units_sold_window_7j,categorie,Beaute & Soins,0.22178534339948255,0.6141747971062593,0.9640600767165584,0.17004278995839256,39
4,LightGBM_Monotone,units_sold_window_7j,categorie,Bebe & Enfant,0.19941975446348734,0.8546560905578028,1.3353681477317663,0.033011273609898036,42
4,LightGBM_Monotone,units_sold_window_7j,categorie,Electronique & High-Tech,0.18653731441234125,0.9815415829792242,1.6341506673162165,0.05394217198881033,42
4,LightGBM_Monotone,units_sold_window_7j,categorie,Maison & Cuisine,0.2915905023827261,0.6287420207627532,1.0140451750701815,0.13765041940656042,32
4,LightGBM_Monotone,units_sold_window_7j,categorie,Mode & Vetements,0.17012405300085354,1.0207443180051212,1.7961269329637044,-0.0031913334822000184,34
4,LightGBM_Monotone,units_sold_window_7j,categorie,Sport & Loisirs,0.1597266610998793,0.44723465107966204,0.7011813791187039,0.08406881856352988,30
4,LightGBM_Monotone,units_sold_window_7j,categorie,Telephonie & Accessoires,0.17774458934722537,0.7865198078614724,1.3202546920985188,0.10704754271613558,40
4,LightGBM_Monotone,units_sold_window_7j,classe_abc,A,0.1583614566350874,1.5528220608940515,1.8957833218109696,0.09492665670925969,36
4,LightGBM_Monotone,units_sold_window_7j,classe_abc,B,0.1818929896951715,1.4842467959125996,2.096975628184435,0.013596430789980043,50
4,LightGBM_Monotone,units_sold_window_7j,classe_abc,C,0.21035192785103354,0.45131845553015176,0.8934003185687106,0.0686111130825349,213
4,LightGBM_Monotone,units_sold_window_7j,treatment_group,controle_0pct,0.14871108325261229,0.514618617045224,1.0050133813452429,0.0319996840787406,76
4,LightGBM_Monotone,units_sold_window_7j,treatment_group,traitement_10pct,0.20330064048596164,0.8292526125085277,1.272885605449844,0.08703917789066644,76
4,LightGBM_Monotone,units_sold_window_7j,treatment_group,traitement_15pct,0.19972338311205737,0.8700278880771815,1.3982390120154047,0.06699810535586004,73
4,LightGBM_Monotone,units_sold_window_7j,treatment_group,traitement_5pct,0.1853165618960819,0.8188988613516051,1.5449822994329512,0.04192132323370063,74
4,CatBoost_Poisson,units_sold_window_7j,categorie,Alimentation & Epicerie,0.14646517800342396,0.6407851537649798,1.3288113867669518,-0.012588102791463116,40
4,CatBoost_Poisson,units_sold_window_7j,categorie,Beaute & Soins,0.22269543248368204,0.6166950438009656,1.008176493896547,0.16342993800389868,39
4,CatBoost_Poisson,units_sold_window_7j,categorie,Bebe & Enfant,0.22446110773445377,0.9619761760048019,1.4092300246634784,0.05825792577262331,42
4,CatBoost_Poisson,units_sold_window_7j,categorie,Electronique & High-Tech,0.18998674678574332,0.999692167610697,1.593745482397029,0.05664456957528063,42
4,CatBoost_Poisson,units_sold_window_7j,categorie,Maison & Cuisine,0.31569390286558924,0.6807149780539268,1.0764543553467898,0.16371221357036797,32
4,CatBoost_Poisson,units_sold_window_7j,categorie,Mode & Vetements,0.17145472531221842,1.0287283518733104,1.7387364924099002,-0.0032270087104120065,34
4,CatBoost_Poisson,units_sold_window_7j,categorie,Sport & Loisirs,0.1836338499215374,0.5141747797803047,0.831377771574393,0.10833297994277633,30
4,CatBoost_Poisson,units_sold_window_7j,categorie,Telephonie & Accessoires,0.17854334404405814,0.7900542973949574,1.354156951687843,0.1040709918453241,40
4,CatBoost_Poisson,units_sold_window_7j,classe_abc,A,0.15350081773416765,1.5051607961155886,1.809648178747439,0.09850759785087752,36
4,CatBoost_Poisson,units_sold_window_7j,classe_abc,B,0.19474229127652926,1.5890970968164788,2.1699371547072817,0.021758060687272967,50
4,CatBoost_Poisson,units_sold_window_7j,classe_abc,C,0.2236739569810247,0.4799014006588183,0.9217998934187588,0.07212317256149677,213
4,CatBoost_Poisson,units_sold_window_7j,treatment_group,controle_0pct,0.15709713307502457,0.5436387631412035,1.0317055174762781,0.03881327566811329,76
4,CatBoost_Poisson,units_sold_window_7j,treatment_group,traitement_10pct,0.21169592171471266,0.8634965227836964,1.2616570293415503,0.08039030023112545,76
4,CatBoost_Poisson,units_sold_window_7j,treatment_group,traitement_15pct,0.20015943618610324,0.8719274069476827,1.4059326219887183,0.08168720866007699,73
4,CatBoost_Poisson,units_sold_window_7j,treatment_group,traitement_5pct,0.19959223059278355,0.8819818838356787,1.5945363855704984,0.04741695332141892,74
4,Hurdle_zero_positif,units_sold_window_7j,categorie,Alimentation & Epicerie,0.1301041047096094,0.5692054581045412,1.2435782701169589,-0.008831113914230852,40
4,Hurdle_zero_positif,units_sold_window_7j,categorie,Beaute & Soins,0.21971202768222292,0.6084333074276943,0.9251349702959266,0.1629322911909884,39
4,Hurdle_zero_positif,units_sold_window_7j,categorie,Bebe & Enfant,0.19694943077613722,0.844068989040588,1.2924827852123575,0.02790658312593267,42
4,Hurdle_zero_positif,units_sold_window_7j,categorie,Electronique & High-Tech,0.1786615225270331,0.9400999161541505,1.5097444654635686,0.05472272872716901,42
4,Hurdle_zero_positif,units_sold_window_7j,categorie,Maison & Cuisine,0.35062154934742706,0.7560277157803896,1.169351006067403,0.22471694593041872,32
4,Hurdle_zero_positif,units_sold_window_7j,categorie,Mode & Vetements,0.16080227251698131,0.9648136351018879,1.6477587055399183,0.00718234900147485,34
4,Hurdle_zero_positif,units_sold_window_7j,categorie,Sport & Loisirs,0.12776341363945307,0.3577375581904686,0.5595606377305391,0.07344820953520899,30
4,Hurdle_zero_positif,units_sold_window_7j,categorie,Telephonie & Accessoires,0.1716755952145367,0.759664508824325,1.2657621888806176,0.1071362230521183,40
4,Hurdle_zero_positif,units_sold_window_7j,classe_abc,A,0.14659592297462581,1.4374544669456364,1.7226244205859937,0.09985249029970254,36
4,Hurdle_zero_positif,units_sold_window_7j,classe_abc,B,0.17553277045361906,1.4323474069015316,2.043233181706135,0.011640457901377318,50
4,Hurdle_zero_positif,units_sold_window_7j,classe_abc,C,0.21046332116858854,0.45155745433823924,0.8533651723982543,0.07718674873552274,213
4,Hurdle_zero_positif,units_sold_window_7j,treatment_group,controle_0pct,0.14638078613504624,0.5065545625462784,1.0247595300540213,0.04656573335174574,76
4,Hurdle_zero_positif,units_sold_window_7j,treatment_group,traitement_10pct,0.18590068262097142,0.7582791001644887,1.0952881245858788,0.07428238412683659,76
4,Hurdle_zero_positif,units_sold_window_7j,treatment_group,traitement_15pct,0.19725968452147916,0.8592956120250735,1.3476042947926117,0.07487996492875536,73
4,Hurdle_zero_positif,units_sold_window_7j,treatment_group,traitement_5pct,0.18560101188169967,0.8201558227745377,1.5028197035256616,0.04949671031656929,74
4,S_learner,units_sold_window_7j,categorie,Alimentation & Epicerie,0.1359323798969346,0.5947041620490888,1.2353493274301266,0.0017106366992893163,40
4,S_learner,units_sold_window_7j,categorie,Beaute & Soins,0.21860462395798164,0.6053666509605645,0.9626760421293301,0.16447773914897088,39
4,S_learner,units_sold_window_7j,categorie,Bebe & Enfant,0.20824043589927094,0.8924590109968755,1.3593488471665005,0.03650392919792218,42
4,S_learner,units_sold_window_7j,categorie,Electronique & High-Tech,0.18830383277109686,0.9908368343431524,1.6148237400403196,0.05529394414049802,42
4,S_learner,units_sold_window_7j,categorie,Maison & Cuisine,0.28514498926569265,0.6148438831041498,1.0029721512667078,0.14378549410893945,32
4,S_learner,units_sold_window_7j,categorie,Mode & Vetements,0.17617602613371003,1.05705615680226,1.7983072911857734,0.001810790785776891,34
4,S_learner,units_sold_window_7j,categorie,Sport & Loisirs,0.1666824768289683,0.4667109351211112,0.7259790954357125,0.0896066354240662,30
4,S_learner,units_sold_window_7j,categorie,Telephonie & Accessoires,0.17674598821643628,0.7821009978577306,1.3197421562073521,0.09542436281923398,40
4,S_learner,units_sold_window_7j,classe_abc,A,0.15536465093929558,1.5234367161547595,1.8384513324753777,0.0883091298070691,36
4,S_learner,units_sold_window_7j,classe_abc,B,0.18573652580482766,1.5156100505673935,2.125810056523661,0.01673825255142549,50
4,S_learner,units_sold_window_7j,classe_abc,C,0.21175481098975482,0.4543283972878777,0.8783001215145526,0.07343318666675018,213
4,S_learner,units_sold_window_7j,treatment_group,controle_0pct,0.15065135327588858,0.5213329725205091,1.0155761605471134,0.029592390073412474,76
4,S_learner,units_sold_window_7j,treatment_group,traitement_10pct,0.20852789460720483,0.8505743069504408,1.2658060899460943,0.08952433165452864,76
4,S_learner,units_sold_window_7j,treatment_group,traitement_15pct,0.19885263514032414,0.8662347667756586,1.3816625884148848,0.06985439416757824,73
4,S_learner,units_sold_window_7j,treatment_group,traitement_5pct,0.1831684456203171,0.8094065097005904,1.5264601515989835,0.04223931933357978,74
4,T_learner,units_sold_window_7j,categorie,Alimentation & Epicerie,0.10621945952443453,0.46471013541940104,1.0860319009892683,-0.026902067682041068,40
4,T_learner,units_sold_window_7j,categorie,Beaute & Soins,0.21709828200488956,0.6011952424750788,1.0264835587062742,0.15561240773973056,39
4,T_learner,units_sold_window_7j,categorie,Bebe & Enfant,0.18869958346413596,0.8087125005605826,1.2760660088415838,0.00744466929770744,42
4,T_learner,units_sold_window_7j,categorie,Electronique & High-Tech,0.17615698025048895,0.9269212532228108,1.3679441744813428,0.05383985036483471,42
4,T_learner,units_sold_window_7j,categorie,Maison & Cuisine,0.22386029082693612,0.482698752095581,0.783404321023517,0.08894769582833192,32
4,T_learner,units_sold_window_7j,categorie,Mode & Vetements,0.14189735277069437,0.8513841166241664,1.3682008984724199,-0.020523394560833675,34
4,T_learner,units_sold_window_7j,categorie,Sport & Loisirs,0.1733519183299425,0.485385371323839,0.7358358258746999,0.0026344727644956865,30
4,T_learner,units_sold_window_7j,categorie,Telephonie & Accessoires,0.1344797815834851,0.5950730335069215,1.0369961604213171,0.07455683414805,40
4,T_learner,units_sold_window_7j,classe_abc,A,0.13747682227569008,1.3480366184255166,1.5422835449378933,0.08608058583169997,36
4,T_learner,units_sold_window_7j,classe_abc,B,0.16191634488314435,1.3212373742464578,1.8809789698327593,-0.0016207982937422056,50
4,T_learner,units_sold_window_7j,classe_abc,C,0.18183447061014757,0.3901331129992368,0.7356283589446228,0.02402677982313693,213
4,T_learner,units_sold_window_7j,treatment_group,controle_0pct,0.14027910746433164,0.48543954293577923,0.9325167874990895,0.017499705439070406,76
4,T_learner,units_sold_window_7j,treatment_group,traitement_10pct,0.16020551159579957,0.653469849930235,0.9624713983904951,0.008989063185065945,76
4,T_learner,units_sold_window_7j,treatment_group,traitement_15pct,0.1859790183163461,0.8101551756794255,1.2248615144612547,0.0711051003388676,73
4,T_learner,units_sold_window_7j,treatment_group,traitement_5pct,0.15899418459346717,0.702582410298159,1.3345088812930832,0.03273683623336695,74
4,Ensemble_contraint,units_sold_window_7j,categorie,Alimentation & Epicerie,0.11850834209238917,0.5184739966542027,1.187720494269327,-0.013191405378171654,40
4,Ensemble_contraint,units_sold_window_7j,categorie,Beaute & Soins,0.2195318843621983,0.6079344490030107,0.9588673346998288,0.16286249629637053,39
4,Ensemble_contraint,units_sold_window_7j,categorie,Bebe & Enfant,0.1912986030011322,0.8198511557191379,1.2828700657641363,0.022787508677846055,42
4,Ensemble_contraint,units_sold_window_7j,categorie,Electronique & High-Tech,0.17730622609880786,0.9329684754246795,1.4657380073148887,0.05416825036027135,42
4,Ensemble_contraint,units_sold_window_7j,categorie,Maison & Cuisine,0.2793295282299312,0.6023042952457891,0.9409243061025727,0.15043835372177036,32
4,Ensemble_contraint,units_sold_window_7j,categorie,Mode & Vetements,0.15401037984925237,0.9240622790955142,1.573854608686473,-0.005510793013852914,34
4,Ensemble_contraint,units_sold_window_7j,categorie,Sport & Loisirs,0.1435297644222824,0.4018833403823907,0.6254018421714886,0.05338383362107817,30
4,Ensemble_contraint,units_sold_window_7j,categorie,Telephonie & Accessoires,0.1575345447106908,0.6970903603448069,1.1849857644923312,0.096246866638768,40
4,Ensemble_contraint,units_sold_window_7j,classe_abc,A,0.1451809645552242,1.4235800135553929,1.6710588361268253,0.09361991094688743,36
4,Ensemble_contraint,units_sold_window_7j,classe_abc,B,0.16913621596603404,1.3801515222828378,1.9817118621503043,0.00787203013253841,50
4,Ensemble_contraint,units_sold_window_7j,classe_abc,C,0.19352809813034258,0.41522225749092284,0.7967155099271723,0.05660821388039819,213
4,Ensemble_contraint,units_sold_window_7j,treatment_group,controle_0pct,0.14319246718349446,0.4955213009113032,0.9686738475182569,0.0320217076231856,76
4,Ensemble_contraint,units_sold_window_7j,treatment_group,traitement_10pct,0.17522839699511347,0.7147474087958576,1.0615896021770315,0.05677020840085634,76
4,Ensemble_contraint,units_sold_window_7j,treatment_group,traitement_15pct,0.190092613629372,0.8280746730704149,1.2908366728784044,0.07099439020782769,73
4,Ensemble_contraint,units_sold_window_7j,treatment_group,traitement_5pct,0.17207622133277697,0.7603908699434875,1.4402043262278261,0.04138495659454563,74
5,baseline_moyenne_produit,units_sold_window_7j,categorie,Alimentation & Epicerie,0.11372926969841735,0.48619262796073415,0.8703739524482542,-0.005975500298750316,40
5,baseline_moyenne_produit,units_sold_window_7j,categorie,Beaute & Soins,0.14565290134731274,0.43695870404193815,0.7715621102496831,0.011774657084453067,39
5,baseline_moyenne_produit,units_sold_window_7j,categorie,Bebe & Enfant,0.10942243220273086,0.48197976089298117,0.7290204567714342,-0.025212917432618775,42
5,baseline_moyenne_produit,units_sold_window_7j,categorie,Electronique & High-Tech,0.1478146144573563,0.8129803795154597,1.320764811359926,-0.0324601775115129,42
5,baseline_moyenne_produit,units_sold_window_7j,categorie,Maison & Cuisine,0.1374217956683234,0.3091990402537277,0.5366059780261395,-0.04831717296538204,32
5,baseline_moyenne_produit,units_sold_window_7j,categorie,Mode & Vetements,0.12429502764358008,0.6836226520396904,1.2519497505857484,0.05522530459461831,34
5,baseline_moyenne_produit,units_sold_window_7j,categorie,Sport & Loisirs,0.10297985790599379,0.29520892599718224,0.49868840698779565,-0.013827753087663703,30
5,baseline_moyenne_produit,units_sold_window_7j,categorie,Telephonie & Accessoires,0.16535116330725097,0.7541626228891691,1.2744074168564925,0.008485618043658785,41
5,baseline_moyenne_produit,units_sold_window_7j,classe_abc,A,0.12569796138407696,1.3163369844943615,1.7116694077259316,-0.013104631483933756,36
5,baseline_moyenne_produit,units_sold_window_7j,classe_abc,B,0.1086787839032373,0.8868188766504165,1.3177061976059976,-0.013398362778266663,50
5,baseline_moyenne_produit,units_sold_window_7j,classe_abc,C,0.15978452322559158,0.3367421494146813,0.6605373368566314,0.012962374711502895,214
5,baseline_moyenne_produit,units_sold_window_7j,treatment_group,controle_0pct,0.09261924761124041,0.3205113437073188,0.6489636151740109,-0.008629223213464394,76
5,baseline_moyenne_produit,units_sold_window_7j,treatment_group,traitement_10pct,0.13461545473489264,0.5629373561640965,0.9008971419767898,-0.015276127940619307,77
5,baseline_moyenne_produit,units_sold_window_7j,treatment_group,traitement_15pct,0.1509065063343653,0.6718440350502566,1.0695949417708297,0.014076573757856127,73
5,baseline_moyenne_produit,units_sold_window_7j,treatment_group,traitement_5pct,0.14430135626993634,0.6357059749189087,1.2060906314217996,-0.005973725942854916,74
5,baseline_mediane_produit,units_sold_window_7j,categorie,Alimentation & Epicerie,0.11403508771929824,0.4875,0.9519716382329886,-0.014619883040935672,40
5,baseline_mediane_produit,units_sold_window_7j,categorie,Beaute & Soins,0.14102564102564102,0.4230769230769231,0.820412654142367,0.01282051282051282,39
5,baseline_mediane_produit,units_sold_window_7j,categorie,Bebe & Enfant,0.0891891891891892,0.39285714285714285,0.6857390868530795,-0.02972972972972973,42
5,baseline_mediane_produit,units_sold_window_7j,categorie,Electronique & High-Tech,0.14285714285714285,0.7857142857142857,1.318368399991155,-0.03896103896103896,42
5,baseline_mediane_produit,units_sold_window_7j,categorie,Maison & Cuisine,0.11805555555555555,0.265625,0.6187184335382291,-0.0763888888888889,32
5,baseline_mediane_produit,units_sold_window_7j,categorie,Mode & Vetements,0.11229946524064172,0.6176470588235294,1.2947859237091257,0.0481283422459893,34
5,baseline_mediane_produit,units_sold_window_7j,categorie,Sport & Loisirs,0.0872093023255814,0.25,0.5552777082985894,-0.005813953488372093,30
5,baseline_mediane_produit,units_sold_window_7j,categorie,Telephonie & Accessoires,0.16310160427807488,0.7439024390243902,1.3089746499250248,0.013368983957219251,41
5,baseline_mediane_produit,units_sold_window_7j,classe_abc,A,0.1259946949602122,1.3194444444444444,1.742045413363906,-0.011936339522546418,36
5,baseline_mediane_produit,units_sold_window_7j,classe_abc,B,0.10416666666666667,0.85,1.3838352503098048,-0.00857843137254902,50
5,baseline_mediane_produit,units_sold_window_7j,classe_abc,C,0.13968957871396895,0.29439252336448596,0.6801594095724226,-0.004434589800443459,214
5,baseline_mediane_produit,units_sold_window_7j,treatment_group,controle_0pct,0.0741444866920152,0.2565789473684211,0.6150524153958022,-0.0019011406844106464,76
5,baseline_mediane_produit,units_sold_window_7j,treatment_group,traitement_10pct,0.11956521739130435,0.5,0.9027375393407904,-0.020186335403726708,77
5,baseline_mediane_produit,units_sold_window_7j,treatment_group,traitement_15pct,0.1476923076923077,0.6575342465753424,1.1467643581619917,0.0,73
5,baseline_mediane_produit,units_sold_window_7j,treatment_group,traitement_5pct,0.1441717791411043,0.6351351351351351,1.2547208152909253,-0.009202453987730062,74
5,GLM_Poisson,units_sold_window_7j,categorie,Alimentation & Epicerie,0.35610373710850474,1.5223434761388577,2.2951882852357137,-0.06291956115093061,40
5,GLM_Poisson,units_sold_window_7j,categorie,Beaute & Soins,0.3049075982694165,0.9147227948082496,1.233774001792857,0.21835786280074862,39
5,GLM_Poisson,units_sold_window_7j,categorie,Bebe & Enfant,0.2922979849083269,1.2875030287628686,1.732796632821742,0.11922484393655314,42
5,GLM_Poisson,units_sold_window_7j,categorie,Electronique & High-Tech,0.3475065328186609,1.9112859305026348,2.784812163462823,0.022289063277027652,42
5,GLM_Poisson,units_sold_window_7j,categorie,Maison & Cuisine,0.6379685549082001,1.4354292485434503,2.036206132194651,0.500688565752132,32
5,GLM_Poisson,units_sold_window_7j,categorie,Mode & Vetements,0.3141840319919803,1.7280121759558915,2.33885761842725,-0.015850867978387834,34
5,GLM_Poisson,units_sold_window_7j,categorie,Sport & Loisirs,0.3948285089243973,1.1318417255832722,1.5811348256511562,0.23314483756991125,30
5,GLM_Poisson,units_sold_window_7j,categorie,Telephonie & Accessoires,0.2739642552118618,1.2495442859662964,1.9774528903083812,0.04278063864886884,41
5,GLM_Poisson,units_sold_window_7j,classe_abc,A,0.23292751134715464,2.439268660496592,3.1067530138304797,-0.0028207678687642767,36
5,GLM_Poisson,units_sold_window_7j,classe_abc,B,0.28714573039387203,2.343109160013996,2.9393810042610995,0.0730626895637948,50
5,GLM_Poisson,units_sold_window_7j,classe_abc,C,0.4785380310014571,1.008507719540454,1.5230750657427805,0.16493070235293975,214
5,GLM_Poisson,units_sold_window_7j,treatment_group,controle_0pct,0.3409710692949887,1.1799393582181845,1.6762357449232477,0.15540154620598345,76
5,GLM_Poisson,units_sold_window_7j,treatment_group,traitement_10pct,0.3633854625844458,1.519611934444046,2.0854253404402376,0.12324028320226915,77
5,GLM_Poisson,units_sold_window_7j,treatment_group,traitement_15pct,0.30265850432311747,1.347452245274153,1.9598905342313018,0.07122297232828995,73
5,GLM_Poisson,units_sold_window_7j,treatment_group,traitement_5pct,0.35503146527131124,1.564057536195236,2.457955816283334,-0.0017532185071121543,74
5,GLM_Tweedie,units_sold_window_7j,categorie,Alimentation & Epicerie,0.35907831783914324,1.5350598087623373,2.4129195286457477,-0.10415811482249875,40
5,GLM_Tweedie,units_sold_window_7j,categorie,Beaute & Soins,0.3028536747039711,0.9085610241119133,1.3015980823725715,0.20016673961366016,39
5,GLM_Tweedie,units_sold_window_7j,categorie,Bebe & Enfant,0.30475336622678323,1.342366017903688,1.848871902204769,0.12030130052589656,42
5,GLM_Tweedie,units_sold_window_7j,categorie,Electronique & High-Tech,0.3619069646211917,1.9904883054165545,2.9004183950669082,0.027210709804309896,42
5,GLM_Tweedie,units_sold_window_7j,categorie,Maison & Cuisine,0.6223703540800648,1.4003332966801458,2.0027336102762416,0.4933600417564034,32
5,GLM_Tweedie,units_sold_window_7j,categorie,Mode & Vetements,0.31918868395140887,1.7555377617327488,2.424507046199118,-0.030684780031606598,34
5,GLM_Tweedie,units_sold_window_7j,categorie,Sport & Loisirs,0.4008148444023916,1.1490025539535227,1.6426894094808657,0.24517618841787722,30
5,GLM_Tweedie,units_sold_window_7j,categorie,Telephonie & Accessoires,0.2717830428960254,1.239595829794067,1.9093372776922797,0.05173814189736451,41
5,GLM_Tweedie,units_sold_window_7j,classe_abc,A,0.24849630996206903,2.6023085793250007,3.215820683410978,0.023420739241644953,36
5,GLM_Tweedie,units_sold_window_7j,classe_abc,B,0.3048174533301236,2.487310419173809,3.086500963385668,0.08876560927277741,50
5,GLM_Tweedie,units_sold_window_7j,classe_abc,C,0.46243897802385453,0.9745793415362541,1.5374816000916567,0.11008415091826894,214
5,GLM_Tweedie,units_sold_window_7j,treatment_group,controle_0pct,0.3454708765631828,1.1955110596857512,1.7849390888515964,0.15012892764706212,76
5,GLM_Tweedie,units_sold_window_7j,treatment_group,traitement_10pct,0.35721003548160735,1.4937874211049036,2.0521040731433384,0.10408860914171408,77
5,GLM_Tweedie,units_sold_window_7j,treatment_group,traitement_15pct,0.31001550053889043,1.3802059955498547,2.003992382690328,0.0790847819312521,73
5,GLM_Tweedie,units_sold_window_7j,treatment_group,traitement_5pct,0.3680156419227447,1.6212580982001998,2.5861421896439203,-0.012297714420041668,74
5,LightGBM_Poisson,units_sold_window_7j,categorie,Alimentation & Epicerie,0.146970595880507,0.6282992973891675,1.0544186083681129,0.014828285557681741,40
5,LightGBM_Poisson,units_sold_window_7j,categorie,Beaute & Soins,0.1899807526452521,0.5699422579357563,1.056034521581138,0.10649253263226476,39
5,LightGBM_Poisson,units_sold_window_7j,categorie,Bebe & Enfant,0.18246163885436564,0.8037000759061343,1.1632688834712184,0.0007021124468509564,42
5,LightGBM_Poisson,units_sold_window_7j,categorie,Electronique & High-Tech,0.19543049689732095,1.0748677329352652,1.8121773252525037,0.020350267018074044,42
5,LightGBM_Poisson,units_sold_window_7j,categorie,Maison & Cuisine,0.2604577193614381,0.5860298685632357,0.8270785090111061,0.13016382361134815,32
5,LightGBM_Poisson,units_sold_window_7j,categorie,Mode & Vetements,0.17491241867311358,0.9620183027021246,1.565328391968294,0.0777587293314016,34
5,LightGBM_Poisson,units_sold_window_7j,categorie,Sport & Loisirs,0.22803265515147536,0.6536936114342294,0.996921403372153,0.0801827749414848,30
5,LightGBM_Poisson,units_sold_window_7j,categorie,Telephonie & Accessoires,0.19309916960854498,0.8807206028487296,1.544334490449103,0.03023508321961986,41
5,LightGBM_Poisson,units_sold_window_7j,classe_abc,A,0.14826523145749596,1.5526664516521105,2.1294826588323623,0.009601310722938489,36
5,LightGBM_Poisson,units_sold_window_7j,classe_abc,B,0.1668314102107301,1.3613443073195577,1.8263879128134988,0.010451702693868881,50
5,LightGBM_Poisson,units_sold_window_7j,classe_abc,C,0.2427456573096822,0.511580801152648,0.931009833571321,0.10732690395246242,214
5,LightGBM_Poisson,units_sold_window_7j,treatment_group,controle_0pct,0.16845537249891063,0.5829442495685986,1.0405890676478253,0.05249436649036614,76
5,LightGBM_Poisson,units_sold_window_7j,treatment_group,traitement_10pct,0.18201664924093364,0.7611605331893588,1.2029520549554324,0.03724062535419201,77
5,LightGBM_Poisson,units_sold_window_7j,treatment_group,traitement_15pct,0.20461037410684352,0.9109365970510156,1.4202565643711738,0.05329360061721573,73
5,LightGBM_Poisson,units_sold_window_7j,treatment_group,traitement_5pct,0.19641105357239957,0.8652703170892198,1.5358470252280585,0.040400314639863905,74
5,LightGBM_Tweedie,units_sold_window_7j,categorie,Alimentation & Epicerie,0.12629095639893537,0.5398938386054487,1.018162969356383,0.02251028642680591,40
5,LightGBM_Tweedie,units_sold_window_7j,categorie,Beaute & Soins,0.1707871857262252,0.5123615571786756,1.0689536652808742,0.09573860685377174,39
5,LightGBM_Tweedie,units_sold_window_7j,categorie,Bebe & Enfant,0.16626727559697876,0.7323677615581208,1.0659898296016912,0.001548332877969252,42
5,LightGBM_Tweedie,units_sold_window_7j,categorie,Electronique & High-Tech,0.18272201471515406,1.0049710809333472,1.720630538862769,0.012713906827445162,42
5,LightGBM_Tweedie,units_sold_window_7j,categorie,Maison & Cuisine,0.1902983824287926,0.4281713604647833,0.6478875116443737,0.08217762052560872,32
5,LightGBM_Tweedie,units_sold_window_7j,categorie,Mode & Vetements,0.1826334877216794,1.0044841824692365,1.6850396114904553,0.09091966758679686,34
5,LightGBM_Tweedie,units_sold_window_7j,categorie,Sport & Loisirs,0.1858520980179048,0.5327760143179938,0.8818929772520832,0.057787264526663266,30
5,LightGBM_Tweedie,units_sold_window_7j,categorie,Telephonie & Accessoires,0.17733636155175114,0.8088268197604259,1.4363598839648406,0.03336420078864718,41
5,LightGBM_Tweedie,units_sold_window_7j,classe_abc,A,0.13909317653518316,1.4566146542712237,2.0010158022071076,0.017589610781664815,36
5,LightGBM_Tweedie,units_sold_window_7j,classe_abc,B,0.1631076054220012,1.3309580602435298,1.797073047232815,0.016928864067686,50
5,LightGBM_Tweedie,units_sold_window_7j,classe_abc,C,0.20523099971492637,0.4325195367823916,0.8922588805464461,0.0861715012183606,214
5,LightGBM_Tweedie,units_sold_window_7j,treatment_group,controle_0pct,0.14879193963135712,0.5148984226716701,0.9899487797530827,0.04752021829222896,76
5,LightGBM_Tweedie,units_sold_window_7j,treatment_group,traitement_10pct,0.16074088524322583,0.6721891564716717,1.134431709925826,0.03322801786772407,77
5,LightGBM_Tweedie,units_sold_window_7j,treatment_group,traitement_15pct,0.19189127145802612,0.8543104551213491,1.4141184117242047,0.04895951283962885,73
5,LightGBM_Tweedie,units_sold_window_7j,treatment_group,traitement_5pct,0.17880277006793924,0.7876986897587593,1.4539627528090806,0.04077461968294912,74
5,LightGBM_L1,units_sold_window_7j,categorie,Alimentation & Epicerie,0.1735134887156714,0.7417701642594953,1.264098561784548,0.03460681487690262,40
5,LightGBM_L1,units_sold_window_7j,categorie,Beaute & Soins,0.15651320646586128,0.4695396193975839,0.8238465890842428,0.07929538232169395,39
5,LightGBM_L1,units_sold_window_7j,categorie,Bebe & Enfant,0.15799561729596087,0.6959330761845897,1.0842164494049382,-0.004043325224059029,42
5,LightGBM_L1,units_sold_window_7j,categorie,Electronique & High-Tech,0.19760669149588872,1.086836803227388,1.8656868601817886,0.0038326808623174577,42
5,LightGBM_L1,units_sold_window_7j,categorie,Maison & Cuisine,0.25534820097402433,0.5745334521915547,0.9940059630928858,0.1481221712006749,32
5,LightGBM_L1,units_sold_window_7j,categorie,Mode & Vetements,0.1756681091293122,0.9661746002112171,1.7114372374855509,0.07360126006845191,34
5,LightGBM_L1,units_sold_window_7j,categorie,Sport & Loisirs,0.21509390236307724,0.6166025201074881,1.0685605126875724,0.08512821625618429,30
5,LightGBM_L1,units_sold_window_7j,categorie,Telephonie & Accessoires,0.20024203303247268,0.9132990287090827,1.6196703032411108,0.00987358736421641,41
5,LightGBM_L1,units_sold_window_7j,classe_abc,A,0.14544305384729989,1.523111980567557,2.1055665749782553,-0.0012495104892453492,36
5,LightGBM_L1,units_sold_window_7j,classe_abc,B,0.16934880054901752,1.381886212479983,2.011382678458359,0.008334017678095692,50
5,LightGBM_L1,units_sold_window_7j,classe_abc,C,0.23527979466821639,0.49584667007180183,0.9596600126076681,0.1019934918503433,214
5,LightGBM_L1,units_sold_window_7j,treatment_group,controle_0pct,0.16544128050142012,0.5725139048930723,1.0534566586875727,0.07450937979895526,76
5,LightGBM_L1,units_sold_window_7j,treatment_group,traitement_10pct,0.182397798323231,0.7627544293516932,1.3136875849467735,0.05528752271017151,77
5,LightGBM_L1,units_sold_window_7j,treatment_group,traitement_15pct,0.2134409171770013,0.9502506586647319,1.5308660632930902,0.025095821673072005,73
5,LightGBM_L1,units_sold_window_7j,treatment_group,traitement_5pct,0.1792211147402377,0.7895416676394255,1.5186322041829134,0.010348427420777625,74
5,LightGBM_Monotone,units_sold_window_7j,categorie,Alimentation & Epicerie,0.12355399566619943,0.5281933314730025,1.0168324313487058,0.022049611504651664,40
5,LightGBM_Monotone,units_sold_window_7j,categorie,Beaute & Soins,0.17175428285801525,0.5152628485740457,1.108807195744081,0.10449549856906615,39
5,LightGBM_Monotone,units_sold_window_7j,categorie,Bebe & Enfant,0.1664608565775449,0.7332204396868048,1.0543162680440274,0.0014933398578663936,42
5,LightGBM_Monotone,units_sold_window_7j,categorie,Electronique & High-Tech,0.19293905172369624,1.0611647844803294,1.8229917291691002,0.01764252120359218,42
5,LightGBM_Monotone,units_sold_window_7j,categorie,Maison & Cuisine,0.18644893067141416,0.41951009401068184,0.6319236143328252,0.08288591118835162,32
5,LightGBM_Monotone,units_sold_window_7j,categorie,Mode & Vetements,0.18062288867061194,0.9934258876883656,1.7029467709994381,0.09130575093866199,34
5,LightGBM_Monotone,units_sold_window_7j,categorie,Sport & Loisirs,0.18607479130959256,0.5334144017541653,0.8826564779310905,0.0685311625499858,30
5,LightGBM_Monotone,units_sold_window_7j,categorie,Telephonie & Accessoires,0.1815268792260843,0.8279396686653112,1.4908647043444356,0.030824778462339282,41
5,LightGBM_Monotone,units_sold_window_7j,classe_abc,A,0.1468563626596174,1.5379124645187714,2.1239704337264067,0.019038753057825104,36
5,LightGBM_Monotone,units_sold_window_7j,classe_abc,B,0.1611586038395624,1.3150542073308293,1.8223275346466639,0.014404061949093947,50
5,LightGBM_Monotone,units_sold_window_7j,classe_abc,C,0.2053622313453643,0.43279610437737986,0.8991283858246124,0.09311209440449708,214
5,LightGBM_Monotone,units_sold_window_7j,treatment_group,controle_0pct,0.14664793153835448,0.5074790262445689,0.9800896966482809,0.05021153056024545,76
5,LightGBM_Monotone,units_sold_window_7j,treatment_group,traitement_10pct,0.16179005970490323,0.6765766133114135,1.175739234678941,0.040158396840503034,77
5,LightGBM_Monotone,units_sold_window_7j,treatment_group,traitement_15pct,0.1999530037903454,0.8902017292035925,1.4852945871062393,0.04430982558788128,73
5,LightGBM_Monotone,units_sold_window_7j,treatment_group,traitement_5pct,0.17817912262131344,0.7849512699263268,1.474844560347813,0.04451132551659704,74
5,CatBoost_Poisson,units_sold_window_7j,categorie,Alimentation & Epicerie,0.10907252581209244,0.4662850478466952,0.87911318730438,0.006673281005460006,40
5,CatBoost_Poisson,units_sold_window_7j,categorie,Beaute & Soins,0.1509054594983657,0.45271637849509705,0.8516383205781772,0.09507386113884053,39
5,CatBoost_Poisson,units_sold_window_7j,categorie,Bebe & Enfant,0.1744501336358312,0.7684113029197326,1.06438216450387,0.010632532277433555,42
5,CatBoost_Poisson,units_sold_window_7j,categorie,Electronique & High-Tech,0.20102913534050418,1.105660244372773,1.7947790997329995,0.015554070362789826,42
5,CatBoost_Poisson,units_sold_window_7j,categorie,Maison & Cuisine,0.20586004442760997,0.4631850999621224,0.739591674044485,0.08392519068699615,32
5,CatBoost_Poisson,units_sold_window_7j,categorie,Mode & Vetements,0.18209024271753463,1.0014963349464403,1.7377266687746822,0.08081192250647545,34
5,CatBoost_Poisson,units_sold_window_7j,categorie,Sport & Loisirs,0.19116838279816603,0.548016030688076,0.8909328353475848,0.0546499954314725,30
5,CatBoost_Poisson,units_sold_window_7j,categorie,Telephonie & Accessoires,0.1557793356366237,0.7105057503426495,1.3046504038274922,0.025797143656739272,41
5,CatBoost_Poisson,units_sold_window_7j,classe_abc,A,0.14062859225768456,1.4726938689207523,2.0368297117956864,0.020431529887148275,36
5,CatBoost_Poisson,units_sold_window_7j,classe_abc,B,0.15783935443135583,1.2879691321598636,1.7845459977610425,0.015521435387725442,50
5,CatBoost_Poisson,units_sold_window_7j,classe_abc,C,0.20409517748110723,0.43012581796252036,0.8295482245617894,0.07642518366685652,214
5,CatBoost_Poisson,units_sold_window_7j,treatment_group,controle_0pct,0.145381093479839,0.5030950998052323,0.9680950387707818,0.04365854174935175,76
5,CatBoost_Poisson,units_sold_window_7j,treatment_group,traitement_10pct,0.16434684837533362,0.687268638660486,1.1605368363522122,0.041745417813815314,77
5,CatBoost_Poisson,units_sold_window_7j,treatment_group,traitement_15pct,0.18583036457466925,0.8273269655721577,1.3119722393370326,0.03355240311798385,73
5,CatBoost_Poisson,units_sold_window_7j,treatment_group,traitement_5pct,0.17764594995183136,0.782602428166176,1.4484799132768014,0.0388786448157251,74
5,Hurdle_zero_positif,units_sold_window_7j,categorie,Alimentation & Epicerie,0.09452703215083623,0.40410306244482486,0.7668208169747083,0.00619243577258951,40
5,Hurdle_zero_positif,units_sold_window_7j,categorie,Beaute & Soins,0.16629234722934785,0.4988770416880436,1.0197737442063677,0.09163963651597443,39
5,Hurdle_zero_positif,units_sold_window_7j,categorie,Bebe & Enfant,0.15303962744416139,0.6741031208849966,0.9526837465999302,-0.002590432096375475,42
5,Hurdle_zero_positif,units_sold_window_7j,categorie,Electronique & High-Tech,0.174798684285713,0.9613927635714214,1.6230648808856274,0.012429857133655187,42
5,Hurdle_zero_positif,units_sold_window_7j,categorie,Maison & Cuisine,0.20078430453803991,0.4517646852105898,0.7837725965469432,0.10642237269934246,32
5,Hurdle_zero_positif,units_sold_window_7j,categorie,Mode & Vetements,0.16463420672371074,0.905488136980409,1.5853122220995288,0.08697948627350213,34
5,Hurdle_zero_positif,units_sold_window_7j,categorie,Sport & Loisirs,0.1701981830396116,0.48790145804688656,0.8038863902977436,0.04617633634342526,30
5,Hurdle_zero_positif,units_sold_window_7j,categorie,Telephonie & Accessoires,0.16073327569260712,0.7331005501101837,1.3498902943930773,0.04577770183811786,41
5,Hurdle_zero_positif,units_sold_window_7j,classe_abc,A,0.12990739029151246,1.3604190594416723,1.8700004313339378,0.023354094404175935,36
5,Hurdle_zero_positif,units_sold_window_7j,classe_abc,B,0.1473706839468925,1.202544781006643,1.6757371096583125,0.012668222289164087,50
5,Hurdle_zero_positif,units_sold_window_7j,classe_abc,C,0.1887939289591149,0.3978787942082281,0.8252752007743869,0.08128348714397693,214
5,Hurdle_zero_positif,units_sold_window_7j,treatment_group,controle_0pct,0.1383399487443218,0.47872903315469256,0.9266366465650983,0.050441051256554244,76
5,Hurdle_zero_positif,units_sold_window_7j,treatment_group,traitement_10pct,0.1424637413970828,0.5957574640241644,1.021875875573103,0.01797219140195704,77
5,Hurdle_zero_positif,units_sold_window_7j,treatment_group,traitement_15pct,0.17889785139882938,0.7964630370495829,1.343821307179389,0.05269132704195054,73
5,Hurdle_zero_positif,units_sold_window_7j,treatment_group,traitement_5pct,0.1651836018299273,0.7277007323858959,1.3484381587319234,0.044338213453217784,74
5,S_learner,units_sold_window_7j,categorie,Alimentation & Epicerie,0.12629095639893537,0.5398938386054487,1.018162969356383,0.02251028642680591,40
5,S_learner,units_sold_window_7j,categorie,Beaute & Soins,0.1707871857262252,0.5123615571786756,1.0689536652808742,0.09573860685377174,39
5,S_learner,units_sold_window_7j,categorie,Bebe & Enfant,0.16626727559697876,0.7323677615581208,1.0659898296016912,0.001548332877969252,42
5,S_learner,units_sold_window_7j,categorie,Electronique & High-Tech,0.18272201471515406,1.0049710809333472,1.720630538862769,0.012713906827445162,42
5,S_learner,units_sold_window_7j,categorie,Maison & Cuisine,0.1902983824287926,0.4281713604647833,0.6478875116443737,0.08217762052560872,32
5,S_learner,units_sold_window_7j,categorie,Mode & Vetements,0.1826334877216794,1.0044841824692365,1.6850396114904553,0.09091966758679686,34
5,S_learner,units_sold_window_7j,categorie,Sport & Loisirs,0.1858520980179048,0.5327760143179938,0.8818929772520832,0.057787264526663266,30
5,S_learner,units_sold_window_7j,categorie,Telephonie & Accessoires,0.17733636155175114,0.8088268197604259,1.4363598839648406,0.03336420078864718,41
5,S_learner,units_sold_window_7j,classe_abc,A,0.13909317653518316,1.4566146542712237,2.0010158022071076,0.017589610781664815,36
5,S_learner,units_sold_window_7j,classe_abc,B,0.1631076054220012,1.3309580602435298,1.797073047232815,0.016928864067686,50
5,S_learner,units_sold_window_7j,classe_abc,C,0.20523099971492637,0.4325195367823916,0.8922588805464461,0.0861715012183606,214
5,S_learner,units_sold_window_7j,treatment_group,controle_0pct,0.14879193963135712,0.5148984226716701,0.9899487797530827,0.04752021829222896,76
5,S_learner,units_sold_window_7j,treatment_group,traitement_10pct,0.16074088524322583,0.6721891564716717,1.134431709925826,0.03322801786772407,77
5,S_learner,units_sold_window_7j,treatment_group,traitement_15pct,0.19189127145802612,0.8543104551213491,1.4141184117242047,0.04895951283962885,73
5,S_learner,units_sold_window_7j,treatment_group,traitement_5pct,0.17880277006793924,0.7876986897587593,1.4539627528090806,0.04077461968294912,74
5,T_learner,units_sold_window_7j,categorie,Alimentation & Epicerie,0.11343252398372707,0.4849240400304332,0.8635290270221753,0.011848021592057941,40
5,T_learner,units_sold_window_7j,categorie,Beaute & Soins,0.14743828973237041,0.44231486919711127,0.8473174078932573,0.06371537556127875,39
5,T_learner,units_sold_window_7j,categorie,Bebe & Enfant,0.14785332740051693,0.6512587040260865,0.8842715190228164,-0.023320984144955217,42
5,T_learner,units_sold_window_7j,categorie,Electronique & High-Tech,0.1710770260694429,0.9409236433819359,1.5289468402025745,0.006935432971498524,42
5,T_learner,units_sold_window_7j,categorie,Maison & Cuisine,0.14734402136017255,0.3315240480603882,0.49797888381555105,0.04812266180934979,32
5,T_learner,units_sold_window_7j,categorie,Mode & Vetements,0.15882612130254073,0.873543667163974,1.3603194141115793,0.06305900314176208,34
5,T_learner,units_sold_window_7j,categorie,Sport & Loisirs,0.17231173958786886,0.4939603201518908,0.8489763245660695,-0.0034596149909723105,30
5,T_learner,units_sold_window_7j,categorie,Telephonie & Accessoires,0.15070336805526316,0.6873543860081515,1.2630305428258617,0.018500442199232275,41
5,T_learner,units_sold_window_7j,classe_abc,A,0.12928546446218936,1.3539061139512607,1.8486863189443057,0.015797844571241504,36
5,T_learner,units_sold_window_7j,classe_abc,B,0.14960148343979549,1.2207481048687312,1.5807195919187789,0.0011596539827070183,50
5,T_learner,units_sold_window_7j,classe_abc,C,0.17084361063804465,0.36004891774653336,0.6793397853480112,0.04159292326834583,214
5,T_learner,units_sold_window_7j,treatment_group,controle_0pct,0.12149554597354255,0.4204385340926538,0.7888921901422368,0.02090663890726563,76
5,T_learner,units_sold_window_7j,treatment_group,traitement_10pct,0.13489132438405776,0.5640909928787871,0.9486434097603913,-0.01675224760217325,77
5,T_learner,units_sold_window_7j,treatment_group,traitement_15pct,0.18363000341009353,0.8175308370997315,1.1826358156048409,0.031592322020803774,73
5,T_learner,units_sold_window_7j,treatment_group,traitement_5pct,0.1587742564185625,0.6994649674655591,1.315385567423254,0.04544664926642385,74
5,Ensemble_contraint,units_sold_window_7j,categorie,Alimentation & Epicerie,0.10726650978151532,0.458564329315978,0.8575255222200145,0.013363356289766338,40
5,Ensemble_contraint,units_sold_window_7j,categorie,Beaute & Soins,0.1596882637416762,0.4790647912250286,0.976156943872026,0.0866168368821065,39
5,Ensemble_contraint,units_sold_window_7j,categorie,Bebe & Enfant,0.15269691072591582,0.6725935353403435,0.9442108094570618,-0.008139358794488108,42
5,Ensemble_contraint,units_sold_window_7j,categorie,Electronique & High-Tech,0.1777427617799062,0.977585189789484,1.629666842710632,0.012335937102915293,42
5,Ensemble_contraint,units_sold_window_7j,categorie,Maison & Cuisine,0.17053889806219427,0.3837125206399371,0.5847122219483415,0.07914364856568132,32
5,Ensemble_contraint,units_sold_window_7j,categorie,Mode & Vetements,0.1639053785622085,0.9014795820921466,1.5157559989875105,0.08044808011797541,34
5,Ensemble_contraint,units_sold_window_7j,categorie,Sport & Loisirs,0.1712194543956978,0.4908291026010004,0.8172480158574664,0.03708262796747961,30
5,Ensemble_contraint,units_sold_window_7j,categorie,Telephonie & Accessoires,0.162019209001682,0.7389656605686472,1.3444823744899268,0.03170097416656317,41
5,Ensemble_contraint,units_sold_window_7j,classe_abc,A,0.13268221484877707,1.3894776388330266,1.9063054183482262,0.019396897344414195,36
5,Ensemble_contraint,units_sold_window_7j,classe_abc,B,0.14898712883919646,1.2157349713278431,1.6673581474755665,0.00941064607365503,50
5,Ensemble_contraint,units_sold_window_7j,classe_abc,C,0.18509364641783238,0.3900805352076748,0.776231664718623,0.07199616827227327,214
5,Ensemble_contraint,units_sold_window_7j,treatment_group,controle_0pct,0.13309680355691847,0.46058499125617836,0.8845621547516455,0.040519740241355115,76
5,Ensemble_contraint,units_sold_window_7j,treatment_group,traitement_10pct,0.139646332595082,0.5839755726703428,1.007022074095724,0.01379278021342894,77
5,Ensemble_contraint,units_sold_window_7j,treatment_group,traitement_15pct,0.1846987981432003,0.8222891698156177,1.30277693755775,0.042864491550211894,73
5,Ensemble_contraint,units_sold_window_7j,treatment_group,traitement_5pct,0.16652604377667934,0.7336147333945603,1.3622405649394127,0.04476539607874624,74
6,baseline_moyenne_produit,units_sold_window_7j,categorie,Alimentation & Epicerie,0.1519867511804425,0.611746673501281,1.2211826657544513,0.05576992452883322,40
6,baseline_moyenne_produit,units_sold_window_7j,categorie,Beaute & Soins,0.16673772165326958,0.5087638173522842,0.8670857422126488,-0.005680229196009378,39
6,baseline_moyenne_produit,units_sold_window_7j,categorie,Bebe & Enfant,0.115165420960236,0.49905015749435605,0.7987743140651801,-0.008549521299515453,42
6,baseline_moyenne_produit,units_sold_window_7j,categorie,Electronique & High-Tech,0.10395225407053099,0.5692623437195744,0.843206813936327,-0.027502683906146106,42
6,baseline_moyenne_produit,units_sold_window_7j,categorie,Maison & Cuisine,0.1702042585969678,0.37764069876202233,0.5964576675297811,-0.03448440632367725,32
6,baseline_moyenne_produit,units_sold_window_7j,categorie,Mode & Vetements,0.1361794485334927,0.7930450238126928,1.160278386816157,-0.004394905904245841,34
6,baseline_moyenne_produit,units_sold_window_7j,categorie,Sport & Loisirs,0.18771982312757993,0.5193581773196378,0.8446159622823345,0.02189574249130936,30
6,baseline_moyenne_produit,units_sold_window_7j,categorie,Telephonie & Accessoires,0.11960783672944415,0.5280248401958388,0.9837455438063948,0.04225977043110161,41
6,baseline_moyenne_produit,units_sold_window_7j,classe_abc,A,0.08782287241351576,0.9172611118744979,1.118819533750848,-0.010203845808992413,36
6,baseline_moyenne_produit,units_sold_window_7j,classe_abc,B,0.12193735539048964,1.0169575439566836,1.2637550365999615,-0.03438047926554615,50
6,baseline_moyenne_produit,units_sold_window_7j,classe_abc,C,0.18886412171318076,0.38125841392567333,0.8057957322538662,0.05727422947822179,214
6,baseline_moyenne_produit,units_sold_window_7j,treatment_group,controle_0pct,0.13817804449445523,0.4745324949085897,0.8571459192202171,-0.0008160480369765738,76
6,baseline_moyenne_produit,units_sold_window_7j,treatment_group,traitement_10pct,0.13313303485954736,0.5757571507562244,0.8593490484668015,-0.04738249250441028,77
6,baseline_moyenne_produit,units_sold_window_7j,treatment_group,traitement_15pct,0.12745540480023015,0.5831521260722858,0.8915263013667574,-0.013645651706966227,73
6,baseline_moyenne_produit,units_sold_window_7j,treatment_group,traitement_5pct,0.14306633798266413,0.5741986808223142,1.1219360208505402,0.0913069611731453,74
6,baseline_mediane_produit,units_sold_window_7j,categorie,Alimentation & Epicerie,0.13043478260869565,0.525,1.1067971810589328,0.043478260869565216,40
6,baseline_mediane_produit,units_sold_window_7j,categorie,Beaute & Soins,0.16806722689075632,0.5128205128205128,0.9336995618478525,0.0,39
6,baseline_mediane_produit,units_sold_window_7j,categorie,Bebe & Enfant,0.0989010989010989,0.42857142857142855,0.7559289460184544,-0.01098901098901099,42
6,baseline_mediane_produit,units_sold_window_7j,categorie,Electronique & High-Tech,0.09347826086956522,0.5119047619047619,0.8486684247915055,-0.03695652173913044,42
6,baseline_mediane_produit,units_sold_window_7j,categorie,Maison & Cuisine,0.18309859154929578,0.40625,0.6846531968814576,-0.07042253521126761,32
6,baseline_mediane_produit,units_sold_window_7j,categorie,Mode & Vetements,0.1414141414141414,0.8235294117647058,1.2602520756252087,-0.010101010101010102,34
6,baseline_mediane_produit,units_sold_window_7j,categorie,Sport & Loisirs,0.21686746987951808,0.6,1.0,0.024096385542168676,30
6,baseline_mediane_produit,units_sold_window_7j,categorie,Telephonie & Accessoires,0.09944751381215469,0.43902439024390244,1.0121216546949479,0.04419889502762431,41
6,baseline_mediane_produit,units_sold_window_7j,classe_abc,A,0.0851063829787234,0.8888888888888888,1.1785113019775793,-0.010638297872340425,36
6,baseline_mediane_produit,units_sold_window_7j,classe_abc,B,0.12350119904076738,1.03,1.3133925536563698,-0.02997601918465228,50
6,baseline_mediane_produit,units_sold_window_7j,classe_abc,C,0.1712962962962963,0.34579439252336447,0.8145866447893427,0.037037037037037035,214
6,baseline_mediane_produit,units_sold_window_7j,treatment_group,controle_0pct,0.12835249042145594,0.4407894736842105,0.8448761977199287,0.005747126436781609,76
6,baseline_mediane_produit,units_sold_window_7j,treatment_group,traitement_10pct,0.12612612612612611,0.5454545454545454,0.8827348295047496,-0.05405405405405406,77
6,baseline_mediane_produit,units_sold_window_7j,treatment_group,traitement_15pct,0.11676646706586827,0.5342465753424658,0.9436158958517548,-0.02694610778443114,73
6,baseline_mediane_produit,units_sold_window_7j,treatment_group,traitement_5pct,0.1447811447811448,0.581081081081081,1.1566494014340898,0.08417508417508418,74
6,GLM_Poisson,units_sold_window_7j,categorie,Alimentation & Epicerie,0.3300184687493787,1.3283243367162492,1.7241358883831577,0.005757192904101446,40
6,GLM_Poisson,units_sold_window_7j,categorie,Beaute & Soins,0.31464913997107863,0.960083273245086,1.3177781882086381,0.20678512757486556,39
6,GLM_Poisson,units_sold_window_7j,categorie,Bebe & Enfant,0.3134780834606126,1.3584050283293214,1.9075686116533443,0.14814669105375472,42
6,GLM_Poisson,units_sold_window_7j,categorie,Electronique & High-Tech,0.3031800112953014,1.6602714904266507,2.554913017154936,0.03132433736173262,42
6,GLM_Poisson,units_sold_window_7j,categorie,Maison & Cuisine,0.6241783097650995,1.3848956247913145,2.02049912569153,0.5392228327490974,32
6,GLM_Poisson,units_sold_window_7j,categorie,Mode & Vetements,0.3027595908421755,1.7631293819632574,2.3793252834933067,-0.07162229967859296,34
6,GLM_Poisson,units_sold_window_7j,categorie,Sport & Loisirs,0.41404505941635406,1.1455246643852461,1.646331060727177,0.2903317860843764,30
6,GLM_Poisson,units_sold_window_7j,categorie,Telephonie & Accessoires,0.24810997836942691,1.0953147825577139,1.5915768488361448,0.09071398227515129,41
6,GLM_Poisson,units_sold_window_7j,classe_abc,A,0.20841117088403124,2.176738895899882,2.807138462202537,0.008581626985938404,36
6,GLM_Poisson,units_sold_window_7j,classe_abc,B,0.2608942567501309,2.1758581012960914,2.7084737517532322,0.05631144899011427,50
6,GLM_Poisson,units_sold_window_7j,classe_abc,C,0.49477276525985026,0.9987936195899781,1.4842393637660498,0.22595704271757142,214
6,GLM_Poisson,units_sold_window_7j,treatment_group,controle_0pct,0.3519466369456025,1.2086588453000295,1.7351986401632615,0.18295918704292632,76
6,GLM_Poisson,units_sold_window_7j,treatment_group,traitement_10pct,0.33815897940164297,1.4624277940356767,2.0543849848498477,0.09693313720143626,77
6,GLM_Poisson,units_sold_window_7j,treatment_group,traitement_15pct,0.31414091650554693,1.4373022755185296,2.202129232854779,0.05166618192704605,73
6,GLM_Poisson,units_sold_window_7j,treatment_group,traitement_5pct,0.30811199128974276,1.2366116407169405,1.7009346837359787,0.09102498706958212,74
6,GLM_Tweedie,units_sold_window_7j,categorie,Alimentation & Epicerie,0.34164074673619327,1.3751040056131778,1.8705434509702081,-0.044851449213570836,40
6,GLM_Tweedie,units_sold_window_7j,categorie,Beaute & Soins,0.31289071023449955,0.9547178081514216,1.3800123661399388,0.18506459145755977,39
6,GLM_Tweedie,units_sold_window_7j,categorie,Bebe & Enfant,0.31741587346675604,1.3754687850226095,1.9775499373078542,0.14663707050911992,42
6,GLM_Tweedie,units_sold_window_7j,categorie,Electronique & High-Tech,0.3113343205472296,1.7049260410919715,2.620126461817878,0.034601494598844686,42
6,GLM_Tweedie,units_sold_window_7j,categorie,Maison & Cuisine,0.6218776840783257,1.379791111548785,1.9798568054305439,0.5298329581077048,32
6,GLM_Tweedie,units_sold_window_7j,categorie,Mode & Vetements,0.3069491128881915,1.7875271868194682,2.4300388834471707,-0.08725787225255496,34
6,GLM_Tweedie,units_sold_window_7j,categorie,Sport & Loisirs,0.42311770561450524,1.170625652200131,1.6934240930770603,0.30048671877951943,30
6,GLM_Tweedie,units_sold_window_7j,categorie,Telephonie & Accessoires,0.2554910854563774,1.1278996699415684,1.6697576944574974,0.0956178198876683,41
6,GLM_Tweedie,units_sold_window_7j,classe_abc,A,0.2282321777439786,2.3837583008815546,2.9745731282014782,0.03237831347601294,36
6,GLM_Tweedie,units_sold_window_7j,classe_abc,B,0.27780002805539356,2.316852233981982,2.8432567733539864,0.06828918850456667,50
6,GLM_Tweedie,units_sold_window_7j,classe_abc,C,0.4774275992209286,0.9637790788011269,1.482965368358742,0.16524389017380298,214
6,GLM_Tweedie,units_sold_window_7j,treatment_group,controle_0pct,0.36219953789073517,1.2438694656510774,1.834287747313666,0.17267158756881137,76
6,GLM_Tweedie,units_sold_window_7j,treatment_group,traitement_10pct,0.3287338995937501,1.4216673839573868,2.010170803733878,0.07802810916313138,77
6,GLM_Tweedie,units_sold_window_7j,treatment_group,traitement_15pct,0.322740006828397,1.476646058639515,2.26100394290109,0.05511484948995131,73
6,GLM_Tweedie,units_sold_window_7j,treatment_group,traitement_5pct,0.3235993372370068,1.2987703129647437,1.8502198731946933,0.07601748684189155,74
6,LightGBM_Poisson,units_sold_window_7j,categorie,Alimentation & Epicerie,0.14482601072230092,0.5829246931572613,1.0480018938684006,0.06032213742705838,40
6,LightGBM_Poisson,units_sold_window_7j,categorie,Beaute & Soins,0.19986066039757672,0.6098312458285033,0.9660366877016276,0.0858230384818594,39
6,LightGBM_Poisson,units_sold_window_7j,categorie,Bebe & Enfant,0.2354009931359226,1.0200709702556647,1.4424100592981233,0.03274170379880203,42
6,LightGBM_Poisson,units_sold_window_7j,categorie,Electronique & High-Tech,0.17091527588057367,0.9359646060126653,1.3166556255917023,0.030279303201897895,42
6,LightGBM_Poisson,units_sold_window_7j,categorie,Maison & Cuisine,0.27950291866462634,0.6201471007871397,1.0013984505240539,0.14746542211332264,32
6,LightGBM_Poisson,units_sold_window_7j,categorie,Mode & Vetements,0.21779398351577856,1.268329668709534,1.9766123757730716,0.015030789465628486,34
6,LightGBM_Poisson,units_sold_window_7j,categorie,Sport & Loisirs,0.26222452829808857,0.7254878616247117,1.0707978870981294,0.1433852644253874,30
6,LightGBM_Poisson,units_sold_window_7j,categorie,Telephonie & Accessoires,0.14121682412056885,0.62342061380056,1.1193161538200942,0.054427914340028735,41
6,LightGBM_Poisson,units_sold_window_7j,classe_abc,A,0.12689770767958136,1.3253760579867386,1.5776168978830445,0.017234687320636394,36
6,LightGBM_Poisson,units_sold_window_7j,classe_abc,B,0.17129923097347846,1.4286355863188103,1.7764087103349788,-0.008703666161032917,50
6,LightGBM_Poisson,units_sold_window_7j,classe_abc,C,0.27870689835482815,0.5626232714452606,1.0674320250975544,0.1509161866125007,214
6,LightGBM_Poisson,units_sold_window_7j,treatment_group,controle_0pct,0.18743874163124538,0.6437040995494085,1.0762081105367165,0.06900711204094927,76
6,LightGBM_Poisson,units_sold_window_7j,treatment_group,traitement_10pct,0.1870537310874196,0.8089466552222172,1.172752593391958,0.015282976617531648,77
6,LightGBM_Poisson,units_sold_window_7j,treatment_group,traitement_15pct,0.21123902706201422,0.9664908909412705,1.4907184808975176,0.011344503323875552,73
6,LightGBM_Poisson,units_sold_window_7j,treatment_group,traitement_5pct,0.19455373210831775,0.7808440329212213,1.3509975373772607,0.13857728853033205,74
6,LightGBM_Tweedie,units_sold_window_7j,categorie,Alimentation & Epicerie,0.12530607554775783,0.5043569540797253,0.9534480043979914,0.06660168907019172,40
6,LightGBM_Tweedie,units_sold_window_7j,categorie,Beaute & Soins,0.1822911199518784,0.55622162241727,0.9759393753212132,0.062032518862291844,39
6,LightGBM_Tweedie,units_sold_window_7j,categorie,Bebe & Enfant,0.20926271701628918,0.9068051070705865,1.2847667847469548,0.0295496932766772,42
6,LightGBM_Tweedie,units_sold_window_7j,categorie,Electronique & High-Tech,0.1530369788375706,0.8380596460152676,1.1989590215674624,0.02440702296846184,42
6,LightGBM_Tweedie,units_sold_window_7j,categorie,Maison & Cuisine,0.2177475890557563,0.4831274632174593,0.8369149151446488,0.08364644077219233,32
6,LightGBM_Tweedie,units_sold_window_7j,categorie,Mode & Vetements,0.21575941042456911,1.2564812724724908,2.071316113414695,0.028742554066852083,34
6,LightGBM_Tweedie,units_sold_window_7j,categorie,Sport & Loisirs,0.22376117283901287,0.6190725781879356,0.9504205565252895,0.09762307735439582,30
6,LightGBM_Tweedie,units_sold_window_7j,categorie,Telephonie & Accessoires,0.1177542605869843,0.5198419796644916,0.9542023678493251,0.04504542881408351,41
6,LightGBM_Tweedie,units_sold_window_7j,classe_abc,A,0.11573526866959677,1.208790583882455,1.413787417487063,0.021830640964275023,36
6,LightGBM_Tweedie,units_sold_window_7j,classe_abc,B,0.164697550698711,1.3735775728272497,1.7565905127853219,-0.009170449670332525,50
6,LightGBM_Tweedie,units_sold_window_7j,classe_abc,C,0.2338473194556554,0.4720656168450614,0.9898734252231366,0.1217546728930617,214
6,LightGBM_Tweedie,units_sold_window_7j,treatment_group,controle_0pct,0.16638514924768041,0.5714016309690078,1.0212402495630029,0.05860286597616748,76
6,LightGBM_Tweedie,units_sold_window_7j,treatment_group,traitement_10pct,0.15752304195322264,0.6812360126028979,0.9952342695889669,0.00830955060499598,77
6,LightGBM_Tweedie,units_sold_window_7j,treatment_group,traitement_15pct,0.1868000066569575,0.8546740030606,1.4015202737723027,-0.0012126122264907307,73
6,LightGBM_Tweedie,units_sold_window_7j,treatment_group,traitement_5pct,0.18499825763798813,0.7424930070065199,1.3606603794138892,0.13240688987288193,74
6,LightGBM_L1,units_sold_window_7j,categorie,Alimentation & Epicerie,0.1554224280124758,0.6255752727502151,1.0617113882390339,0.09017709105495611,40
6,LightGBM_L1,units_sold_window_7j,categorie,Beaute & Soins,0.18678962308064376,0.5699478242717079,0.9919653747817715,0.05022810015627828,39
6,LightGBM_L1,units_sold_window_7j,categorie,Bebe & Enfant,0.2117948352964111,0.9177776196177815,1.3303075518378118,0.02874419579001115,42
6,LightGBM_L1,units_sold_window_7j,categorie,Electronique & High-Tech,0.1731726559625143,0.9483264493185307,1.551644970257385,0.011033292799898587,42
6,LightGBM_L1,units_sold_window_7j,categorie,Maison & Cuisine,0.29162956133216944,0.6470530892057509,1.0545212526667693,0.1400996161693152,32
6,LightGBM_L1,units_sold_window_7j,categorie,Mode & Vetements,0.21564325480706095,1.2558048368175903,2.0434535920335497,0.0007410638314569479,34
6,LightGBM_L1,units_sold_window_7j,categorie,Sport & Loisirs,0.25832961432006984,0.7147119329521933,1.1502416956827266,0.09926688979619262,30
6,LightGBM_L1,units_sold_window_7j,categorie,Telephonie & Accessoires,0.12298408451459476,0.5429297389546744,1.1146199490353146,0.045892415577313904,41
6,LightGBM_L1,units_sold_window_7j,classe_abc,A,0.12146049584895822,1.2685874010891192,1.675740455043154,0.008538439602177131,36
6,LightGBM_L1,units_sold_window_7j,classe_abc,B,0.1793965699679311,1.4961673935325452,1.9314942020432655,-0.019987216799088683,50
6,LightGBM_L1,units_sold_window_7j,classe_abc,C,0.2598480820096859,0.52455313751488,1.0578472512805779,0.13895475724590925,214
6,LightGBM_L1,units_sold_window_7j,treatment_group,controle_0pct,0.17590984340258994,0.6041114358957366,1.011471839060881,0.08709347587504651,76
6,LightGBM_L1,units_sold_window_7j,treatment_group,traitement_10pct,0.18739927148376023,0.81044100524795,1.2932875275128937,0.01899356749859545,77
6,LightGBM_L1,units_sold_window_7j,treatment_group,traitement_15pct,0.20708513641295484,0.9474854186565331,1.5973642020412628,-0.019124987507837757,73
6,LightGBM_L1,units_sold_window_7j,treatment_group,traitement_5pct,0.1860236547135516,0.7466084520260111,1.3471286049819566,0.10853781031188485,74
6,LightGBM_Monotone,units_sold_window_7j,categorie,Alimentation & Epicerie,0.12164297221414404,0.48961296316192976,0.9159384255952303,0.0659634722450656,40
6,LightGBM_Monotone,units_sold_window_7j,categorie,Beaute & Soins,0.1854761579800936,0.5659400717854138,1.0112503131630828,0.06159945431767485,39
6,LightGBM_Monotone,units_sold_window_7j,categorie,Bebe & Enfant,0.20819704236366354,0.9021871835758754,1.2972334354193162,0.029563182007455044,42
6,LightGBM_Monotone,units_sold_window_7j,categorie,Electronique & High-Tech,0.14937340090829876,0.8179971954502075,1.2082675217312646,0.02430640706880834,42
6,LightGBM_Monotone,units_sold_window_7j,categorie,Maison & Cuisine,0.2209593390629125,0.4902535335458371,0.8535520813189351,0.09045332953177354,32
6,LightGBM_Monotone,units_sold_window_7j,categorie,Mode & Vetements,0.22030087528728717,1.2829286266730253,2.081028289385717,0.023612029387265508,34
6,LightGBM_Monotone,units_sold_window_7j,categorie,Sport & Loisirs,0.21813858724237747,0.6035167580372444,0.8896060891610507,0.09603573963752512,30
6,LightGBM_Monotone,units_sold_window_7j,categorie,Telephonie & Accessoires,0.1253205197599636,0.5532442457695955,1.014742184353524,0.048219964636289095,41
6,LightGBM_Monotone,units_sold_window_7j,classe_abc,A,0.11424286955189644,1.1932033042086962,1.4310743164377127,0.024886346205196277,36
6,LightGBM_Monotone,units_sold_window_7j,classe_abc,B,0.166869961498534,1.3916954788977736,1.7867709782264982,-0.014711107908321051,50
6,LightGBM_Monotone,units_sold_window_7j,classe_abc,C,0.23486119339542239,0.47411231563935735,0.9872943115296087,0.12383065017494231,214
6,LightGBM_Monotone,units_sold_window_7j,treatment_group,controle_0pct,0.16821201684262185,0.5776754788937408,1.0127985924697704,0.05821175761144177,76
6,LightGBM_Monotone,units_sold_window_7j,treatment_group,traitement_10pct,0.15117095890304957,0.6537653157755261,0.9737434079886305,0.00943921101509297,77
6,LightGBM_Monotone,units_sold_window_7j,treatment_group,traitement_15pct,0.19384323553751664,0.8868991872538433,1.4629720365370427,-0.0017249767594884468,73
6,LightGBM_Monotone,units_sold_window_7j,treatment_group,traitement_5pct,0.18522970391600613,0.7434219197709975,1.3493878659981196,0.1311689942222757,74
6,CatBoost_Poisson,units_sold_window_7j,categorie,Alimentation & Epicerie,0.16416620068867932,0.6607689577719343,1.2679215111733693,0.07296273920429959,40
6,CatBoost_Poisson,units_sold_window_7j,categorie,Beaute & Soins,0.1731413893110972,0.528303213538989,0.911935240403114,0.0805854682847411,39
6,CatBoost_Poisson,units_sold_window_7j,categorie,Bebe & Enfant,0.2195947170935961,0.9515771074055831,1.3221154072845889,0.03683219806054261,42
6,CatBoost_Poisson,units_sold_window_7j,categorie,Electronique & High-Tech,0.14458243169616375,0.791760935478992,1.1756491305968584,0.04448888454635504,42
6,CatBoost_Poisson,units_sold_window_7j,categorie,Maison & Cuisine,0.2867192481461174,0.6361583318241979,1.0414438147232175,0.15273461551755765,32
6,CatBoost_Poisson,units_sold_window_7j,categorie,Mode & Vetements,0.22036106271826633,1.283279129947551,1.9400092056943516,0.03764491212970383,34
6,CatBoost_Poisson,units_sold_window_7j,categorie,Sport & Loisirs,0.2351133595366942,0.6504802947181874,1.0330690654892556,0.12491152921808958,30
6,CatBoost_Poisson,units_sold_window_7j,categorie,Telephonie & Accessoires,0.11263824395692923,0.4972566379561998,0.9522138192064799,0.07340830712288061,41
6,CatBoost_Poisson,units_sold_window_7j,classe_abc,A,0.11111900154483148,1.1605762383571288,1.4442782956662281,0.04495643801705528,36
6,CatBoost_Poisson,units_sold_window_7j,classe_abc,B,0.16233770046951188,1.353896421915729,1.6688836374272844,0.007900081224916268,50
6,CatBoost_Poisson,units_sold_window_7j,classe_abc,C,0.26543912916145346,0.5358397373726538,1.0715412000237372,0.13895146176626097,214
6,CatBoost_Poisson,units_sold_window_7j,treatment_group,controle_0pct,0.17686002540003504,0.6073745609132782,1.0821360029585103,0.06492324988053559,76
6,CatBoost_Poisson,units_sold_window_7j,treatment_group,traitement_10pct,0.16741865388432312,0.7240313213438908,1.0608051315632658,0.03149758039720337,77
6,CatBoost_Poisson,units_sold_window_7j,treatment_group,traitement_15pct,0.19353874337183824,0.8855060313177257,1.3848620937155605,0.02508491185874791,73
6,CatBoost_Poisson,units_sold_window_7j,treatment_group,traitement_5pct,0.19391397580911876,0.7782763623690306,1.396998547691399,0.14953859594719632,74
6,Hurdle_zero_positif,units_sold_window_7j,categorie,Alimentation & Epicerie,0.14492887628048257,0.5833387270289423,1.01498525584845,0.04481828202115637,40
6,Hurdle_zero_positif,units_sold_window_7j,categorie,Beaute & Soins,0.17116323207117165,0.5222672978581904,0.9301474674577632,0.050081463755619934,39
6,Hurdle_zero_positif,units_sold_window_7j,categorie,Bebe & Enfant,0.19210032846920505,0.8324347566998885,1.2095443759539093,0.01967743053067691,42
6,Hurdle_zero_positif,units_sold_window_7j,categorie,Electronique & High-Tech,0.1338546888293858,0.7330137721609222,1.0495849738739893,0.023739997002863614,42
6,Hurdle_zero_positif,units_sold_window_7j,categorie,Maison & Cuisine,0.2422860239274951,0.5375721155891298,0.9521939845784505,0.12008264253599306,32
6,Hurdle_zero_positif,units_sold_window_7j,categorie,Mode & Vetements,0.1942665926374222,1.131317215947341,1.8157520718296587,0.013820083425333628,34
6,Hurdle_zero_positif,units_sold_window_7j,categorie,Sport & Loisirs,0.2157462426667189,0.596897938044589,0.8964906838123089,0.09137369424098875,30
6,Hurdle_zero_positif,units_sold_window_7j,categorie,Telephonie & Accessoires,0.11423910102996349,0.504323836254229,0.9519872432052618,0.045678412195177716,41
6,Hurdle_zero_positif,units_sold_window_7j,classe_abc,A,0.10151677079273244,1.0602862727240945,1.2927187846260475,0.01979484585563748,36
6,Hurdle_zero_positif,units_sold_window_7j,classe_abc,B,0.15692508663272592,1.308755222516934,1.689019304561327,-0.013307299791210597,50
6,Hurdle_zero_positif,units_sold_window_7j,classe_abc,C,0.23169919776548584,0.46772922165742936,0.9228222086037915,0.10980848286662662,214
6,Hurdle_zero_positif,units_sold_window_7j,treatment_group,controle_0pct,0.15723950858251218,0.5399935755267853,0.992299337994142,0.05930440587152504,76
6,Hurdle_zero_positif,units_sold_window_7j,treatment_group,traitement_10pct,0.1477763577425965,0.6390847678998005,0.955275187408941,-0.01410526351396269,77
6,Hurdle_zero_positif,units_sold_window_7j,treatment_group,traitement_15pct,0.1898063835100295,0.8684292067445185,1.3662155420223487,0.008381351953776463,73
6,Hurdle_zero_positif,units_sold_window_7j,treatment_group,traitement_5pct,0.1685446108347939,0.6764560732153215,1.1836960419291742,0.12037109054642349,74
6,S_learner,units_sold_window_7j,categorie,Alimentation & Epicerie,0.12530607554775783,0.5043569540797253,0.9534480043979914,0.06660168907019172,40
6,S_learner,units_sold_window_7j,categorie,Beaute & Soins,0.1822911199518784,0.55622162241727,0.9759393753212132,0.062032518862291844,39
6,S_learner,units_sold_window_7j,categorie,Bebe & Enfant,0.20926271701628918,0.9068051070705865,1.2847667847469548,0.0295496932766772,42
6,S_learner,units_sold_window_7j,categorie,Electronique & High-Tech,0.1530369788375706,0.8380596460152676,1.1989590215674624,0.02440702296846184,42
6,S_learner,units_sold_window_7j,categorie,Maison & Cuisine,0.2177475890557563,0.4831274632174593,0.8369149151446488,0.08364644077219233,32
6,S_learner,units_sold_window_7j,categorie,Mode & Vetements,0.21575941042456911,1.2564812724724908,2.071316113414695,0.028742554066852083,34
6,S_learner,units_sold_window_7j,categorie,Sport & Loisirs,0.22376117283901287,0.6190725781879356,0.9504205565252895,0.09762307735439582,30
6,S_learner,units_sold_window_7j,categorie,Telephonie & Accessoires,0.1177542605869843,0.5198419796644916,0.9542023678493251,0.04504542881408351,41
6,S_learner,units_sold_window_7j,classe_abc,A,0.11573526866959677,1.208790583882455,1.413787417487063,0.021830640964275023,36
6,S_learner,units_sold_window_7j,classe_abc,B,0.164697550698711,1.3735775728272497,1.7565905127853219,-0.009170449670332525,50
6,S_learner,units_sold_window_7j,classe_abc,C,0.2338473194556554,0.4720656168450614,0.9898734252231366,0.1217546728930617,214
6,S_learner,units_sold_window_7j,treatment_group,controle_0pct,0.16638514924768041,0.5714016309690078,1.0212402495630029,0.05860286597616748,76
6,S_learner,units_sold_window_7j,treatment_group,traitement_10pct,0.15752304195322264,0.6812360126028979,0.9952342695889669,0.00830955060499598,77
6,S_learner,units_sold_window_7j,treatment_group,traitement_15pct,0.1868000066569575,0.8546740030606,1.4015202737723027,-0.0012126122264907307,73
6,S_learner,units_sold_window_7j,treatment_group,traitement_5pct,0.18499825763798813,0.7424930070065199,1.3606603794138892,0.13240688987288193,74
6,T_learner,units_sold_window_7j,categorie,Alimentation & Epicerie,0.14820682455696083,0.5965324688417672,1.2571301785344775,0.07376294624503935,40
6,T_learner,units_sold_window_7j,categorie,Beaute & Soins,0.17219712849832444,0.5254220074692464,0.90476130624968,0.044070190688140595,39
6,T_learner,units_sold_window_7j,categorie,Bebe & Enfant,0.1705512229846489,0.7390552996001452,1.1130667397567178,-0.0027236090251316365,42
6,T_learner,units_sold_window_7j,categorie,Electronique & High-Tech,0.1348675895846292,0.7385606096301122,1.0583350183968399,0.01705303213959903,42
6,T_learner,units_sold_window_7j,categorie,Maison & Cuisine,0.1739859533346726,0.3860313339613048,0.6284718995810519,0.052451916566964955,32
6,T_learner,units_sold_window_7j,categorie,Mode & Vetements,0.180103410734911,1.0488375095738935,1.7775684921588664,-0.013927109899904328,34
6,T_learner,units_sold_window_7j,categorie,Sport & Loisirs,0.1813497837280665,0.5017344016476507,0.7555788333258506,0.034762847173285844,30
6,T_learner,units_sold_window_7j,categorie,Telephonie & Accessoires,0.1321678587277727,0.58347274218846,0.9996015830074927,0.04724321150772456,41
6,T_learner,units_sold_window_7j,classe_abc,A,0.1078278648386222,1.126202143870054,1.2975045599153858,0.019106345763887735,36
6,T_learner,units_sold_window_7j,classe_abc,B,0.14296742924952682,1.1923483599410536,1.6817176542135663,-0.03183294775688112,50
6,T_learner,units_sold_window_7j,classe_abc,C,0.21583292256411576,0.4357001053630748,0.8922498331942831,0.09037013126996724,214
6,T_learner,units_sold_window_7j,treatment_group,controle_0pct,0.14027172728171391,0.48172264237535967,0.8277644450167003,0.026244425592966143,76
6,T_learner,units_sold_window_7j,treatment_group,traitement_10pct,0.14305326630929582,0.6186589309220196,0.9343582826128299,-0.03504102279323302,77
6,T_learner,units_sold_window_7j,treatment_group,traitement_15pct,0.17492030970610153,0.8003203211210673,1.3450688251227938,-0.010703178861481337,73
6,T_learner,units_sold_window_7j,treatment_group,traitement_5pct,0.17080631575997263,0.6855334564961064,1.2787917413927656,0.13920293182271182,74
6,Ensemble_contraint,units_sold_window_7j,categorie,Alimentation & Epicerie,0.13731714701618425,0.5527015167401416,1.0209479635920493,0.06151490017042046,40
6,Ensemble_contraint,units_sold_window_7j,categorie,Beaute & Soins,0.17591311768263926,0.5367605385701044,0.9364131057827911,0.05191703625381179,39
6,Ensemble_contraint,units_sold_window_7j,categorie,Bebe & Enfant,0.1874839791340938,0.8124305762477397,1.1894555002283866,0.015505667837666786,42
6,Ensemble_contraint,units_sold_window_7j,categorie,Electronique & High-Tech,0.13566413498120902,0.7429226439447161,1.071908170857287,0.021699812070423635,42
6,Ensemble_contraint,units_sold_window_7j,categorie,Maison & Cuisine,0.21012013699030782,0.46620405394724546,0.7651971716396379,0.08766262954491053,32
6,Ensemble_contraint,units_sold_window_7j,categorie,Mode & Vetements,0.1966245266310001,1.145048713909942,1.871425275672256,0.007835000970898271,34
6,Ensemble_contraint,units_sold_window_7j,categorie,Sport & Loisirs,0.20130236032376841,0.5569365302290926,0.8281175777738622,0.07405742701726659,30
6,Ensemble_contraint,units_sold_window_7j,categorie,Telephonie & Accessoires,0.12162273943148383,0.5369198984658189,0.9550677661511934,0.04704719611306382,41
6,Ensemble_contraint,units_sold_window_7j,classe_abc,A,0.10435524841031864,1.0899325945077725,1.2855099711748006,0.02126251260824049,36
6,Ensemble_contraint,units_sold_window_7j,classe_abc,B,0.1540741144173951,1.284978114241075,1.6971486207973772,-0.019950451818804248,50
6,Ensemble_contraint,units_sold_window_7j,classe_abc,C,0.22558350821946885,0.45538353061126424,0.9064876130272169,0.10800308810384542,214
6,Ensemble_contraint,units_sold_window_7j,treatment_group,controle_0pct,0.15239337913446088,0.5233509467643985,0.9280067908743719,0.04792019635864433,76
6,Ensemble_contraint,units_sold_window_7j,treatment_group,traitement_10pct,0.1447526569837431,0.6260082438387851,0.9127141234820602,-0.013235691764034262,77
6,Ensemble_contraint,units_sold_window_7j,treatment_group,traitement_15pct,0.18502200309314765,0.84653902785084,1.3663329480838158,-0.0013489345557311104,73
6,Ensemble_contraint,units_sold_window_7j,treatment_group,traitement_5pct,0.17226901987323923,0.6914040392209737,1.2383414979674996,0.13024767219713704,74
